Time,Displacement,Force
(s),(mm),(kN)
"0.0000","0.0000","0.0000"
"0.1000","0.0005","0.0000"
"0.2000","0.0023","0.0000"
"0.3000","0.0077","0.0000"
"0.4000","0.0147","0.0000"
"0.5000","0.0246","0.0000"
"0.6000","0.0316","0.0000"
"0.7000","0.0397","0.0000"
"0.8000","0.0484","0.0000"
"0.9000","0.0572","0.0000"
"1.0000","0.0660","0.0000"
"1.1000","0.0756","0.0000"
"1.2000","0.0822","0.0000"
"1.3000","0.0900","0.0000"
"1.4000","0.0987","0.0000"
"1.5000","0.1079","0.0000"
"1.6000","0.1163","0.0000"
"1.7000","0.1255","0.0001"
"1.8000","0.1327","0.0001"
"1.9000","0.1402","0.0001"
"2.0000","0.1490","0.0000"
"2.1000","0.1579","0.0001"
"2.2000","0.1664","0.0001"
"2.3000","0.1746","0.0001"
"2.4000","0.1829","0.0001"
"2.5000","0.1903","0.0001"
"2.6000","0.1995","0.0001"
"2.7000","0.2082","0.0001"
"2.8000","0.2163","0.0001"
"2.9000","0.2247","0.0001"
"3.0000","0.2341","0.0001"
"3.1000","0.2410","0.0001"
"3.2000","0.2493","0.0001"
"3.3000","0.2572","0.0001"
"3.4000","0.2657","0.0001"
"3.5000","0.2742","0.0001"
"3.6000","0.2835","0.0001"
"3.7000","0.2903","0.0001"
"3.8000","0.2983","0.0001"
"3.9000","0.3071","0.0001"
"4.0000","0.3166","0.0001"
"4.1000","0.3250","0.0001"
"4.2000","0.3344","0.0001"
"4.3000","0.3415","0.0001"
"4.4000","0.3490","0.0001"
"4.5000","0.3575","0.0001"
"4.6000","0.3660","0.0001"
"4.7000","0.3744","0.0001"
"4.8000","0.3832","0.0001"
"4.9000","0.3915","0.0001"
"5.0000","0.3986","0.0002"
"5.1000","0.4073","0.0001"
"5.2000","0.4158","0.0002"
"5.3000","0.4243","0.0002"
"5.4000","0.4327","0.0002"
"5.5000","0.4421","0.0002"
"5.6000","0.4491","0.0002"
"5.7000","0.4574","0.0002"
"5.8000","0.4654","0.0002"
"5.9000","0.4745","0.0002"
"6.0000","0.4832","0.0002"
"6.1000","0.4928","0.0002"
"6.2000","0.4994","0.0002"
"6.3000","0.5072","0.0002"
"6.4000","0.5156","0.0002"
"6.5000","0.5246","0.0002"
"6.6000","0.5331","0.0002"
"6.7000","0.5422","0.0002"
"6.8000","0.5494","0.0002"
"6.9000","0.5566","0.0002"
"7.0000","0.5656","0.0002"
"7.1000","0.5746","0.0002"
"7.2000","0.5832","0.0002"
"7.3000","0.5919","0.0002"
"7.4000","0.5999","0.0002"
"7.5000","0.6069","0.0002"
"7.6000","0.6159","0.0002"
"7.7000","0.6246","0.0002"
"7.8000","0.6330","0.0002"
"7.9000","0.6412","0.0002"
"8.0000","0.6505","0.0003"
"8.1000","0.6573","0.0002"
"8.2000","0.6658","0.0002"
"8.3000","0.6739","0.0002"
"8.4000","0.6827","0.0003"
"8.5000","0.6914","0.0003"
"8.6000","0.7007","0.0003"
"8.7000","0.7073","0.0003"
"8.8000","0.7149","0.0003"
"8.9000","0.7233","0.0003"
"9.0000","0.7324","0.0003"
"9.1000","0.7410","0.0003"
"9.2000","0.7504","0.0003"
"9.3000","0.7578","0.0003"
"9.4000","0.7651","0.0003"
"9.5000","0.7739","0.0003"
"9.6000","0.7832","0.0003"
"9.7000","0.7917","0.0003"
"9.8000","0.8001","0.0003"
"9.9000","0.8082","0.0003"
"10.0000","0.8151","0.0003"
"10.1000","0.8241","0.0003"
"10.2000","0.8329","0.0003"
"10.3000","0.8414","0.0003"
"10.4000","0.8498","0.0003"
"10.5000","0.8592","0.0003"
"10.6000","0.8657","0.0003"
"10.7000","0.8740","0.0003"
"10.8000","0.8822","0.0003"
"10.9000","0.8910","0.0003"
"11.0000","0.8998","0.0003"
"11.1000","0.9092","0.0003"
"11.2000","0.9159","0.0003"
"11.3000","0.9235","0.0003"
"11.4000","0.9318","0.0003"
"11.5000","0.9411","0.0003"
"11.6000","0.9497","0.0003"
"11.7000","0.9591","0.0003"
"11.8000","0.9662","0.0003"
"11.9000","0.9737","0.0004"
"12.0000","0.9825","0.0003"
"12.1000","0.9916","0.0004"
"12.2000","1.0000","0.0004"
"12.3000","1.0084","0.0004"
"12.4000","1.0163","0.0004"
"12.5000","1.0231","0.0003"
"12.6000","1.0317","0.0004"
"12.7000","1.0404","0.0004"
"12.8000","1.0491","0.0004"
"12.9000","1.0578","0.0004"
"13.0000","1.0677","0.0004"
"13.1000","1.0745","0.0004"
"13.2000","1.0829","0.0004"
"13.3000","1.0908","0.0004"
"13.4000","1.0992","0.0004"
"13.5000","1.1075","0.0004"
"13.6000","1.1171","0.0004"
"13.7000","1.1241","0.0004"
"13.8000","1.1318","0.0004"
"13.9000","1.1404","0.0004"
"14.0000","1.1492","0.0004"
"14.1000","1.1578","0.0004"
"14.2000","1.1675","0.0004"
"14.3000","1.1749","0.0004"
"14.4000","1.1823","0.0004"
"14.5000","1.1908","0.0004"
"14.6000","1.1996","0.0004"
"14.7000","1.2082","0.0004"
"14.8000","1.2166","0.0004"
"14.9000","1.2247","0.0004"
"15.0000","1.2318","0.0004"
"15.1000","1.2408","0.0004"
"15.2000","1.2493","0.0004"
"15.3000","1.2575","0.0005"
"15.4000","1.2659","0.0005"
"15.5000","1.2757","0.0005"
"15.6000","1.2828","0.0005"
"15.7000","1.2913","0.0005"
"15.8000","1.2994","0.0005"
"15.9000","1.3082","0.0005"
"16.0000","1.3166","0.0005"
"16.1000","1.3261","0.0005"
"16.2000","1.3326","0.0005"
"16.3000","1.3400","0.0005"
"16.4000","1.3483","0.0005"
"16.5000","1.3568","0.0005"
"16.6000","1.3650","0.0005"
"16.7000","1.3746","0.0005"
"16.8000","1.3825","0.0005"
"16.9000","1.3902","0.0005"
"17.0000","1.3994","0.0005"
"17.1000","1.4085","0.0005"
"17.2000","1.4169","0.0005"
"17.3000","1.4255","0.0005"
"17.4000","1.4333","0.0005"
"17.5000","1.4404","0.0005"
"17.6000","1.4491","0.0005"
"17.7000","1.4577","0.0005"
"17.8000","1.4659","0.0005"
"17.9000","1.4745","0.0005"
"18.0000","1.4840","0.0005"
"18.1000","1.4907","0.0005"
"18.2000","1.4995","0.0005"
"18.3000","1.5077","0.0005"
"18.4000","1.5163","0.0005"
"18.5000","1.5244","0.0005"
"18.6000","1.5335","0.0005"
"18.7000","1.5405","0.0005"
"18.8000","1.5482","0.0005"
"18.9000","1.5569","0.0006"
"19.0000","1.5662","0.0006"
"19.1000","1.5748","0.0006"
"19.2000","1.5839","0.0006"
"19.3000","1.5913","0.0006"
"19.4000","1.5990","0.0006"
"19.5000","1.6077","0.0006"
"19.6000","1.6166","0.0006"
"19.7000","1.6249","0.0006"
"19.8000","1.6333","0.0006"
"19.9000","1.6413","0.0006"
"20.0000","1.6481","0.0006"
"20.1000","1.6566","0.0006"
"20.2000","1.6654","0.0006"
"20.3000","1.6741","0.0006"
"20.4000","1.6830","0.0006"
"20.5000","1.6929","0.0006"
"20.6000","1.6996","0.0006"
"20.7000","1.7077","0.0006"
"20.8000","1.7155","0.0006"
"20.9000","1.7244","0.0006"
"21.0000","1.7328","0.0006"
"21.1000","1.7424","0.0006"
"21.2000","1.7492","0.0006"
"21.3000","1.7569","0.0006"
"21.4000","1.7657","0.0006"
"21.5000","1.7745","0.0006"
"21.6000","1.7828","0.0006"
"21.7000","1.7924","0.0006"
"21.8000","1.7999","0.0006"
"21.9000","1.8073","0.0006"
"22.0000","1.8159","0.0006"
"22.1000","1.8247","0.0006"
"22.2000","1.8333","0.0006"
"22.3000","1.8416","0.0006"
"22.4000","1.8495","0.0006"
"22.5000","1.8564","0.0006"
"22.6000","1.8652","0.0007"
"22.7000","1.8742","0.0007"
"22.8000","1.8828","0.0007"
"22.9000","1.8916","0.0007"
"23.0000","1.9013","0.0007"
"23.1000","1.9081","0.0007"
"23.2000","1.9163","0.0007"
"23.3000","1.9243","0.0007"
"23.4000","1.9329","0.0007"
"23.5000","1.9408","0.0007"
"23.6000","1.9498","0.0007"
"23.7000","1.9565","0.0007"
"23.8000","1.9642","0.0007"
"23.9000","1.9733","0.0007"
"24.0000","1.9827","0.0007"
"24.1000","1.9913","0.0007"
"24.2000","2.0008","0.0007"
"24.3000","2.0082","0.0007"
"24.4000","2.0156","0.0007"
"24.5000","2.0243","0.0007"
"24.6000","2.0332","0.0007"
"24.7000","2.0413","0.0007"
"24.8000","2.0495","0.0007"
"24.9000","2.0578","0.0007"
"25.0000","2.0650","0.0007"
"25.1000","2.0743","0.0007"
"25.2000","2.0830","0.0007"
"25.3000","2.0912","0.0007"
"25.4000","2.0993","0.0007"
"25.5000","2.1090","0.0007"
"25.6000","2.1161","0.0007"
"25.7000","2.1247","0.0007"
"25.8000","2.1326","0.0007"
"25.9000","2.1410","0.0007"
"26.0000","2.1493","0.0007"
"26.1000","2.1589","0.0008"
"26.2000","2.1658","0.0008"
"26.3000","2.1732","0.0008"
"26.4000","2.1817","0.0008"
"26.5000","2.1910","0.0008"
"26.6000","2.1999","0.0008"
"26.7000","2.2097","0.0008"
"26.8000","2.2166","0.0008"
"26.9000","2.2237","0.0008"
"27.0000","2.2321","0.0008"
"27.1000","2.2408","0.0008"
"27.2000","2.2493","0.0008"
"27.3000","2.2580","0.0008"
"27.4000","2.2666","0.0008"
"27.5000","2.2734","0.0008"
"27.6000","2.2821","0.0008"
"27.7000","2.2909","0.0008"
"27.8000","2.2996","0.0008"
"27.9000","2.3081","0.0008"
"28.0000","2.3176","0.0008"
"28.1000","2.3243","0.0008"
"28.2000","2.3324","0.0008"
"28.3000","2.3406","0.0008"
"28.4000","2.3491","0.0008"
"28.5000","2.3575","0.0008"
"28.6000","2.3670","0.0008"
"28.7000","2.3742","0.0008"
"28.8000","2.3819","0.0008"
"28.9000","2.3906","0.0008"
"29.0000","2.3996","0.0008"
"29.1000","2.4081","0.0008"
"29.2000","2.4179","0.0008"
"29.3000","2.4249","0.0008"
"29.4000","2.4321","0.0008"
"29.5000","2.4406","0.0008"
"29.6000","2.4492","0.0008"
"29.7000","2.4579","0.0008"
"29.8000","2.4666","0.0008"
"29.9000","2.4746","0.0008"
"30.0000","2.4815","0.0009"
"30.1000","2.4906","0.0009"
"30.2000","2.4997","0.0009"
"30.3000","2.5080","0.0009"
"30.4000","2.5164","0.0009"
"30.5000","2.5260","0.0009"
"30.6000","2.5327","0.0009"
"30.7000","2.5409","0.0009"
"30.8000","2.5488","0.0009"
"30.9000","2.5573","0.0009"
"31.0000","2.5660","0.0009"
"31.1000","2.5757","0.0009"
"31.2000","2.5825","0.0009"
"31.3000","2.5902","0.0009"
"31.4000","2.5988","0.0009"
"31.5000","2.6079","0.0009"
"31.6000","2.6162","0.0009"
"31.7000","2.6255","0.0009"
"31.8000","2.6328","0.0009"
"31.9000","2.6400","0.0009"
"32.0000","2.6490","0.0009"
"32.1000","2.6579","0.0009"
"32.2000","2.6667","0.0009"
"32.3000","2.6752","0.0009"
"32.4000","2.6831","0.0009"
"32.5000","2.6901","0.0009"
"32.6000","2.6992","0.0009"
"32.7000","2.7081","0.0009"
"32.8000","2.7162","0.0009"
"32.9000","2.7247","0.0009"
"33.0000","2.7345","0.0009"
"33.1000","2.7413","0.0009"
"33.2000","2.7495","0.0009"
"33.3000","2.7573","0.0009"
"33.4000","2.7661","0.0009"
"33.5000","2.7745","0.0009"
"33.6000","2.7836","0.0009"
"33.7000","2.7902","0.0010"
"33.8000","2.7977","0.0010"
"33.9000","2.8062","0.0010"
"34.0000","2.8158","0.0010"
"34.1000","2.8248","0.0010"
"34.2000","2.8347","0.0010"
"34.3000","2.8418","0.0010"
"34.4000","2.8490","0.0010"
"34.5000","2.8575","0.0010"
"34.6000","2.8662","0.0010"
"34.7000","2.8749","0.0010"
"34.8000","2.8834","0.0010"
"34.9000","2.8914","0.0010"
"35.0000","2.8982","0.0010"
"35.1000","2.9070","0.0010"
"35.2000","2.9160","0.0010"
"35.3000","2.9245","0.0010"
"35.4000","2.9328","0.0010"
"35.5000","2.9420","0.0010"
"35.6000","2.9490","0.0010"
"35.7000","2.9575","0.0010"
"35.8000","2.9657","0.0010"
"35.9000","2.9743","0.0010"
"36.0000","2.9829","0.0010"
"36.1000","2.9927","0.0010"
"36.2000","2.9995","0.0010"
"36.3000","3.0073","0.0010"
"36.4000","3.0154","0.0010"
"36.5000","3.0243","0.0010"
"36.6000","3.0330","0.0010"
"36.7000","3.0427","0.0010"
"36.8000","3.0498","0.0010"
"36.9000","3.0568","0.0010"
"37.0000","3.0656","0.0010"
"37.1000","3.0741","0.0010"
"37.2000","3.0829","0.0010"
"37.3000","3.0918","0.0010"
"37.4000","3.0997","0.0010"
"37.5000","3.1071","0.0011"
"37.6000","3.1158","0.0011"
"37.7000","3.1246","0.0011"
"37.8000","3.1330","0.0011"
"37.9000","3.1412","0.0011"
"38.0000","3.1506","0.0011"
"38.1000","3.1574","0.0011"
"38.2000","3.1657","0.0011"
"38.3000","3.1741","0.0011"
"38.4000","3.1830","0.0011"
"38.5000","3.1914","0.0011"
"38.6000","3.2006","0.0011"
"38.7000","3.2071","0.0011"
"38.8000","3.2148","0.0011"
"38.9000","3.2234","0.0011"
"39.0000","3.2324","0.0011"
"39.1000","3.2408","0.0011"
"39.2000","3.2503","0.0011"
"39.3000","3.2581","0.0011"
"39.4000","3.2654","0.0011"
"39.5000","3.2742","0.0011"
"39.6000","3.2830","0.0011"
"39.7000","3.2914","0.0011"
"39.8000","3.3001","0.0011"
"39.9000","3.3082","0.0011"
"40.0000","3.3151","0.0011"
"40.1000","3.3241","0.0011"
"40.2000","3.3329","0.0011"
"40.3000","3.3411","0.0011"
"40.4000","3.3496","0.0011"
"40.5000","3.3591","0.0011"
"40.6000","3.3658","0.0011"
"40.7000","3.3740","0.0011"
"40.8000","3.3823","0.0011"
"40.9000","3.3912","0.0011"
"41.0000","3.3994","0.0011"
"41.1000","3.4088","0.0011"
"41.2000","3.4157","0.0012"
"41.3000","3.4238","0.0012"
"41.4000","3.4325","0.0012"
"41.5000","3.4414","0.0012"
"41.6000","3.4496","0.0012"
"41.7000","3.4586","0.0012"
"41.8000","3.4660","0.0012"
"41.9000","3.4733","0.0012"
"42.0000","3.4822","0.0012"
"42.1000","3.4917","0.0012"
"42.2000","3.5002","0.0012"
"42.3000","3.5087","0.0012"
"42.4000","3.5165","0.0012"
"42.5000","3.5232","0.0012"
"42.6000","3.5318","0.0012"
"42.7000","3.5403","0.0012"
"42.8000","3.5489","0.0012"
"42.9000","3.5577","0.0012"
"43.0000","3.5677","0.0012"
"43.1000","3.5745","0.0012"
"43.2000","3.5828","0.0012"
"43.3000","3.5909","0.0012"
"43.4000","3.5995","0.0012"
"43.5000","3.6078","0.0012"
"43.6000","3.6170","0.0012"
"43.7000","3.6236","0.0012"
"43.8000","3.6317","0.0012"
"43.9000","3.6404","0.0012"
"44.0000","3.6496","0.0012"
"44.1000","3.6580","0.0012"
"44.2000","3.6672","0.0012"
"44.3000","3.6746","0.0012"
"44.4000","3.6819","0.0012"
"44.5000","3.6908","0.0012"
"44.6000","3.6998","0.0012"
"44.7000","3.7083","0.0012"
"44.8000","3.7171","0.0012"
"44.9000","3.7249","0.0012"
"45.0000","3.7318","0.0012"
"45.1000","3.7405","0.0013"
"45.2000","3.7491","0.0013"
"45.3000","3.7576","0.0013"
"45.4000","3.7659","0.0013"
"45.5000","3.7756","0.0013"
"45.6000","3.7825","0.0013"
"45.7000","3.7908","0.0013"
"45.8000","3.7993","0.0013"
"45.9000","3.8082","0.0013"
"46.0000","3.8168","0.0013"
"46.1000","3.8262","0.0013"
"46.2000","3.8322","0.0013"
"46.3000","3.8397","0.0013"
"46.4000","3.8480","0.0013"
"46.5000","3.8571","0.0013"
"46.6000","3.8659","0.0013"
"46.7000","3.8754","0.0013"
"46.8000","3.8832","0.0013"
"46.9000","3.8907","0.0013"
"47.0000","3.8995","0.0013"
"47.1000","3.9079","0.0013"
"47.2000","3.9164","0.0013"
"47.3000","3.9251","0.0013"
"47.4000","3.9332","0.0013"
"47.5000","3.9404","0.0013"
"47.6000","3.9490","0.0013"
"47.7000","3.9575","0.0013"
"47.8000","3.9661","0.0013"
"47.9000","3.9745","0.0013"
"48.0000","3.9841","0.0013"
"48.1000","3.9909","0.0013"
"48.2000","3.9994","0.0013"
"48.3000","4.0078","0.0013"
"48.4000","4.0164","0.0013"
"48.5000","4.0248","0.0013"
"48.6000","4.0336","0.0013"
"48.7000","4.0401","0.0013"
"48.8000","4.0480","0.0014"
"48.9000","4.0566","0.0013"
"49.0000","4.0661","0.0014"
"49.1000","4.0748","0.0014"
"49.2000","4.0842","0.0014"
"49.3000","4.0916","0.0014"
"49.4000","4.0991","0.0014"
"49.5000","4.1077","0.0014"
"49.6000","4.1164","0.0014"
"49.7000","4.1248","0.0014"
"49.8000","4.1335","0.0014"
"49.9000","4.1412","0.0014"
"50.0000","4.1482","0.0014"
"50.1000","4.1569","0.0014"
"50.2000","4.1655","0.0014"
"50.3000","4.1744","0.0014"
"50.4000","4.1833","0.0014"
"50.5000","4.1929","0.0014"
"50.6000","4.1994","0.0014"
"50.7000","4.2077","0.0014"
"50.8000","4.2160","0.0014"
"50.9000","4.2246","0.0014"
"51.0000","4.2326","0.0014"
"51.1000","4.2415","0.0014"
"51.2000","4.2485","0.0014"
"51.3000","4.2566","0.0014"
"51.4000","4.2655","0.0014"
"51.5000","4.2747","0.0014"
"51.6000","4.2832","0.0014"
"51.7000","4.2928","0.0014"
"51.8000","4.3000","0.0014"
"51.9000","4.3073","0.0014"
"52.0000","4.3157","0.0014"
"52.1000","4.3245","0.0014"
"52.2000","4.3329","0.0014"
"52.3000","4.3420","0.0014"
"52.4000","4.3500","0.0014"
"52.5000","4.3567","0.0014"
"52.6000","4.3649","0.0014"
"52.7000","4.3736","0.0014"
"52.8000","4.3831","0.0015"
"52.9000","4.3920","0.0015"
"53.0000","4.4013","0.0014"
"53.1000","4.4079","0.0014"
"53.2000","4.4161","0.0015"
"53.3000","4.4244","0.0015"
"53.4000","4.4329","0.0015"
"53.5000","4.4408","0.0015"
"53.6000","4.4499","0.0015"
"53.7000","4.4569","0.0015"
"53.8000","4.4649","0.0015"
"53.9000","4.4736","0.0015"
"54.0000","4.4824","0.0015"
"54.1000","4.4910","0.0015"
"54.2000","4.5007","0.0015"
"54.3000","4.5082","0.0015"
"54.4000","4.5157","0.0015"
"54.5000","4.5242","0.0015"
"54.6000","4.5327","0.0015"
"54.7000","4.5411","0.0015"
"54.8000","4.5501","0.0015"
"54.9000","4.5582","0.0015"
"55.0000","4.5652","0.0015"
"55.1000","4.5739","0.0015"
"55.2000","4.5826","0.0015"
"55.3000","4.5912","0.0015"
"55.4000","4.5998","0.0015"
"55.5000","4.6093","0.0015"
"55.6000","4.6158","0.0015"
"55.7000","4.6241","0.0015"
"55.8000","4.6323","0.0015"
"55.9000","4.6411","0.0015"
"56.0000","4.6497","0.0015"
"56.1000","4.6590","0.0015"
"56.2000","4.6656","0.0015"
"56.3000","4.6733","0.0015"
"56.4000","4.6820","0.0015"
"56.5000","4.6912","0.0015"
"56.6000","4.6998","0.0016"
"56.7000","4.7091","0.0015"
"56.8000","4.7165","0.0016"
"56.9000","4.7237","0.0015"
"57.0000","4.7321","0.0016"
"57.1000","4.7409","0.0015"
"57.2000","4.7495","0.0016"
"57.3000","4.7581","0.0016"
"57.4000","4.7663","0.0016"
"57.5000","4.7731","0.0016"
"57.6000","4.7818","0.0016"
"57.7000","4.7909","0.0016"
"57.8000","4.7997","0.0016"
"57.9000","4.8083","0.0016"
"58.0000","4.8177","0.0016"
"58.1000","4.8242","0.0016"
"58.2000","4.8323","0.0016"
"58.3000","4.8405","0.0016"
"58.4000","4.8494","0.0016"
"58.5000","4.8580","0.0016"
"58.6000","4.8673","0.0016"
"58.7000","4.8741","0.0016"
"58.8000","4.8818","0.0016"
"58.9000","4.8903","0.0016"
"59.0000","4.8993","0.0016"
"59.1000","4.9080","0.0016"
"59.2000","4.9175","0.0016"
"59.3000","4.9247","0.0016"
"59.4000","4.9319","0.0016"
"59.5000","4.9405","0.0016"
"59.6000","4.9494","0.0016"
"59.7000","4.9579","0.0016"
"59.8000","4.9667","0.0016"
"59.9000","4.9747","0.0016"
"60.0000","4.9817","0.0016"
"60.1000","4.9908","0.0016"
"60.2000","4.9995","0.0016"
"60.3000","5.0081","0.0016"
"60.4000","5.0164","0.0016"
"60.5000","5.0258","0.0016"
"60.6000","5.0322","0.0016"
"60.7000","5.0407","0.0016"
"60.8000","5.0489","0.0016"
"60.9000","5.0577","0.0017"
"61.0000","5.0661","0.0017"
"61.1000","5.0758","0.0016"
"61.2000","5.0823","0.0017"
"61.3000","5.0900","0.0016"
"61.4000","5.0987","0.0016"
"61.5000","5.1077","0.0017"
"61.6000","5.1160","0.0017"
"61.7000","5.1255","0.0017"
"61.8000","5.1331","0.0017"
"61.9000","5.1407","0.0017"
"62.0000","5.1489","0.0017"
"62.1000","5.1575","0.0017"
"62.2000","5.1662","0.0017"
"62.3000","5.1752","0.0017"
"62.4000","5.1834","0.0017"
"62.5000","5.1903","0.0017"
"62.6000","5.1989","0.0017"
"62.7000","5.2078","0.0017"
"62.8000","5.2163","0.0017"
"62.9000","5.2248","0.0017"
"63.0000","5.2343","0.0017"
"63.1000","5.2407","0.0017"
"63.2000","5.2493","0.0017"
"63.3000","5.2575","0.0017"
"63.4000","5.2661","0.0017"
"63.5000","5.2742","0.0017"
"63.6000","5.2835","0.0017"
"63.7000","5.2905","0.0017"
"63.8000","5.2984","0.0017"
"63.9000","5.3073","0.0017"
"64.0000","5.3163","0.0017"
"64.1000","5.3248","0.0017"
"64.2000","5.3341","0.0017"
"64.3000","5.3415","0.0017"
"64.4000","5.3488","0.0017"
"64.5000","5.3573","0.0017"
"64.6000","5.3661","0.0017"
"64.7000","5.3748","0.0017"
"64.8000","5.3835","0.0017"
"64.9000","5.3914","0.0017"
"65.0000","5.3980","0.0017"
"65.1000","5.4068","0.0017"
"65.2000","5.4159","0.0017"
"65.3000","5.4245","0.0017"
"65.4000","5.4329","0.0018"
"65.5000","5.4421","0.0018"
"65.6000","5.4489","0.0018"
"65.7000","5.4574","0.0018"
"65.8000","5.4656","0.0018"
"65.9000","5.4745","0.0018"
"66.0000","5.4829","0.0018"
"66.1000","5.4926","0.0018"
"66.2000","5.4994","0.0018"
"66.3000","5.5075","0.0017"
"66.4000","5.5160","0.0018"
"66.5000","5.5244","0.0018"
"66.6000","5.5327","0.0018"
"66.7000","5.5423","0.0018"
"66.8000","5.5497","0.0018"
"66.9000","5.5569","0.0018"
"67.0000","5.5654","0.0018"
"67.1000","5.5745","0.0018"
"67.2000","5.5833","0.0018"
"67.3000","5.5922","0.0018"
"67.4000","5.6001","0.0018"
"67.5000","5.6071","0.0018"
"67.6000","5.6156","0.0018"
"67.7000","5.6243","0.0018"
"67.8000","5.6332","0.0018"
"67.9000","5.6415","0.0018"
"68.0000","5.6508","0.0018"
"68.1000","5.6575","0.0018"
"68.2000","5.6657","0.0018"
"68.3000","5.6738","0.0018"
"68.4000","5.6823","0.0018"
"68.5000","5.6906","0.0018"
"68.6000","5.7004","0.0018"
"68.7000","5.7077","0.0018"
"68.8000","5.7155","0.0018"
"68.9000","5.7237","0.0018"
"69.0000","5.7320","0.0018"
"69.1000","5.7406","0.0018"
"69.2000","5.7504","0.0018"
"69.3000","5.7580","0.0018"
"69.4000","5.7652","0.0018"
"69.5000","5.7739","0.0018"
"69.6000","5.7829","0.0018"
"69.7000","5.7919","0.0018"
"69.8000","5.8003","0.0019"
"69.9000","5.8083","0.0019"
"70.0000","5.8153","0.0019"
"70.1000","5.8241","0.0019"
"70.2000","5.8328","0.0019"
"70.3000","5.8414","0.0019"
"70.4000","5.8497","0.0019"
"70.5000","5.8589","0.0019"
"70.6000","5.8656","0.0019"
"70.7000","5.8740","0.0019"
"70.8000","5.8825","0.0019"
"70.9000","5.8914","0.0019"
"71.0000","5.8998","0.0019"
"71.1000","5.9089","0.0019"
"71.2000","5.9156","0.0019"
"71.3000","5.9236","0.0019"
"71.4000","5.9321","0.0019"
"71.5000","5.9414","0.0019"
"71.6000","5.9497","0.0019"
"71.7000","5.9586","0.0019"
"71.8000","5.9661","0.0019"
"71.9000","5.9734","0.0019"
"72.0000","5.9821","0.0019"
"72.1000","5.9912","0.0019"
"72.2000","6.0000","0.0019"
"72.3000","6.0089","0.0019"
"72.4000","6.0167","0.0019"
"72.5000","6.0233","0.0019"
"72.6000","6.0316","0.0019"
"72.7000","6.0405","0.0019"
"72.8000","6.0491","0.0019"
"72.9000","6.0576","0.0019"
"73.0000","6.0672","0.0019"
"73.1000","6.0741","0.0019"
"73.2000","6.0826","0.0019"
"73.3000","6.0911","0.0019"
"73.4000","6.1000","0.0019"
"73.5000","6.1080","0.0019"
"73.6000","6.1169","0.0019"
"73.7000","6.1238","0.0019"
"73.8000","6.1316","0.0019"
"73.9000","6.1404","0.0019"
"74.0000","6.1494","0.0019"
"74.1000","6.1577","0.0020"
"74.2000","6.1672","0.0020"
"74.3000","6.1747","0.0020"
"74.4000","6.1820","0.0020"
"74.5000","6.1907","0.0020"
"74.6000","6.1998","0.0020"
"74.7000","6.2085","0.0020"
"74.8000","6.2172","0.0020"
"74.9000","6.2248","0.0020"
"75.0000","6.2317","0.0020"
"75.1000","6.2403","0.0020"
"75.2000","6.2493","0.0020"
"75.3000","6.2576","0.0020"
"75.4000","6.2658","0.0020"
"75.5000","6.2755","0.0020"
"75.6000","6.2825","0.0020"
"75.7000","6.2911","0.0020"
"75.8000","6.2993","0.0020"
"75.9000","6.3080","0.0020"
"76.0000","6.3164","0.0020"
"76.1000","6.3258","0.0020"
"76.2000","6.3324","0.0020"
"76.3000","6.3402","0.0020"
"76.4000","6.3486","0.0020"
"76.5000","6.3571","0.0020"
"76.6000","6.3656","0.0020"
"76.7000","6.3755","0.0020"
"76.8000","6.3831","0.0020"
"76.9000","6.3905","0.0020"
"77.0000","6.3990","0.0020"
"77.1000","6.4077","0.0020"
"77.2000","6.4164","0.0020"
"77.3000","6.4253","0.0020"
"77.4000","6.4333","0.0020"
"77.5000","6.4403","0.0020"
"77.6000","6.4489","0.0020"
"77.7000","6.4575","0.0020"
"77.8000","6.4662","0.0020"
"77.9000","6.4747","0.0020"
"78.0000","6.4841","0.0021"
"78.1000","6.4908","0.0020"
"78.2000","6.4990","0.0021"
"78.3000","6.5074","0.0021"
"78.4000","6.5163","0.0020"
"78.5000","6.5249","0.0021"
"78.6000","6.5342","0.0021"
"78.7000","6.5408","0.0020"
"78.8000","6.5484","0.0021"
"78.9000","6.5566","0.0021"
"79.0000","6.5655","0.0021"
"79.1000","6.5743","0.0021"
"79.2000","6.5841","0.0021"
"79.3000","6.5917","0.0021"
"79.4000","6.5992","0.0021"
"79.5000","6.6077","0.0021"
"79.6000","6.6167","0.0021"
"79.7000","6.6250","0.0021"
"79.8000","6.6334","0.0021"
"79.9000","6.6413","0.0021"
"80.0000","6.6481","0.0021"
"80.1000","6.6567","0.0021"
"80.2000","6.6655","0.0021"
"80.3000","6.6741","0.0021"
"80.4000","6.6828","0.0021"
"80.5000","6.6924","0.0021"
"80.6000","6.6993","0.0021"
"80.7000","6.7077","0.0021"
"80.8000","6.7160","0.0021"
"80.9000","6.7247","0.0021"
"81.0000","6.7330","0.0021"
"81.1000","6.7423","0.0021"
"81.2000","6.7491","0.0021"
"81.3000","6.7568","0.0021"
"81.4000","6.7654","0.0021"
"81.5000","6.7745","0.0021"
"81.6000","6.7829","0.0021"
"81.7000","6.7923","0.0021"
"81.8000","6.7999","0.0021"
"81.9000","6.8074","0.0021"
"82.0000","6.8160","0.0021"
"82.1000","6.8246","0.0021"
"82.2000","6.8330","0.0021"
"82.3000","6.8414","0.0021"
"82.4000","6.8495","0.0021"
"82.5000","6.8565","0.0021"
"82.6000","6.8653","0.0021"
"82.7000","6.8741","0.0022"
"82.8000","6.8828","0.0021"
"82.9000","6.8910","0.0022"
"83.0000","6.9010","0.0022"
"83.1000","6.9079","0.0022"
"83.2000","6.9163","0.0022"
"83.3000","6.9242","0.0022"
"83.4000","6.9330","0.0022"
"83.5000","6.9416","0.0022"
"83.6000","6.9506","0.0022"
"83.7000","6.9569","0.0022"
"83.8000","6.9642","0.0022"
"83.9000","6.9728","0.0022"
"84.0000","6.9823","0.0022"
"84.1000","6.9911","0.0022"
"84.2000","7.0004","0.0022"
"84.3000","7.0080","0.0022"
"84.4000","7.0155","0.0022"
"84.5000","7.0244","0.0022"
"84.6000","7.0332","0.0022"
"84.7000","7.0417","0.0022"
"84.8000","7.0502","0.0022"
"84.9000","7.0582","0.0022"
"85.0000","7.0652","0.0022"
"85.1000","7.0740","0.0022"
"85.2000","7.0828","0.0022"
"85.3000","7.0914","0.0022"
"85.4000","7.0999","0.0022"
"85.5000","7.1092","0.0022"
"85.6000","7.1157","0.0022"
"85.7000","7.1235","0.0022"
"85.8000","7.1317","0.0022"
"85.9000","7.1408","0.0022"
"86.0000","7.1496","0.0022"
"86.1000","7.1589","0.0022"
"86.2000","7.1657","0.0022"
"86.3000","7.1736","0.0022"
"86.4000","7.1822","0.0022"
"86.5000","7.1915","0.0022"
"86.6000","7.1998","0.0022"
"86.7000","7.2090","0.0022"
"86.8000","7.2165","0.0022"
"86.9000","7.2237","0.0022"
"87.0000","7.2323","0.0022"
"87.1000","7.2409","0.0022"
"87.2000","7.2493","0.0022"
"87.3000","7.2579","0.0022"
"87.4000","7.2664","0.0022"
"87.5000","7.2735","0.0022"
"87.6000","7.2823","0.0022"
"87.7000","7.2907","0.0022"
"87.8000","7.2994","0.0022"
"87.9000","7.3082","0.0022"
"88.0000","7.3176","0.0022"
"88.1000","7.3244","0.0022"
"88.2000","7.3325","0.0022"
"88.3000","7.3405","0.0022"
"88.4000","7.3495","0.0023"
"88.5000","7.3582","0.0023"
"88.6000","7.3676","0.0023"
"88.7000","7.3740","0.0023"
"88.8000","7.3816","0.0023"
"88.9000","7.3902","0.0023"
"89.0000","7.3992","0.0023"
"89.1000","7.4079","0.0023"
"89.2000","7.4174","0.0023"
"89.3000","7.4249","0.0023"
"89.4000","7.4321","0.0023"
"89.5000","7.4407","0.0023"
"89.6000","7.4494","0.0023"
"89.7000","7.4579","0.0023"
"89.8000","7.4669","0.0023"
"89.9000","7.4747","0.0023"
"90.0000","7.4817","0.0023"
"90.1000","7.4904","0.0023"
"90.2000","7.4991","0.0023"
"90.3000","7.5079","0.0023"
"90.4000","7.5165","0.0023"
"90.5000","7.5260","0.0023"
"90.6000","7.5326","0.0023"
"90.7000","7.5410","0.0023"
"90.8000","7.5492","0.0023"
"90.9000","7.5577","0.0023"
"91.0000","7.5659","0.0023"
"91.1000","7.5755","0.0023"
"91.2000","7.5822","0.0023"
"91.3000","7.5899","0.0023"
"91.4000","7.5986","0.0023"
"91.5000","7.6078","0.0023"
"91.6000","7.6163","0.0023"
"91.7000","7.6257","0.0023"
"91.8000","7.6330","0.0023"
"91.9000","7.6403","0.0023"
"92.0000","7.6490","0.0023"
"92.1000","7.6578","0.0023"
"92.2000","7.6664","0.0023"
"92.3000","7.6749","0.0023"
"92.4000","7.6832","0.0023"
"92.5000","7.6904","0.0023"
"92.6000","7.6995","0.0023"
"92.7000","7.7082","0.0024"
"92.8000","7.7162","0.0023"
"92.9000","7.7243","0.0024"
"93.0000","7.7336","0.0024"
"93.1000","7.7408","0.0024"
"93.2000","7.7493","0.0024"
"93.3000","7.7574","0.0024"
"93.4000","7.7663","0.0024"
"93.5000","7.7749","0.0024"
"93.6000","7.7844","0.0024"
"93.7000","7.7909","0.0024"
"93.8000","7.7985","0.0024"
"93.9000","7.8067","0.0024"
"94.0000","7.8160","0.0024"
"94.1000","7.8246","0.0024"
"94.2000","7.8340","0.0024"
"94.3000","7.8414","0.0024"
"94.4000","7.8485","0.0024"
"94.5000","7.8570","0.0024"
"94.6000","7.8663","0.0024"
"94.7000","7.8749","0.0024"
"94.8000","7.8836","0.0024"
"94.9000","7.8916","0.0024"
"95.0000","7.8985","0.0024"
"95.1000","7.9073","0.0024"
"95.2000","7.9159","0.0024"
"95.3000","7.9243","0.0024"
"95.4000","7.9325","0.0024"
"95.5000","7.9422","0.0024"
"95.6000","7.9490","0.0024"
"95.7000","7.9572","0.0024"
"95.8000","7.9658","0.0024"
"95.9000","7.9747","0.0024"
"96.0000","7.9832","0.0024"
"96.1000","7.9925","0.0024"
"96.2000","7.9992","0.0024"
"96.3000","8.0071","0.0024"
"96.4000","8.0156","0.0024"
"96.5000","8.0247","0.0024"
"96.6000","8.0330","0.0024"
"96.7000","8.0424","0.0024"
"96.8000","8.0498","0.0024"
"96.9000","8.0570","0.0024"
"97.0000","8.0654","0.0025"
"97.1000","8.0742","0.0025"
"97.2000","8.0829","0.0025"
"97.3000","8.0919","0.0025"
"97.4000","8.1001","0.0025"
"97.5000","8.1068","0.0025"
"97.6000","8.1154","0.0025"
"97.7000","8.1244","0.0025"
"97.8000","8.1327","0.0025"
"97.9000","8.1412","0.0025"
"98.0000","8.1508","0.0025"
"98.1000","8.1576","0.0025"
"98.2000","8.1659","0.0025"
"98.3000","8.1738","0.0025"
"98.4000","8.1825","0.0025"
"98.5000","8.1912","0.0025"
"98.6000","8.2012","0.0025"
"98.7000","8.2077","0.0025"
"98.8000","8.2151","0.0025"
"98.9000","8.2233","0.0025"
"99.0000","8.2320","0.0025"
"99.1000","8.2407","0.0025"
"99.2000","8.2503","0.0025"
"99.3000","8.2579","0.0025"
"99.4000","8.2652","0.0025"
"99.5000","8.2739","0.0025"
"99.6000","8.2829","0.0025"
"99.7000","8.2915","0.0025"
"99.8000","8.3002","0.0025"
"99.9000","8.3085","0.0025"
"100.0000","8.3156","0.0025"
"100.1000","8.3241","0.0025"
"100.2000","8.3326","0.0025"
"100.3000","8.3408","0.0025"
"100.4000","8.3494","0.0025"
"100.5000","8.3592","0.0025"
"100.6000","8.3659","0.0025"
"100.7000","8.3742","0.0025"
"100.8000","8.3824","0.0025"
"100.9000","8.3912","0.0025"
"101.0000","8.3998","0.0025"
"101.1000","8.4092","0.0025"
"101.2000","8.4156","0.0025"
"101.3000","8.4233","0.0025"
"101.4000","8.4318","0.0026"
"101.5000","8.4409","0.0026"
"101.6000","8.4497","0.0025"
"101.7000","8.4590","0.0026"
"101.8000","8.4663","0.0026"
"101.9000","8.4737","0.0026"
"102.0000","8.4825","0.0026"
"102.1000","8.4915","0.0026"
"102.2000","8.5001","0.0026"
"102.3000","8.5085","0.0026"
"102.4000","8.5167","0.0026"
"102.5000","8.5239","0.0026"
"102.6000","8.5323","0.0026"
"102.7000","8.5405","0.0026"
"102.8000","8.5486","0.0026"
"102.9000","8.5566","0.0026"
"103.0000","8.5669","0.0026"
"103.1000","8.5739","0.0026"
"103.2000","8.5824","0.0026"
"103.3000","8.5908","0.0026"
"103.4000","8.5998","0.0026"
"103.5000","8.6087","0.0026"
"103.6000","8.6182","0.0026"
"103.7000","8.6245","0.0026"
"103.8000","8.6321","0.0026"
"103.9000","8.6403","0.0026"
"104.0000","8.6490","0.0026"
"104.1000","8.6575","0.0026"
"104.2000","8.6670","0.0026"
"104.3000","8.6743","0.0026"
"104.4000","8.6817","0.0026"
"104.5000","8.6907","0.0026"
"104.6000","8.6999","0.0026"
"104.7000","8.7087","0.0026"
"104.8000","8.7171","0.0026"
"104.9000","8.7248","0.0026"
"105.0000","8.7317","0.0026"
"105.1000","8.7406","0.0026"
"105.2000","8.7492","0.0026"
"105.3000","8.7576","0.0026"
"105.4000","8.7659","0.0026"
"105.5000","8.7757","0.0026"
"105.6000","8.7825","0.0026"
"105.7000","8.7909","0.0026"
"105.8000","8.7991","0.0026"
"105.9000","8.8079","0.0027"
"106.0000","8.8168","0.0027"
"106.1000","8.8263","0.0026"
"106.2000","8.8324","0.0026"
"106.3000","8.8397","0.0027"
"106.4000","8.8479","0.0027"
"106.5000","8.8571","0.0027"
"106.6000","8.8660","0.0027"
"106.7000","8.8756","0.0027"
"106.8000","8.8830","0.0027"
"106.9000","8.8904","0.0027"
"107.0000","8.8991","0.0027"
"107.1000","8.9082","0.0027"
"107.2000","8.9166","0.0027"
"107.3000","8.9250","0.0027"
"107.4000","8.9331","0.0027"
"107.5000","8.9403","0.0027"
"107.6000","8.9491","0.0027"
"107.7000","8.9578","0.0027"
"107.8000","8.9660","0.0027"
"107.9000","8.9743","0.0027"
"108.0000","8.9840","0.0027"
"108.1000","8.9911","0.0027"
"108.2000","8.9996","0.0027"
"108.3000","9.0076","0.0027"
"108.4000","9.0161","0.0027"
"108.5000","9.0243","0.0027"
"108.6000","9.0343","0.0027"
"108.7000","9.0411","0.0027"
"108.8000","9.0487","0.0027"
"108.9000","9.0568","0.0027"
"109.0000","9.0654","0.0027"
"109.1000","9.0739","0.0027"
"109.2000","9.0835","0.0027"
"109.3000","9.0916","0.0027"
"109.4000","9.0990","0.0027"
"109.5000","9.1078","0.0027"
"109.6000","9.1168","0.0027"
"109.7000","9.1250","0.0027"
"109.8000","9.1335","0.0027"
"109.9000","9.1414","0.0027"
"110.0000","9.1483","0.0027"
"110.1000","9.1568","0.0027"
"110.2000","9.1654","0.0027"
"110.3000","9.1741","0.0027"
"110.4000","9.1827","0.0027"
"110.5000","9.1923","0.0028"
"110.6000","9.1993","0.0028"
"110.7000","9.2077","0.0028"
"110.8000","9.2160","0.0028"
"110.9000","9.2251","0.0027"
"111.0000","9.2333","0.0028"
"111.1000","9.2423","0.0028"
"111.2000","9.2488","0.0028"
"111.3000","9.2564","0.0028"
"111.4000","9.2651","0.0028"
"111.5000","9.2743","0.0028"
"111.6000","9.2830","0.0028"
"111.7000","9.2928","0.0028"
"111.8000","9.3000","0.0028"
"111.9000","9.3074","0.0028"
"112.0000","9.3158","0.0028"
"112.1000","9.3247","0.0028"
"112.2000","9.3331","0.0028"
"112.3000","9.3416","0.0028"
"112.4000","9.3496","0.0028"
"112.5000","9.3566","0.0028"
"112.6000","9.3652","0.0028"
"112.7000","9.3741","0.0028"
"112.8000","9.3827","0.0028"
"112.9000","9.3912","0.0028"
"113.0000","9.4012","0.0028"
"113.1000","9.4079","0.0028"
"113.2000","9.4161","0.0028"
"113.3000","9.4240","0.0028"
"113.4000","9.4329","0.0028"
"113.5000","9.4414","0.0028"
"113.6000","9.4505","0.0028"
"113.7000","9.4572","0.0028"
"113.8000","9.4647","0.0028"
"113.9000","9.4733","0.0028"
"114.0000","9.4823","0.0028"
"114.1000","9.4913","0.0028"
"114.2000","9.5008","0.0028"
"114.3000","9.5079","0.0028"
"114.4000","9.5151","0.0028"
"114.5000","9.5238","0.0028"
"114.6000","9.5329","0.0028"
"114.7000","9.5416","0.0028"
"114.8000","9.5502","0.0028"
"114.9000","9.5581","0.0028"
"115.0000","9.5651","0.0028"
"115.1000","9.5740","0.0029"
"115.2000","9.5827","0.0028"
"115.3000","9.5910","0.0028"
"115.4000","9.5997","0.0028"
"115.5000","9.6094","0.0028"
"115.6000","9.6160","0.0029"
"115.7000","9.6242","0.0029"
"115.8000","9.6323","0.0029"
"115.9000","9.6411","0.0029"
"116.0000","9.6496","0.0029"
"116.1000","9.6591","0.0029"
"116.2000","9.6656","0.0029"
"116.3000","9.6733","0.0029"
"116.4000","9.6819","0.0029"
"116.5000","9.6911","0.0029"
"116.6000","9.6997","0.0029"
"116.7000","9.7090","0.0029"
"116.8000","9.7163","0.0029"
"116.9000","9.7237","0.0029"
"117.0000","9.7324","0.0029"
"117.1000","9.7411","0.0029"
"117.2000","9.7495","0.0029"
"117.3000","9.7581","0.0029"
"117.4000","9.7663","0.0029"
"117.5000","9.7732","0.0029"
"117.6000","9.7818","0.0029"
"117.7000","9.7908","0.0029"
"117.8000","9.7995","0.0029"
"117.9000","9.8080","0.0029"
"118.0000","9.8176","0.0029"
"118.1000","9.8244","0.0029"
"118.2000","9.8326","0.0029"
"118.3000","9.8405","0.0029"
"118.4000","9.8493","0.0029"
"118.5000","9.8578","0.0029"
"118.6000","9.8674","0.0029"
"118.7000","9.8743","0.0029"
"118.8000","9.8822","0.0029"
"118.9000","9.8905","0.0029"
"119.0000","9.8992","0.0029"
"119.1000","9.9078","0.0029"
"119.2000","9.9174","0.0029"
"119.3000","9.9247","0.0029"
"119.4000","9.9320","0.0029"
"119.5000","9.9406","0.0029"
"119.6000","9.9495","0.0029"
"119.7000","9.9581","0.0029"
"119.8000","9.9668","0.0029"
"119.9000","9.9751","0.0029"
"120.0000","9.9820","0.0029"
"120.1000","9.9903","0.0030"
"120.2000","9.9987","0.0029"
"120.3000","10.0073","0.0029"
"120.4000","10.0157","0.0030"
"120.5000","10.0257","0.0030"
"120.6000","10.0326","0.0030"
"120.7000","10.0412","0.0030"
"120.8000","10.0494","0.0030"
"120.9000","10.0583","0.0030"
"121.0000","10.0665","0.0030"
"121.1000","10.0757","0.0030"
"121.2000","10.0821","0.0030"
"121.3000","10.0898","0.0030"
"121.4000","10.0984","0.0030"
"121.5000","10.1074","0.0030"
"121.6000","10.1161","0.0030"
"121.7000","10.1259","0.0030"
"121.8000","10.1331","0.0030"
"121.9000","10.1404","0.0030"
"122.0000","10.1489","0.0030"
"122.1000","10.1576","0.0030"
"122.2000","10.1662","0.0030"
"122.3000","10.1751","0.0030"
"122.4000","10.1835","0.0030"
"122.5000","10.1905","0.0030"
"122.6000","10.1992","0.0030"
"122.7000","10.2078","0.0030"
"122.8000","10.2162","0.0030"
"122.9000","10.2246","0.0030"
"123.0000","10.2340","0.0030"
"123.1000","10.2408","0.0030"
"123.2000","10.2491","0.0030"
"123.3000","10.2572","0.0030"
"123.4000","10.2660","0.0030"
"123.5000","10.2749","0.0030"
"123.6000","10.2843","0.0030"
"123.7000","10.2908","0.0030"
"123.8000","10.2983","0.0030"
"123.9000","10.3067","0.0030"
"124.0000","10.3158","0.0030"
"124.1000","10.3245","0.0030"
"124.2000","10.3343","0.0030"
"124.3000","10.3415","0.0030"
"124.4000","10.3488","0.0030"
"124.5000","10.3573","0.0030"
"124.6000","10.3660","0.0030"
"124.7000","10.3748","0.0030"
"124.8000","10.3838","0.0030"
"124.9000","10.3919","0.0030"
"125.0000","10.3986","0.0030"
"125.1000","10.4072","0.0031"
"125.2000","10.4158","0.0031"
"125.3000","10.4243","0.0031"
"125.4000","10.4327","0.0031"
"125.5000","10.4422","0.0031"
"125.6000","10.4490","0.0031"
"125.7000","10.4573","0.0031"
"125.8000","10.4654","0.0031"
"125.9000","10.4744","0.0031"
"126.0000","10.4834","0.0031"
"126.1000","10.4929","0.0031"
"126.2000","10.4994","0.0031"
"126.3000","10.5072","0.0031"
"126.4000","10.5157","0.0031"
"126.5000","10.5246","0.0031"
"126.6000","10.5328","0.0031"
"126.7000","10.5421","0.0031"
"126.8000","10.5495","0.0031"
"126.9000","10.5570","0.0031"
"127.0000","10.5659","0.0031"
"127.1000","10.5744","0.0031"
"127.2000","10.5828","0.0031"
"127.3000","10.5915","0.0031"
"127.4000","10.5998","0.0031"
"127.5000","10.6067","0.0031"
"127.6000","10.6156","0.0031"
"127.7000","10.6246","0.0031"
"127.8000","10.6330","0.0031"
"127.9000","10.6413","0.0031"
"128.0000","10.6509","0.0031"
"128.1000","10.6576","0.0031"
"128.2000","10.6658","0.0031"
"128.3000","10.6739","0.0031"
"128.4000","10.6827","0.0031"
"128.5000","10.6914","0.0031"
"128.6000","10.7010","0.0031"
"128.7000","10.7076","0.0031"
"128.8000","10.7152","0.0031"
"128.9000","10.7237","0.0031"
"129.0000","10.7325","0.0031"
"129.1000","10.7407","0.0031"
"129.2000","10.7499","0.0031"
"129.3000","10.7576","0.0031"
"129.4000","10.7649","0.0031"
"129.5000","10.7739","0.0031"
"129.6000","10.7829","0.0031"
"129.7000","10.7917","0.0031"
"129.8000","10.8006","0.0031"
"129.9000","10.8084","0.0031"
"130.0000","10.8153","0.0032"
"130.1000","10.8242","0.0032"
"130.2000","10.8326","0.0032"
"130.3000","10.8408","0.0032"
"130.4000","10.8493","0.0032"
"130.5000","10.8590","0.0032"
"130.6000","10.8658","0.0032"
"130.7000","10.8741","0.0032"
"130.8000","10.8824","0.0032"
"130.9000","10.8914","0.0032"
"131.0000","10.9001","0.0032"
"131.1000","10.9093","0.0032"
"131.2000","10.9158","0.0032"
"131.3000","10.9234","0.0032"
"131.4000","10.9319","0.0032"
"131.5000","10.9408","0.0032"
"131.6000","10.9491","0.0032"
"131.7000","10.9586","0.0032"
"131.8000","10.9664","0.0032"
"131.9000","10.9738","0.0032"
"132.0000","10.9824","0.0032"
"132.1000","10.9914","0.0032"
"132.2000","10.9999","0.0032"
"132.3000","11.0086","0.0032"
"132.4000","11.0166","0.0032"
"132.5000","11.0235","0.0032"
"132.6000","11.0322","0.0032"
"132.7000","11.0407","0.0032"
"132.8000","11.0489","0.0032"
"132.9000","11.0571","0.0032"
"133.0000","11.0669","0.0032"
"133.1000","11.0741","0.0032"
"133.2000","11.0831","0.0032"
"133.3000","11.0913","0.0032"
"133.4000","11.1000","0.0032"
"133.5000","11.1082","0.0032"
"133.6000","11.1173","0.0032"
"133.7000","11.1241","0.0032"
"133.8000","11.1316","0.0032"
"133.9000","11.1397","0.0032"
"134.0000","11.1486","0.0032"
"134.1000","11.1576","0.0032"
"134.2000","11.1678","0.0032"
"134.3000","11.1748","0.0032"
"134.4000","11.1821","0.0032"
"134.5000","11.1907","0.0032"
"134.6000","11.1996","0.0032"
"134.7000","11.2083","0.0032"
"134.8000","11.2173","0.0032"
"134.9000","11.2249","0.0032"
"135.0000","11.2316","0.0033"
"135.1000","11.2403","0.0033"
"135.2000","11.2490","0.0033"
"135.3000","11.2577","0.0033"
"135.4000","11.2664","0.0033"
"135.5000","11.2759","0.0033"
"135.6000","11.2824","0.0033"
"135.7000","11.2907","0.0033"
"135.8000","11.2989","0.0033"
"135.9000","11.3078","0.0033"
"136.0000","11.3165","0.0033"
"136.1000","11.3261","0.0033"
"136.2000","11.3324","0.0033"
"136.3000","11.3402","0.0033"
"136.4000","11.3486","0.0033"
"136.5000","11.3572","0.0033"
"136.6000","11.3655","0.0033"
"136.7000","11.3753","0.0033"
"136.8000","11.3830","0.0033"
"136.9000","11.3908","0.0033"
"137.0000","11.3995","0.0033"
"137.1000","11.4084","0.0033"
"137.2000","11.4167","0.0033"
"137.3000","11.4252","0.0033"
"137.4000","11.4329","0.0033"
"137.5000","11.4397","0.0033"
"137.6000","11.4483","0.0033"
"137.7000","11.4569","0.0033"
"137.8000","11.4661","0.0033"
"137.9000","11.4748","0.0033"
"138.0000","11.4842","0.0033"
"138.1000","11.4909","0.0033"
"138.2000","11.4993","0.0033"
"138.3000","11.5079","0.0033"
"138.4000","11.5167","0.0033"
"138.5000","11.5247","0.0033"
"138.6000","11.5338","0.0033"
"138.7000","11.5406","0.0033"
"138.8000","11.5484","0.0033"
"138.9000","11.5568","0.0033"
"139.0000","11.5656","0.0033"
"139.1000","11.5743","0.0033"
"139.2000","11.5841","0.0033"
"139.3000","11.5917","0.0033"
"139.4000","11.5990","0.0033"
"139.5000","11.6074","0.0033"
"139.6000","11.6162","0.0033"
"139.7000","11.6249","0.0033"
"139.8000","11.6337","0.0034"
"139.9000","11.6417","0.0034"
"140.0000","11.6483","0.0034"
"140.1000","11.6567","0.0034"
"140.2000","11.6651","0.0034"
"140.3000","11.6738","0.0034"
"140.4000","11.6825","0.0034"
"140.5000","11.6925","0.0034"
"140.6000","11.6994","0.0034"
"140.7000","11.7078","0.0034"
"140.8000","11.7162","0.0034"
"140.9000","11.7248","0.0034"
"141.0000","11.7333","0.0034"
"141.1000","11.7425","0.0034"
"141.2000","11.7492","0.0034"
"141.3000","11.7567","0.0034"
"141.4000","11.7651","0.0034"
"141.5000","11.7740","0.0034"
"141.6000","11.7826","0.0034"
"141.7000","11.7926","0.0034"
"141.8000","11.8000","0.0034"
"141.9000","11.8075","0.0034"
"142.0000","11.8161","0.0034"
"142.1000","11.8248","0.0034"
"142.2000","11.8331","0.0034"
"142.3000","11.8415","0.0034"
"142.4000","11.8495","0.0034"
"142.5000","11.8566","0.0034"
"142.6000","11.8655","0.0034"
"142.7000","11.8742","0.0034"
"142.8000","11.8828","0.0034"
"142.9000","11.8913","0.0034"
"143.0000","11.9009","0.0034"
"143.1000","11.9076","0.0034"
"143.2000","11.9160","0.0034"
"143.3000","11.9242","0.0034"
"143.4000","11.9333","0.0034"
"143.5000","11.9417","0.0034"
"143.6000","11.9508","0.0034"
"143.7000","11.9572","0.0034"
"143.8000","11.9645","0.0034"
"143.9000","11.9728","0.0034"
"144.0000","11.9816","0.0034"
"144.1000","11.9907","0.0034"
"144.2000","12.0007","0.0034"
"144.3000","12.0085","0.0034"
"144.4000","12.0160","0.0034"
"144.5000","12.0244","0.0034"
"144.6000","12.0331","0.0034"
"144.7000","12.0415","0.0034"
"144.8000","12.0500","0.0034"
"144.9000","12.0582","0.0034"
"145.0000","12.0651","0.0034"
"145.1000","12.0739","0.0034"
"145.2000","12.0825","0.0035"
"145.3000","12.0912","0.0035"
"145.4000","12.1000","0.0035"
"145.5000","12.1093","0.0034"
"145.6000","12.1159","0.0035"
"145.7000","12.1240","0.0035"
"145.8000","12.1322","0.0035"
"145.9000","12.1407","0.0035"
"146.0000","12.1494","0.0035"
"146.1000","12.1590","0.0035"
"146.2000","12.1657","0.0035"
"146.3000","12.1736","0.0035"
"146.4000","12.1822","0.0035"
"146.5000","12.1913","0.0035"
"146.6000","12.1993","0.0035"
"146.7000","12.2087","0.0035"
"146.8000","12.2165","0.0035"
"146.9000","12.2240","0.0035"
"147.0000","12.2327","0.0035"
"147.1000","12.2413","0.0035"
"147.2000","12.2495","0.0035"
"147.3000","12.2584","0.0035"
"147.4000","12.2663","0.0035"
"147.5000","12.2730","0.0035"
"147.6000","12.2816","0.0035"
"147.7000","12.2906","0.0035"
"147.8000","12.2995","0.0035"
"147.9000","12.3080","0.0035"
"148.0000","12.3176","0.0035"
"148.1000","12.3243","0.0035"
"148.2000","12.3326","0.0035"
"148.3000","12.3407","0.0035"
"148.4000","12.3494","0.0035"
"148.5000","12.3580","0.0035"
"148.6000","12.3673","0.0035"
"148.7000","12.3742","0.0035"
"148.8000","12.3822","0.0035"
"148.9000","12.3907","0.0035"
"149.0000","12.3993","0.0035"
"149.1000","12.4076","0.0035"
"149.2000","12.4175","0.0035"
"149.3000","12.4250","0.0035"
"149.4000","12.4321","0.0035"
"149.5000","12.4405","0.0035"
"149.6000","12.4490","0.0035"
"149.7000","12.4579","0.0035"
"149.8000","12.4668","0.0035"
"149.9000","12.4750","0.0035"
"150.0000","12.4820","0.0035"
"150.1000","12.4906","0.0036"
"150.2000","12.4992","0.0036"
"150.3000","12.5080","0.0035"
"150.4000","12.5165","0.0036"
"150.5000","12.5258","0.0036"
"150.6000","12.5326","0.0036"
"150.7000","12.5408","0.0036"
"150.8000","12.5490","0.0036"
"150.9000","12.5579","0.0036"
"151.0000","12.5662","0.0036"
"151.1000","12.5755","0.0036"
"151.2000","12.5823","0.0036"
"151.3000","12.5903","0.0036"
"151.4000","12.5988","0.0036"
"151.5000","12.6074","0.0036"
"151.6000","12.6157","0.0036"
"151.7000","12.6255","0.0036"
"151.8000","12.6332","0.0036"
"151.9000","12.6406","0.0036"
"152.0000","12.6490","0.0036"
"152.1000","12.6577","0.0036"
"152.2000","12.6663","0.0036"
"152.3000","12.6749","0.0036"
"152.4000","12.6833","0.0036"
"152.5000","12.6906","0.0036"
"152.6000","12.6995","0.0036"
"152.7000","12.7080","0.0036"
"152.8000","12.7161","0.0036"
"152.9000","12.7243","0.0036"
"153.0000","12.7338","0.0036"
"153.1000","12.7408","0.0036"
"153.2000","12.7491","0.0036"
"153.3000","12.7572","0.0036"
"153.4000","12.7662","0.0036"
"153.5000","12.7751","0.0036"
"153.6000","12.7848","0.0036"
"153.7000","12.7912","0.0036"
"153.8000","12.7987","0.0036"
"153.9000","12.8067","0.0036"
"154.0000","12.8155","0.0036"
"154.1000","12.8240","0.0036"
"154.2000","12.8337","0.0036"
"154.3000","12.8415","0.0036"
"154.4000","12.8491","0.0036"
"154.5000","12.8580","0.0036"
"154.6000","12.8667","0.0036"
"154.7000","12.8745","0.0036"
"154.8000","12.8827","0.0037"
"154.9000","12.8909","0.0036"
"155.0000","12.8979","0.0036"
"155.1000","12.9069","0.0036"
"155.2000","12.9159","0.0036"
"155.3000","12.9246","0.0036"
"155.4000","12.9329","0.0036"
"155.5000","12.9422","0.0037"
"155.6000","12.9492","0.0037"
"155.7000","12.9574","0.0037"
"155.8000","12.9658","0.0037"
"155.9000","12.9742","0.0037"
"156.0000","12.9828","0.0037"
"156.1000","12.9926","0.0037"
"156.2000","12.9995","0.0037"
"156.3000","13.0075","0.0037"
"156.4000","13.0158","0.0037"
"156.5000","13.0247","0.0037"
"156.6000","13.0330","0.0037"
"156.7000","13.0421","0.0037"
"156.8000","13.0494","0.0037"
"156.9000","13.0569","0.0037"
"157.0000","13.0658","0.0037"
"157.1000","13.0746","0.0037"
"157.2000","13.0831","0.0037"
"157.3000","13.0915","0.0037"
"157.4000","13.1001","0.0037"
"157.5000","13.1070","0.0037"
"157.6000","13.1156","0.0037"
"157.7000","13.1241","0.0037"
"157.8000","13.1325","0.0037"
"157.9000","13.1410","0.0037"
"158.0000","13.1507","0.0037"
"158.1000","13.1575","0.0037"
"158.2000","13.1660","0.0037"
"158.3000","13.1740","0.0037"
"158.4000","13.1828","0.0037"
"158.5000","13.1913","0.0037"
"158.6000","13.2010","0.0037"
"158.7000","13.2075","0.0037"
"158.8000","13.2153","0.0037"
"158.9000","13.2239","0.0037"
"159.0000","13.2326","0.0037"
"159.1000","13.2407","0.0037"
"159.2000","13.2495","0.0037"
"159.3000","13.2575","0.0037"
"159.4000","13.2651","0.0037"
"159.5000","13.2740","0.0037"
"159.6000","13.2829","0.0037"
"159.7000","13.2916","0.0037"
"159.8000","13.3004","0.0037"
"159.9000","13.3086","0.0037"
"160.0000","13.3156","0.0037"
"160.1000","13.3242","0.0037"
"160.2000","13.3328","0.0037"
"160.3000","13.3411","0.0037"
"160.4000","13.3493","0.0037"
"160.5000","13.3587","0.0038"
"160.6000","13.3656","0.0037"
"160.7000","13.3741","0.0038"
"160.8000","13.3824","0.0038"
"160.9000","13.3915","0.0038"
"161.0000","13.4000","0.0038"
"161.1000","13.4093","0.0038"
"161.2000","13.4160","0.0038"
"161.3000","13.4236","0.0038"
"161.4000","13.4319","0.0038"
"161.5000","13.4407","0.0038"
"161.6000","13.4490","0.0038"
"161.7000","13.4586","0.0038"
"161.8000","13.4664","0.0038"
"161.9000","13.4739","0.0038"
"162.0000","13.4826","0.0038"
"162.1000","13.4916","0.0038"
"162.2000","13.4999","0.0038"
"162.3000","13.5084","0.0038"
"162.4000","13.5165","0.0038"
"162.5000","13.5235","0.0038"
"162.6000","13.5323","0.0038"
"162.7000","13.5408","0.0038"
"162.8000","13.5491","0.0038"
"162.9000","13.5573","0.0038"
"163.0000","13.5667","0.0038"
"163.1000","13.5736","0.0038"
"163.2000","13.5823","0.0038"
"163.3000","13.5910","0.0038"
"163.4000","13.6001","0.0038"
"163.5000","13.6086","0.0038"
"163.6000","13.6179","0.0038"
"163.7000","13.6242","0.0038"
"163.8000","13.6320","0.0038"
"163.9000","13.6402","0.0038"
"164.0000","13.6488","0.0038"
"164.1000","13.6572","0.0038"
"164.2000","13.6670","0.0038"
"164.3000","13.6747","0.0038"
"164.4000","13.6822","0.0038"
"164.5000","13.6909","0.0038"
"164.6000","13.6999","0.0038"
"164.7000","13.7085","0.0038"
"164.8000","13.7169","0.0038"
"164.9000","13.7249","0.0038"
"165.0000","13.7319","0.0038"
"165.1000","13.7403","0.0038"
"165.2000","13.7488","0.0038"
"165.3000","13.7576","0.0039"
"165.4000","13.7663","0.0038"
"165.5000","13.7757","0.0039"
"165.6000","13.7824","0.0038"
"165.7000","13.7910","0.0038"
"165.8000","13.7993","0.0038"
"165.9000","13.8080","0.0039"
"166.0000","13.8164","0.0039"
"166.1000","13.8259","0.0039"
"166.2000","13.8325","0.0038"
"166.3000","13.8403","0.0039"
"166.4000","13.8485","0.0039"
"166.5000","13.8575","0.0039"
"166.6000","13.8660","0.0039"
"166.7000","13.8752","0.0039"
"166.8000","13.8827","0.0039"
"166.9000","13.8903","0.0039"
"167.0000","13.8991","0.0039"
"167.1000","13.9080","0.0039"
"167.2000","13.9169","0.0039"
"167.3000","13.9255","0.0039"
"167.4000","13.9334","0.0039"
"167.5000","13.9401","0.0039"
"167.6000","13.9487","0.0039"
"167.7000","13.9573","0.0039"
"167.8000","13.9659","0.0039"
"167.9000","13.9745","0.0039"
"168.0000","13.9842","0.0039"
"168.1000","13.9910","0.0039"
"168.2000","13.9995","0.0039"
"168.3000","14.0076","0.0039"
"168.4000","14.0164","0.0039"
"168.5000","14.0248","0.0039"
"168.6000","14.0339","0.0039"
"168.7000","14.0407","0.0039"
"168.8000","14.0486","0.0039"
"168.9000","14.0569","0.0039"
"169.0000","14.0659","0.0039"
"169.1000","14.0742","0.0039"
"169.2000","14.0838","0.0039"
"169.3000","14.0914","0.0039"
"169.4000","14.0988","0.0039"
"169.5000","14.1075","0.0039"
"169.6000","14.1165","0.0039"
"169.7000","14.1249","0.0039"
"169.8000","14.1334","0.0039"
"169.9000","14.1415","0.0039"
"170.0000","14.1484","0.0039"
"170.1000","14.1569","0.0039"
"170.2000","14.1654","0.0039"
"170.3000","14.1739","0.0039"
"170.4000","14.1825","0.0039"
"170.5000","14.1924","0.0039"
"170.6000","14.1993","0.0039"
"170.7000","14.2076","0.0039"
"170.8000","14.2157","0.0039"
"170.9000","14.2248","0.0039"
"171.0000","14.2333","0.0039"
"171.1000","14.2426","0.0040"
"171.2000","14.2493","0.0039"
"171.3000","14.2569","0.0040"
"171.4000","14.2653","0.0040"
"171.5000","14.2740","0.0040"
"171.6000","14.2826","0.0040"
"171.7000","14.2931","0.0040"
"171.8000","14.3004","0.0040"
"171.9000","14.3077","0.0040"
"172.0000","14.3156","0.0040"
"172.1000","14.3237","0.0040"
"172.2000","14.3322","0.0040"
"172.3000","14.3410","0.0040"
"172.4000","14.3499","0.0040"
"172.5000","14.3570","0.0040"
"172.6000","14.3656","0.0040"
"172.7000","14.3743","0.0040"
"172.8000","14.3830","0.0040"
"172.9000","14.3913","0.0040"
"173.0000","14.4007","0.0040"
"173.1000","14.4075","0.0040"
"173.2000","14.4159","0.0040"
"173.3000","14.4242","0.0040"
"173.4000","14.4330","0.0040"
"173.5000","14.4416","0.0040"
"173.6000","14.4509","0.0040"
"173.7000","14.4573","0.0040"
"173.8000","14.4650","0.0040"
"173.9000","14.4732","0.0040"
"174.0000","14.4820","0.0040"
"174.1000","14.4906","0.0040"
"174.2000","14.5003","0.0040"
"174.3000","14.5082","0.0040"
"174.4000","14.5158","0.0040"
"174.5000","14.5241","0.0040"
"174.6000","14.5327","0.0040"
"174.7000","14.5411","0.0040"
"174.8000","14.5498","0.0040"
"174.9000","14.5582","0.0040"
"175.0000","14.5653","0.0040"
"175.1000","14.5740","0.0040"
"175.2000","14.5828","0.0040"
"175.3000","14.5915","0.0040"
"175.4000","14.6002","0.0040"
"175.5000","14.6092","0.0040"
"175.6000","14.6157","0.0040"
"175.7000","14.6239","0.0040"
"175.8000","14.6320","0.0040"
"175.9000","14.6406","0.0040"
"176.0000","14.6493","0.0040"
"176.1000","14.6589","0.0040"
"176.2000","14.6657","0.0040"
"176.3000","14.6734","0.0040"
"176.4000","14.6821","0.0040"
"176.5000","14.6913","0.0041"
"176.6000","14.6998","0.0040"
"176.7000","14.7092","0.0041"
"176.8000","14.7163","0.0041"
"176.9000","14.7238","0.0041"
"177.0000","14.7326","0.0041"
"177.1000","14.7414","0.0041"
"177.2000","14.7496","0.0041"
"177.3000","14.7580","0.0041"
"177.4000","14.7662","0.0041"
"177.5000","14.7732","0.0041"
"177.6000","14.7819","0.0041"
"177.7000","14.7908","0.0041"
"177.8000","14.7993","0.0041"
"177.9000","14.8078","0.0041"
"178.0000","14.8174","0.0041"
"178.1000","14.8242","0.0041"
"178.2000","14.8328","0.0041"
"178.3000","14.8409","0.0041"
"178.4000","14.8494","0.0041"
"178.5000","14.8577","0.0041"
"178.6000","14.8672","0.0041"
"178.7000","14.8744","0.0041"
"178.8000","14.8823","0.0041"
"178.9000","14.8907","0.0041"
"179.0000","14.8996","0.0041"
"179.1000","14.9080","0.0041"
"179.2000","14.9176","0.0041"
"179.3000","14.9248","0.0041"
"179.4000","14.9320","0.0041"
"179.5000","14.9403","0.0041"
"179.6000","14.9487","0.0041"
"179.7000","14.9577","0.0041"
"179.8000","14.9664","0.0041"
"179.9000","14.9748","0.0041"
"180.0000","14.9819","0.0041"
"180.1000","14.9910","0.0041"
"180.2000","14.9996","0.0041"
"180.3000","15.0081","0.0041"
"180.4000","15.0164","0.0041"
"180.5000","15.0258","0.0041"
"180.6000","15.0323","0.0041"
"180.7000","15.0405","0.0041"
"180.8000","15.0488","0.0041"
"180.9000","15.0577","0.0041"
"181.0000","15.0665","0.0041"
"181.1000","15.0759","0.0041"
"181.2000","15.0824","0.0041"
"181.3000","15.0900","0.0041"
"181.4000","15.0986","0.0041"
"181.5000","15.1077","0.0041"
"181.6000","15.1161","0.0041"
"181.7000","15.1254","0.0041"
"181.8000","15.1329","0.0041"
"181.9000","15.1405","0.0041"
"182.0000","15.1489","0.0041"
"182.1000","15.1577","0.0042"
"182.2000","15.1662","0.0042"
"182.3000","15.1750","0.0042"
"182.4000","15.1835","0.0042"
"182.5000","15.1907","0.0042"
"182.6000","15.1994","0.0042"
"182.7000","15.2080","0.0042"
"182.8000","15.2160","0.0042"
"182.9000","15.2244","0.0042"
"183.0000","15.2341","0.0042"
"183.1000","15.2408","0.0042"
"183.2000","15.2490","0.0042"
"183.3000","15.2571","0.0042"
"183.4000","15.2660","0.0042"
"183.5000","15.2748","0.0042"
"183.6000","15.2846","0.0042"
"183.7000","15.2912","0.0042"
"183.8000","15.2988","0.0042"
"183.9000","15.3069","0.0042"
"184.0000","15.3156","0.0042"
"184.1000","15.3240","0.0042"
"184.2000","15.3336","0.0042"
"184.3000","15.3415","0.0042"
"184.4000","15.3488","0.0042"
"184.5000","15.3575","0.0042"
"184.6000","15.3664","0.0042"
"184.7000","15.3746","0.0042"
"184.8000","15.3832","0.0042"
"184.9000","15.3915","0.0042"
"185.0000","15.3986","0.0042"
"185.1000","15.4074","0.0042"
"185.2000","15.4160","0.0042"
"185.3000","15.4246","0.0042"
"185.4000","15.4328","0.0042"
"185.5000","15.4421","0.0042"
"185.6000","15.4490","0.0042"
"185.7000","15.4574","0.0042"
"185.8000","15.4657","0.0042"
"185.9000","15.4745","0.0042"
"186.0000","15.4829","0.0042"
"186.1000","15.4926","0.0042"
"186.2000","15.4994","0.0042"
"186.3000","15.5071","0.0042"
"186.4000","15.5155","0.0042"
"186.5000","15.5244","0.0042"
"186.6000","15.5330","0.0042"
"186.7000","15.5425","0.0042"
"186.8000","15.5497","0.0042"
"186.9000","15.5569","0.0042"
"187.0000","15.5655","0.0042"
"187.1000","15.5744","0.0042"
"187.2000","15.5833","0.0042"
"187.3000","15.5919","0.0042"
"187.4000","15.5997","0.0042"
"187.5000","15.6066","0.0042"
"187.6000","15.6153","0.0042"
"187.7000","15.6243","0.0042"
"187.8000","15.6329","0.0043"
"187.9000","15.6412","0.0042"
"188.0000","15.6507","0.0042"
"188.1000","15.6574","0.0042"
"188.2000","15.6660","0.0042"
"188.3000","15.6743","0.0043"
"188.4000","15.6830","0.0043"
"188.5000","15.6915","0.0043"
"188.6000","15.7009","0.0043"
"188.7000","15.7075","0.0043"
"188.8000","15.7152","0.0043"
"188.9000","15.7237","0.0043"
"189.0000","15.7325","0.0043"
"189.1000","15.7410","0.0043"
"189.2000","15.7505","0.0043"
"189.3000","15.7577","0.0043"
"189.4000","15.7645","0.0043"
"189.5000","15.7727","0.0043"
"189.6000","15.7818","0.0043"
"189.7000","15.7913","0.0043"
"189.8000","15.8008","0.0043"
"189.9000","15.8089","0.0043"
"190.0000","15.8157","0.0043"
"190.1000","15.8243","0.0043"
"190.2000","15.8329","0.0043"
"190.3000","15.8410","0.0043"
"190.4000","15.8493","0.0043"
"190.5000","15.8589","0.0043"
"190.6000","15.8657","0.0043"
"190.7000","15.8740","0.0043"
"190.8000","15.8820","0.0043"
"190.9000","15.8911","0.0043"
"191.0000","15.9001","0.0043"
"191.1000","15.9096","0.0043"
"191.2000","15.9159","0.0043"
"191.3000","15.9235","0.0043"
"191.4000","15.9319","0.0043"
"191.5000","15.9409","0.0043"
"191.6000","15.9492","0.0043"
"191.7000","15.9586","0.0043"
"191.8000","15.9663","0.0043"
"191.9000","15.9737","0.0043"
"192.0000","15.9825","0.0043"
"192.1000","15.9913","0.0043"
"192.2000","15.9999","0.0043"
"192.3000","16.0086","0.0043"
"192.4000","16.0165","0.0043"
"192.5000","16.0235","0.0043"
"192.6000","16.0322","0.0043"
"192.7000","16.0407","0.0043"
"192.8000","16.0489","0.0043"
"192.9000","16.0573","0.0043"
"193.0000","16.0671","0.0043"
"193.1000","16.0740","0.0043"
"193.2000","16.0822","0.0043"
"193.3000","16.0906","0.0043"
"193.4000","16.0998","0.0044"
"193.5000","16.1088","0.0044"
"193.6000","16.1180","0.0043"
"193.7000","16.1243","0.0044"
"193.8000","16.1321","0.0044"
"193.9000","16.1405","0.0044"
"194.0000","16.1493","0.0044"
"194.1000","16.1575","0.0044"
"194.2000","16.1670","0.0044"
"194.3000","16.1745","0.0044"
"194.4000","16.1818","0.0044"
"194.5000","16.1905","0.0044"
"194.6000","16.1993","0.0044"
"194.7000","16.2080","0.0044"
"194.8000","16.2167","0.0044"
"194.9000","16.2249","0.0044"
"195.0000","16.2319","0.0044"
"195.1000","16.2408","0.0044"
"195.2000","16.2494","0.0044"
"195.3000","16.2577","0.0044"
"195.4000","16.2660","0.0044"
"195.5000","16.2753","0.0044"
"195.6000","16.2822","0.0044"
"195.7000","16.2909","0.0044"
"195.8000","16.2992","0.0044"
"195.9000","16.3081","0.0044"
"196.0000","16.3165","0.0044"
"196.1000","16.3260","0.0044"
"196.2000","16.3324","0.0044"
"196.3000","16.3400","0.0044"
"196.4000","16.3484","0.0044"
"196.5000","16.3575","0.0044"
"196.6000","16.3660","0.0044"
"196.7000","16.3751","0.0044"
"196.8000","16.3828","0.0044"
"196.9000","16.3902","0.0044"
"197.0000","16.3992","0.0044"
"197.1000","16.4085","0.0044"
"197.2000","16.4168","0.0044"
"197.3000","16.4251","0.0044"
"197.4000","16.4333","0.0044"
"197.5000","16.4402","0.0044"
"197.6000","16.4487","0.0044"
"197.7000","16.4573","0.0044"
"197.8000","16.4656","0.0044"
"197.9000","16.4743","0.0044"
"198.0000","16.4845","0.0044"
"198.1000","16.4912","0.0044"
"198.2000","16.4996","0.0044"
"198.3000","16.5076","0.0044"
"198.4000","16.5162","0.0044"
"198.5000","16.5252","0.0044"
"198.6000","16.5345","0.0044"
"198.7000","16.5408","0.0044"
"198.8000","16.5483","0.0045"
"198.9000","16.5566","0.0044"
"199.0000","16.5658","0.0044"
"199.1000","16.5745","0.0044"
"199.2000","16.5840","0.0044"
"199.3000","16.5914","0.0044"
"199.4000","16.5988","0.0044"
"199.5000","16.6076","0.0044"
"199.6000","16.6164","0.0045"
"199.7000","16.6249","0.0045"
"199.8000","16.6333","0.0045"
"199.9000","16.6413","0.0045"
"200.0000","16.6482","0.0045"
"200.1000","16.6570","0.0045"
"200.2000","16.6658","0.0045"
"200.3000","16.6742","0.0045"
"200.4000","16.6828","0.0045"
"200.5000","16.6922","0.0045"
"200.6000","16.6990","0.0045"
"200.7000","16.7077","0.0045"
"200.8000","16.7161","0.0045"
"200.9000","16.7251","0.0045"
"201.0000","16.7333","0.0045"
"201.1000","16.7425","0.0045"
"201.2000","16.7492","0.0045"
"201.3000","16.7570","0.0045"
"201.4000","16.7654","0.0045"
"201.5000","16.7744","0.0045"
"201.6000","16.7829","0.0045"
"201.7000","16.7925","0.0045"
"201.8000","16.7999","0.0045"
"201.9000","16.8072","0.0045"
"202.0000","16.8157","0.0045"
"202.1000","16.8245","0.0045"
"202.2000","16.8330","0.0045"
"202.3000","16.8415","0.0045"
"202.4000","16.8497","0.0045"
"202.5000","16.8568","0.0045"
"202.6000","16.8656","0.0045"
"202.7000","16.8743","0.0045"
"202.8000","16.8827","0.0045"
"202.9000","16.8912","0.0045"
"203.0000","16.9008","0.0045"
"203.1000","16.9077","0.0045"
"203.2000","16.9160","0.0045"
"203.3000","16.9239","0.0045"
"203.4000","16.9328","0.0045"
"203.5000","16.9415","0.0045"
"203.6000","16.9508","0.0045"
"203.7000","16.9573","0.0045"
"203.8000","16.9649","0.0045"
"203.9000","16.9736","0.0045"
"204.0000","16.9830","0.0045"
"204.1000","16.9914","0.0045"
"204.2000","17.0003","0.0045"
"204.3000","17.0076","0.0045"
"204.4000","17.0150","0.0045"
"204.5000","17.0240","0.0045"
"204.6000","17.0329","0.0045"
"204.7000","17.0414","0.0045"
"204.8000","17.0500","0.0045"
"204.9000","17.0580","0.0045"
"205.0000","17.0651","0.0045"
"205.1000","17.0740","0.0045"
"205.2000","17.0830","0.0046"
"205.3000","17.0915","0.0046"
"205.4000","17.1001","0.0046"
"205.5000","17.1093","0.0046"
"205.6000","17.1160","0.0046"
"205.7000","17.1243","0.0046"
"205.8000","17.1322","0.0046"
"205.9000","17.1408","0.0046"
"206.0000","17.1493","0.0046"
"206.1000","17.1587","0.0046"
"206.2000","17.1656","0.0046"
"206.3000","17.1735","0.0046"
"206.4000","17.1824","0.0046"
"206.5000","17.1915","0.0046"
"206.6000","17.1995","0.0046"
"206.7000","17.2084","0.0046"
"206.8000","17.2159","0.0046"
"206.9000","17.2234","0.0046"
"207.0000","17.2326","0.0046"
"207.1000","17.2416","0.0046"
"207.2000","17.2497","0.0046"
"207.3000","17.2579","0.0046"
"207.4000","17.2663","0.0046"
"207.5000","17.2733","0.0046"
"207.6000","17.2822","0.0046"
"207.7000","17.2906","0.0046"
"207.8000","17.2992","0.0046"
"207.9000","17.3078","0.0046"
"208.0000","17.3177","0.0046"
"208.1000","17.3244","0.0046"
"208.2000","17.3326","0.0046"
"208.3000","17.3405","0.0046"
"208.4000","17.3493","0.0046"
"208.5000","17.3580","0.0046"
"208.6000","17.3677","0.0046"
"208.7000","17.3744","0.0046"
"208.8000","17.3821","0.0046"
"208.9000","17.3904","0.0046"
"209.0000","17.3994","0.0046"
"209.1000","17.4081","0.0046"
"209.2000","17.4175","0.0046"
"209.3000","17.4245","0.0046"
"209.4000","17.4316","0.0046"
"209.5000","17.4405","0.0046"
"209.6000","17.4493","0.0046"
"209.7000","17.4580","0.0046"
"209.8000","17.4670","0.0046"
"209.9000","17.4750","0.0046"
"210.0000","17.4819","0.0046"
"210.1000","17.4906","0.0046"
"210.2000","17.4992","0.0046"
"210.3000","17.5076","0.0046"
"210.4000","17.5164","0.0046"
"210.5000","17.5257","0.0046"
"210.6000","17.5323","0.0046"
"210.7000","17.5407","0.0046"
"210.8000","17.5489","0.0046"
"210.9000","17.5577","0.0046"
"211.0000","17.5662","0.0046"
"211.1000","17.5760","0.0047"
"211.2000","17.5825","0.0047"
"211.3000","17.5903","0.0047"
"211.4000","17.5986","0.0047"
"211.5000","17.6075","0.0047"
"211.6000","17.6161","0.0047"
"211.7000","17.6254","0.0047"
"211.8000","17.6328","0.0047"
"211.9000","17.6401","0.0047"
"212.0000","17.6488","0.0047"
"212.1000","17.6577","0.0047"
"212.2000","17.6665","0.0047"
"212.3000","17.6753","0.0047"
"212.4000","17.6834","0.0047"
"212.5000","17.6903","0.0047"
"212.6000","17.6991","0.0047"
"212.7000","17.7079","0.0047"
"212.8000","17.7162","0.0047"
"212.9000","17.7248","0.0047"
"213.0000","17.7343","0.0047"
"213.1000","17.7408","0.0047"
"213.2000","17.7489","0.0047"
"213.3000","17.7570","0.0047"
"213.4000","17.7659","0.0047"
"213.5000","17.7746","0.0047"
"213.6000","17.7842","0.0047"
"213.7000","17.7910","0.0047"
"213.8000","17.7988","0.0047"
"213.9000","17.8072","0.0047"
"214.0000","17.8162","0.0047"
"214.1000","17.8247","0.0047"
"214.2000","17.8341","0.0047"
"214.3000","17.8413","0.0047"
"214.4000","17.8486","0.0047"
"214.5000","17.8571","0.0047"
"214.6000","17.8658","0.0047"
"214.7000","17.8745","0.0047"
"214.8000","17.8832","0.0047"
"214.9000","17.8914","0.0047"
"215.0000","17.8983","0.0047"
"215.1000","17.9072","0.0047"
"215.2000","17.9159","0.0047"
"215.3000","17.9245","0.0047"
"215.4000","17.9330","0.0047"
"215.5000","17.9423","0.0047"
"215.6000","17.9490","0.0047"
"215.7000","17.9573","0.0047"
"215.8000","17.9654","0.0047"
"215.9000","17.9744","0.0047"
"216.0000","17.9834","0.0047"
"216.1000","17.9928","0.0047"
"216.2000","17.9992","0.0047"
"216.3000","18.0069","0.0047"
"216.4000","18.0157","0.0047"
"216.5000","18.0252","0.0047"
"216.6000","18.0333","0.0047"
"216.7000","18.0424","0.0047"
"216.8000","18.0493","0.0047"
"216.9000","18.0564","0.0047"
"217.0000","18.0655","0.0047"
"217.1000","18.0748","0.0048"
"217.2000","18.0832","0.0048"
"217.3000","18.0916","0.0048"
"217.4000","18.0999","0.0048"
"217.5000","18.1071","0.0048"
"217.6000","18.1157","0.0048"
"217.7000","18.1242","0.0048"
"217.8000","18.1324","0.0048"
"217.9000","18.1409","0.0048"
"218.0000","18.1507","0.0048"
"218.1000","18.1577","0.0048"
"218.2000","18.1660","0.0048"
"218.3000","18.1742","0.0048"
"218.4000","18.1828","0.0048"
"218.5000","18.1913","0.0048"
"218.6000","18.2010","0.0048"
"218.7000","18.2077","0.0048"
"218.8000","18.2153","0.0048"
"218.9000","18.2233","0.0048"
"219.0000","18.2321","0.0048"
"219.1000","18.2411","0.0048"
"219.2000","18.2505","0.0048"
"219.3000","18.2576","0.0048"
"219.4000","18.2647","0.0048"
"219.5000","18.2736","0.0048"
"219.6000","18.2827","0.0048"
"219.7000","18.2917","0.0048"
"219.8000","18.3004","0.0048"
"219.9000","18.3085","0.0048"
"220.0000","18.3155","0.0048"
"220.1000","18.3242","0.0048"
"220.2000","18.3327","0.0048"
"220.3000","18.3411","0.0048"
"220.4000","18.3495","0.0048"
"220.5000","18.3589","0.0048"
"220.6000","18.3656","0.0048"
"220.7000","18.3738","0.0048"
"220.8000","18.3820","0.0048"
"220.9000","18.3909","0.0048"
"221.0000","18.3999","0.0048"
"221.1000","18.4095","0.0048"
"221.2000","18.4161","0.0048"
"221.3000","18.4237","0.0048"
"221.4000","18.4321","0.0048"
"221.5000","18.4410","0.0048"
"221.6000","18.4492","0.0048"
"221.7000","18.4588","0.0048"
"221.8000","18.4662","0.0048"
"221.9000","18.4734","0.0048"
"222.0000","18.4822","0.0048"
"222.1000","18.4914","0.0048"
"222.2000","18.5001","0.0048"
"222.3000","18.5090","0.0048"
"222.4000","18.5165","0.0048"
"222.5000","18.5233","0.0048"
"222.6000","18.5320","0.0048"
"222.7000","18.5408","0.0048"
"222.8000","18.5492","0.0048"
"222.9000","18.5575","0.0048"
"223.0000","18.5670","0.0049"
"223.1000","18.5739","0.0049"
"223.2000","18.5825","0.0048"
"223.3000","18.5908","0.0048"
"223.4000","18.6001","0.0049"
"223.5000","18.6085","0.0049"
"223.6000","18.6178","0.0049"
"223.7000","18.6242","0.0048"
"223.8000","18.6320","0.0049"
"223.9000","18.6401","0.0049"
"224.0000","18.6488","0.0049"
"224.1000","18.6573","0.0049"
"224.2000","18.6668","0.0049"
"224.3000","18.6747","0.0049"
"224.4000","18.6819","0.0049"
"224.5000","18.6905","0.0049"
"224.6000","18.6995","0.0049"
"224.7000","18.7086","0.0049"
"224.8000","18.7174","0.0049"
"224.9000","18.7249","0.0049"
"225.0000","18.7317","0.0049"
"225.1000","18.7404","0.0049"
"225.2000","18.7492","0.0049"
"225.3000","18.7576","0.0049"
"225.4000","18.7659","0.0049"
"225.5000","18.7758","0.0049"
"225.6000","18.7826","0.0049"
"225.7000","18.7910","0.0049"
"225.8000","18.7994","0.0049"
"225.9000","18.8080","0.0049"
"226.0000","18.8164","0.0049"
"226.1000","18.8260","0.0049"
"226.2000","18.8325","0.0049"
"226.3000","18.8400","0.0049"
"226.4000","18.8485","0.0049"
"226.5000","18.8575","0.0049"
"226.6000","18.8660","0.0049"
"226.7000","18.8753","0.0049"
"226.8000","18.8829","0.0049"
"226.9000","18.8902","0.0049"
"227.0000","18.8991","0.0049"
"227.1000","18.9081","0.0049"
"227.2000","18.9167","0.0049"
"227.3000","18.9252","0.0049"
"227.4000","18.9332","0.0049"
"227.5000","18.9402","0.0049"
"227.6000","18.9488","0.0049"
"227.7000","18.9575","0.0049"
"227.8000","18.9658","0.0049"
"227.9000","18.9743","0.0049"
"228.0000","18.9841","0.0049"
"228.1000","18.9907","0.0049"
"228.2000","18.9993","0.0049"
"228.3000","19.0078","0.0049"
"228.4000","19.0166","0.0049"
"228.5000","19.0250","0.0049"
"228.6000","19.0340","0.0049"
"228.7000","19.0407","0.0049"
"228.8000","19.0485","0.0049"
"228.9000","19.0569","0.0049"
"229.0000","19.0660","0.0049"
"229.1000","19.0743","0.0049"
"229.2000","19.0842","0.0049"
"229.3000","19.0917","0.0049"
"229.4000","19.0990","0.0049"
"229.5000","19.1074","0.0049"
"229.6000","19.1160","0.0050"
"229.7000","19.1245","0.0050"
"229.8000","19.1331","0.0050"
"229.9000","19.1412","0.0050"
"230.0000","19.1482","0.0050"
"230.1000","19.1570","0.0050"
"230.2000","19.1660","0.0050"
"230.3000","19.1745","0.0050"
"230.4000","19.1828","0.0050"
"230.5000","19.1923","0.0050"
"230.6000","19.1991","0.0050"
"230.7000","19.2074","0.0050"
"230.8000","19.2156","0.0050"
"230.9000","19.2246","0.0050"
"231.0000","19.2332","0.0050"
"231.1000","19.2425","0.0050"
"231.2000","19.2493","0.0050"
"231.3000","19.2570","0.0050"
"231.4000","19.2654","0.0050"
"231.5000","19.2746","0.0050"
"231.6000","19.2830","0.0050"
"231.7000","19.2924","0.0050"
"231.8000","19.2997","0.0050"
"231.9000","19.3068","0.0050"
"232.0000","19.3156","0.0050"
"232.1000","19.3248","0.0050"
"232.2000","19.3335","0.0050"
"232.3000","19.3419","0.0050"
"232.4000","19.3496","0.0050"
"232.5000","19.3564","0.0050"
"232.6000","19.3652","0.0050"
"232.7000","19.3743","0.0050"
"232.8000","19.3828","0.0050"
"232.9000","19.3914","0.0050"
"233.0000","19.4011","0.0050"
"233.1000","19.4078","0.0050"
"233.2000","19.4162","0.0050"
"233.3000","19.4242","0.0050"
"233.4000","19.4330","0.0050"
"233.5000","19.4411","0.0050"
"233.6000","19.4505","0.0050"
"233.7000","19.4573","0.0050"
"233.8000","19.4649","0.0050"
"233.9000","19.4734","0.0050"
"234.0000","19.4822","0.0050"
"234.1000","19.4907","0.0050"
"234.2000","19.5003","0.0050"
"234.3000","19.5081","0.0050"
"234.4000","19.5155","0.0050"
"234.5000","19.5241","0.0050"
"234.6000","19.5329","0.0050"
"234.7000","19.5416","0.0050"
"234.8000","19.5503","0.0050"
"234.9000","19.5583","0.0050"
"235.0000","19.5651","0.0050"
"235.1000","19.5739","0.0050"
"235.2000","19.5829","0.0050"
"235.3000","19.5914","0.0050"
"235.4000","19.5998","0.0050"
"235.5000","19.6092","0.0050"
"235.6000","19.6159","0.0050"
"235.7000","19.6241","0.0051"
"235.8000","19.6322","0.0051"
"235.9000","19.6407","0.0050"
"236.0000","19.6490","0.0050"
"236.1000","19.6586","0.0051"
"236.2000","19.6657","0.0050"
"236.3000","19.6736","0.0050"
"236.4000","19.6823","0.0050"
"236.5000","19.6917","0.0050"
"236.6000","19.6999","0.0051"
"236.7000","19.7091","0.0051"
"236.8000","19.7164","0.0051"
"236.9000","19.7237","0.0051"
"237.0000","19.7325","0.0051"
"237.1000","19.7413","0.0051"
"237.2000","19.7495","0.0051"
"237.3000","19.7584","0.0051"
"237.4000","19.7664","0.0051"
"237.5000","19.7732","0.0051"
"237.6000","19.7820","0.0051"
"237.7000","19.7906","0.0051"
"237.8000","19.7990","0.0051"
"237.9000","19.8075","0.0051"
"238.0000","19.8171","0.0051"
"238.1000","19.8241","0.0051"
"238.2000","19.8326","0.0051"
"238.3000","19.8411","0.0051"
"238.4000","19.8497","0.0051"
"238.5000","19.8580","0.0051"
"238.6000","19.8672","0.0051"
"238.7000","19.8741","0.0051"
"238.8000","19.8821","0.0051"
"238.9000","19.8907","0.0051"
"239.0000","19.8996","0.0051"
"239.1000","19.9078","0.0051"
"239.2000","19.9174","0.0051"
"239.3000","19.9250","0.0051"
"239.4000","19.9324","0.0051"
"239.5000","19.9406","0.0051"
"239.6000","19.9490","0.0051"
"239.7000","19.9574","0.0051"
"239.8000","19.9660","0.0051"
"239.9000","19.9747","0.0051"
"240.0000","19.9818","0.0051"
"240.1000","19.9909","0.0051"
"240.2000","19.9999","0.0051"
"240.3000","20.0083","0.0051"
"240.4000","20.0165","0.0051"
"240.5000","20.0257","0.0051"
"240.6000","20.0323","0.0051"
"240.7000","20.0408","0.0051"
"240.8000","20.0492","0.0051"
"240.9000","20.0580","0.0051"
"241.0000","20.0665","0.0051"
"241.1000","20.0755","0.0051"
"241.2000","20.0820","0.0051"
"241.3000","20.0895","0.0051"
"241.4000","20.0981","0.0051"
"241.5000","20.1077","0.0051"
"241.6000","20.1165","0.0051"
"241.7000","20.1258","0.0051"
"241.8000","20.1329","0.0051"
"241.9000","20.1399","0.0051"
"242.0000","20.1486","0.0051"
"242.1000","20.1579","0.0051"
"242.2000","20.1666","0.0051"
"242.3000","20.1755","0.0051"
"242.4000","20.1834","0.0051"
"242.5000","20.1902","0.0051"
"242.6000","20.1990","0.0052"
"242.7000","20.2078","0.0052"
"242.8000","20.2164","0.0052"
"242.9000","20.2248","0.0052"
"243.0000","20.2340","0.0052"
"243.1000","20.2407","0.0052"
"243.2000","20.2491","0.0052"
"243.3000","20.2572","0.0052"
"243.4000","20.2661","0.0052"
"243.5000","20.2745","0.0052"
"243.6000","20.2840","0.0052"
"243.7000","20.2910","0.0052"
"243.8000","20.2990","0.0052"
"243.9000","20.3075","0.0052"
"244.0000","20.3160","0.0052"
"244.1000","20.3240","0.0052"
"244.2000","20.3332","0.0052"
"244.3000","20.3415","0.0052"
"244.4000","20.3493","0.0052"
"244.5000","20.3575","0.0052"
"244.6000","20.3660","0.0052"
"244.7000","20.3744","0.0052"
"244.8000","20.3835","0.0052"
"244.9000","20.3915","0.0052"
"245.0000","20.3983","0.0052"
"245.1000","20.4071","0.0052"
"245.2000","20.4159","0.0052"
"245.3000","20.4247","0.0052"
"245.4000","20.4329","0.0052"
"245.5000","20.4421","0.0052"
"245.6000","20.4488","0.0052"
"245.7000","20.4574","0.0052"
"245.8000","20.4659","0.0052"
"245.9000","20.4743","0.0052"
"246.0000","20.4827","0.0052"
"246.1000","20.4925","0.0052"
"246.2000","20.4994","0.0052"
"246.3000","20.5075","0.0052"
"246.4000","20.5162","0.0052"
"246.5000","20.5248","0.0052"
"246.6000","20.5330","0.0052"
"246.7000","20.5421","0.0052"
"246.8000","20.5497","0.0052"
"246.9000","20.5568","0.0052"
"247.0000","20.5654","0.0052"
"247.1000","20.5744","0.0052"
"247.2000","20.5831","0.0052"
"247.3000","20.5920","0.0052"
"247.4000","20.6001","0.0052"
"247.5000","20.6068","0.0052"
"247.6000","20.6155","0.0052"
"247.7000","20.6240","0.0052"
"247.8000","20.6326","0.0052"
"247.9000","20.6412","0.0052"
"248.0000","20.6505","0.0052"
"248.1000","20.6573","0.0052"
"248.2000","20.6657","0.0052"
"248.3000","20.6742","0.0052"
"248.4000","20.6833","0.0052"
"248.5000","20.6916","0.0052"
"248.6000","20.7007","0.0052"
"248.7000","20.7074","0.0052"
"248.8000","20.7153","0.0052"
"248.9000","20.7239","0.0052"
"249.0000","20.7325","0.0053"
"249.1000","20.7406","0.0052"
"249.2000","20.7499","0.0052"
"249.3000","20.7579","0.0053"
"249.4000","20.7656","0.0053"
"249.5000","20.7740","0.0053"
"249.6000","20.7826","0.0053"
"249.7000","20.7913","0.0053"
"249.8000","20.8000","0.0053"
"249.9000","20.8084","0.0053"
"250.0000","20.8156","0.0053"
"250.1000","20.8242","0.0053"
"250.2000","20.8327","0.0053"
"250.3000","20.8411","0.0053"
"250.4000","20.8494","0.0053"
"250.5000","20.8591","0.0053"
"250.6000","20.8658","0.0053"
"250.7000","20.8738","0.0053"
"250.8000","20.8820","0.0053"
"250.9000","20.8907","0.0053"
"251.0000","20.8997","0.0053"
"251.1000","20.9094","0.0053"
"251.2000","20.9160","0.0053"
"251.3000","20.9237","0.0053"
"251.4000","20.9321","0.0053"
"251.5000","20.9413","0.0053"
"251.6000","20.9495","0.0053"
"251.7000","20.9588","0.0053"
"251.8000","20.9662","0.0053"
"251.9000","20.9735","0.0053"
"252.0000","20.9823","0.0053"
"252.1000","20.9914","0.0053"
"252.2000","21.0001","0.0053"
"252.3000","21.0089","0.0053"
"252.4000","21.0166","0.0053"
"252.5000","21.0234","0.0053"
"252.6000","21.0318","0.0053"
"252.7000","21.0406","0.0053"
"252.8000","21.0492","0.0053"
"252.9000","21.0577","0.0053"
"253.0000","21.0671","0.0053"
"253.1000","21.0740","0.0053"
"253.2000","21.0823","0.0053"
"253.3000","21.0906","0.0053"
"253.4000","21.0997","0.0053"
"253.5000","21.1082","0.0053"
"253.6000","21.1178","0.0053"
"253.7000","21.1245","0.0053"
"253.8000","21.1324","0.0053"
"253.9000","21.1409","0.0053"
"254.0000","21.1492","0.0053"
"254.1000","21.1571","0.0053"
"254.2000","21.1664","0.0053"
"254.3000","21.1743","0.0053"
"254.4000","21.1819","0.0053"
"254.5000","21.1908","0.0053"
"254.6000","21.1997","0.0053"
"254.7000","21.2084","0.0053"
"254.8000","21.2174","0.0053"
"254.9000","21.2251","0.0053"
"255.0000","21.2318","0.0053"
"255.1000","21.2401","0.0053"
"255.2000","21.2487","0.0053"
"255.3000","21.2574","0.0053"
"255.4000","21.2662","0.0053"
"255.5000","21.2759","0.0053"
"255.6000","21.2826","0.0053"
"255.7000","21.2911","0.0054"
"255.8000","21.2994","0.0053"
"255.9000","21.3082","0.0054"
"256.0000","21.3163","0.0054"
"256.1000","21.3254","0.0054"
"256.2000","21.3321","0.0054"
"256.3000","21.3400","0.0054"
"256.4000","21.3486","0.0054"
"256.5000","21.3575","0.0054"
"256.6000","21.3660","0.0054"
"256.7000","21.3755","0.0054"
"256.8000","21.3831","0.0054"
"256.9000","21.3904","0.0054"
"257.0000","21.3990","0.0054"
"257.1000","21.4081","0.0054"
"257.2000","21.4166","0.0054"
"257.3000","21.4256","0.0054"
"257.4000","21.4333","0.0054"
"257.5000","21.4402","0.0054"
"257.6000","21.4489","0.0054"
"257.7000","21.4576","0.0054"
"257.8000","21.4661","0.0054"
"257.9000","21.4745","0.0054"
"258.0000","21.4843","0.0054"
"258.1000","21.4909","0.0054"
"258.2000","21.4994","0.0054"
"258.3000","21.5078","0.0054"
"258.4000","21.5160","0.0054"
"258.5000","21.5241","0.0054"
"258.6000","21.5335","0.0054"
"258.7000","21.5404","0.0054"
"258.8000","21.5484","0.0054"
"258.9000","21.5571","0.0054"
"259.0000","21.5662","0.0054"
"259.1000","21.5746","0.0054"
"259.2000","21.5841","0.0054"
"259.3000","21.5917","0.0054"
"259.4000","21.5993","0.0054"
"259.5000","21.6077","0.0054"
"259.6000","21.6162","0.0054"
"259.7000","21.6245","0.0054"
"259.8000","21.6329","0.0054"
"259.9000","21.6412","0.0054"
"260.0000","21.6482","0.0054"
"260.1000","21.6569","0.0054"
"260.2000","21.6658","0.0054"
"260.3000","21.6744","0.0054"
"260.4000","21.6828","0.0054"
"260.5000","21.6924","0.0054"
"260.6000","21.6993","0.0054"
"260.7000","21.7076","0.0054"
"260.8000","21.7157","0.0054"
"260.9000","21.7245","0.0054"
"261.0000","21.7330","0.0054"
"261.1000","21.7425","0.0054"
"261.2000","21.7492","0.0054"
"261.3000","21.7570","0.0054"
"261.4000","21.7654","0.0054"
"261.5000","21.7746","0.0054"
"261.6000","21.7831","0.0054"
"261.7000","21.7927","0.0054"
"261.8000","21.7999","0.0054"
"261.9000","21.8071","0.0054"
"262.0000","21.8155","0.0054"
"262.1000","21.8243","0.0054"
"262.2000","21.8330","0.0054"
"262.3000","21.8418","0.0054"
"262.4000","21.8499","0.0054"
"262.5000","21.8568","0.0054"
"262.6000","21.8653","0.0055"
"262.7000","21.8740","0.0055"
"262.8000","21.8827","0.0054"
"262.9000","21.8914","0.0054"
"263.0000","21.9010","0.0055"
"263.1000","21.9078","0.0055"
"263.2000","21.9162","0.0055"
"263.3000","21.9243","0.0055"
"263.4000","21.9329","0.0055"
"263.5000","21.9410","0.0055"
"263.6000","21.9504","0.0055"
"263.7000","21.9573","0.0055"
"263.8000","21.9652","0.0055"
"263.9000","21.9739","0.0055"
"264.0000","21.9827","0.0055"
"264.1000","21.9912","0.0055"
"264.2000","22.0002","0.0055"
"264.3000","22.0076","0.0055"
"264.4000","22.0149","0.0055"
"264.5000","22.0236","0.0055"
"264.6000","22.0328","0.0055"
"264.7000","22.0417","0.0055"
"264.8000","22.0504","0.0055"
"264.9000","22.0583","0.0055"
"265.0000","22.0651","0.0055"
"265.1000","22.0737","0.0055"
"265.2000","22.0825","0.0055"
"265.3000","22.0913","0.0055"
"265.4000","22.1001","0.0055"
"265.5000","22.1094","0.0055"
"265.6000","22.1159","0.0055"
"265.7000","22.1240","0.0055"
"265.8000","22.1322","0.0055"
"265.9000","22.1409","0.0055"
"266.0000","22.1493","0.0055"
"266.1000","22.1586","0.0055"
"266.2000","22.1655","0.0055"
"266.3000","22.1735","0.0055"
"266.4000","22.1821","0.0055"
"266.5000","22.1913","0.0055"
"266.6000","22.1997","0.0055"
"266.7000","22.2095","0.0055"
"266.8000","22.2168","0.0055"
"266.9000","22.2240","0.0055"
"267.0000","22.2323","0.0055"
"267.1000","22.2409","0.0055"
"267.2000","22.2494","0.0055"
"267.3000","22.2582","0.0055"
"267.4000","22.2663","0.0055"
"267.5000","22.2734","0.0055"
"267.6000","22.2821","0.0055"
"267.7000","22.2910","0.0055"
"267.8000","22.2994","0.0055"
"267.9000","22.3076","0.0055"
"268.0000","22.3170","0.0055"
"268.1000","22.3237","0.0055"
"268.2000","22.3322","0.0055"
"268.3000","22.3405","0.0055"
"268.4000","22.3496","0.0055"
"268.5000","22.3581","0.0055"
"268.6000","22.3674","0.0055"
"268.7000","22.3742","0.0055"
"268.8000","22.3820","0.0055"
"268.9000","22.3908","0.0055"
"269.0000","22.3997","0.0055"
"269.1000","22.4079","0.0055"
"269.2000","22.4173","0.0055"
"269.3000","22.4249","0.0055"
"269.4000","22.4323","0.0055"
"269.5000","22.4407","0.0055"
"269.6000","22.4492","0.0055"
"269.7000","22.4577","0.0056"
"269.8000","22.4663","0.0055"
"269.9000","22.4746","0.0055"
"270.0000","22.4816","0.0056"
"270.1000","22.4904","0.0056"
"270.2000","22.4992","0.0056"
"270.3000","22.5080","0.0056"
"270.4000","22.5167","0.0056"
"270.5000","22.5261","0.0056"
"270.6000","22.5325","0.0056"
"270.7000","22.5408","0.0056"
"270.8000","22.5487","0.0056"
"270.9000","22.5576","0.0056"
"271.0000","22.5661","0.0056"
"271.1000","22.5758","0.0056"
"271.2000","22.5823","0.0056"
"271.3000","22.5901","0.0056"
"271.4000","22.5988","0.0056"
"271.5000","22.6080","0.0056"
"271.6000","22.6166","0.0056"
"271.7000","22.6259","0.0056"
"271.8000","22.6327","0.0056"
"271.9000","22.6399","0.0056"
"272.0000","22.6486","0.0056"
"272.1000","22.6575","0.0056"
"272.2000","22.6661","0.0056"
"272.3000","22.6752","0.0056"
"272.4000","22.6834","0.0056"
"272.5000","22.6903","0.0056"
"272.6000","22.6992","0.0056"
"272.7000","22.7081","0.0056"
"272.8000","22.7164","0.0056"
"272.9000","22.7248","0.0056"
"273.0000","22.7342","0.0056"
"273.1000","22.7408","0.0056"
"273.2000","22.7490","0.0056"
"273.3000","22.7573","0.0056"
"273.4000","22.7658","0.0056"
"273.5000","22.7744","0.0056"
"273.6000","22.7839","0.0056"
"273.7000","22.7907","0.0056"
"273.8000","22.7990","0.0056"
"273.9000","22.8078","0.0056"
"274.0000","22.8167","0.0056"
"274.1000","22.8249","0.0056"
"274.2000","22.8341","0.0056"
"274.3000","22.8413","0.0056"
"274.4000","22.8484","0.0056"
"274.5000","22.8568","0.0056"
"274.6000","22.8657","0.0056"
"274.7000","22.8748","0.0056"
"274.8000","22.8836","0.0056"
"274.9000","22.8917","0.0056"
"275.0000","22.8988","0.0056"
"275.1000","22.9074","0.0056"
"275.2000","22.9159","0.0056"
"275.3000","22.9243","0.0056"
"275.4000","22.9329","0.0056"
"275.5000","22.9427","0.0056"
"275.6000","22.9492","0.0056"
"275.7000","22.9572","0.0056"
"275.8000","22.9651","0.0056"
"275.9000","22.9738","0.0056"
"276.0000","22.9827","0.0056"
"276.1000","22.9926","0.0056"
"276.2000","22.9994","0.0056"
"276.3000","23.0071","0.0056"
"276.4000","23.0156","0.0056"
"276.5000","23.0248","0.0056"
"276.6000","23.0333","0.0056"
"276.7000","23.0426","0.0057"
"276.8000","23.0496","0.0056"
"276.9000","23.0568","0.0057"
"277.0000","23.0655","0.0057"
"277.1000","23.0743","0.0057"
"277.2000","23.0830","0.0057"
"277.3000","23.0916","0.0057"
"277.4000","23.0999","0.0057"
"277.5000","23.1071","0.0056"
"277.6000","23.1157","0.0057"
"277.7000","23.1242","0.0057"
"277.8000","23.1328","0.0057"
"277.9000","23.1412","0.0057"
"278.0000","23.1507","0.0057"
"278.1000","23.1574","0.0057"
"278.2000","23.1655","0.0057"
"278.3000","23.1738","0.0057"
"278.4000","23.1830","0.0057"
"278.5000","23.1916","0.0057"
"278.6000","23.2010","0.0057"
"278.7000","23.2074","0.0057"
"278.8000","23.2151","0.0057"
"278.9000","23.2238","0.0057"
"279.0000","23.2329","0.0057"
"279.1000","23.2411","0.0057"
"279.2000","23.2501","0.0057"
"279.3000","23.2574","0.0057"
"279.4000","23.2648","0.0057"
"279.5000","23.2740","0.0057"
"279.6000","23.2831","0.0057"
"279.7000","23.2916","0.0057"
"279.8000","23.3001","0.0057"
"279.9000","23.3081","0.0057"
"280.0000","23.3152","0.0057"
"280.1000","23.3240","0.0057"
"280.2000","23.3327","0.0057"
"280.3000","23.3411","0.0057"
"280.4000","23.3496","0.0057"
"280.5000","23.3593","0.0057"
"280.6000","23.3660","0.0057"
"280.7000","23.3740","0.0057"
"280.8000","23.3817","0.0057"
"280.9000","23.3904","0.0057"
"281.0000","23.3995","0.0057"
"281.1000","23.4095","0.0057"
"281.2000","23.4161","0.0057"
"281.3000","23.4238","0.0057"
"281.4000","23.4322","0.0057"
"281.5000","23.4410","0.0057"
"281.6000","23.4495","0.0057"
"281.7000","23.4589","0.0057"
"281.8000","23.4662","0.0057"
"281.9000","23.4735","0.0057"
"282.0000","23.4821","0.0057"
"282.1000","23.4913","0.0057"
"282.2000","23.5001","0.0057"
"282.3000","23.5087","0.0057"
"282.4000","23.5166","0.0057"
"282.5000","23.5235","0.0057"
"282.6000","23.5320","0.0057"
"282.7000","23.5405","0.0057"
"282.8000","23.5493","0.0057"
"282.9000","23.5577","0.0057"
"283.0000","23.5671","0.0057"
"283.1000","23.5739","0.0057"
"283.2000","23.5820","0.0057"
"283.3000","23.5905","0.0057"
"283.4000","23.5995","0.0057"
"283.5000","23.6082","0.0057"
"283.6000","23.6178","0.0057"
"283.7000","23.6245","0.0057"
"283.8000","23.6322","0.0058"
"283.9000","23.6404","0.0057"
"284.0000","23.6495","0.0057"
"284.1000","23.6576","0.0058"
"284.2000","23.6672","0.0057"
"284.3000","23.6749","0.0058"
"284.4000","23.6821","0.0058"
"284.5000","23.6905","0.0058"
"284.6000","23.6992","0.0058"
"284.7000","23.7079","0.0058"
"284.8000","23.7168","0.0058"
"284.9000","23.7251","0.0058"
"285.0000","23.7319","0.0058"
"285.1000","23.7405","0.0058"
"285.2000","23.7493","0.0058"
"285.3000","23.7576","0.0058"
"285.4000","23.7662","0.0058"
"285.5000","23.7757","0.0058"
"285.6000","23.7825","0.0058"
"285.7000","23.7909","0.0058"
"285.8000","23.7993","0.0058"
"285.9000","23.8082","0.0058"
"286.0000","23.8166","0.0058"
"286.1000","23.8258","0.0058"
"286.2000","23.8323","0.0058"
"286.3000","23.8396","0.0058"
"286.4000","23.8481","0.0058"
"286.5000","23.8574","0.0058"
"286.6000","23.8663","0.0058"
"286.7000","23.8758","0.0058"
"286.8000","23.8830","0.0058"
"286.9000","23.8902","0.0058"
"287.0000","23.8990","0.0058"
"287.1000","23.9081","0.0058"
"287.2000","23.9167","0.0058"
"287.3000","23.9253","0.0058"
"287.4000","23.9333","0.0058"
"287.5000","23.9402","0.0058"
"287.6000","23.9491","0.0058"
"287.7000","23.9576","0.0058"
"287.8000","23.9658","0.0058"
"287.9000","23.9742","0.0058"
"288.0000","23.9840","0.0058"
"288.1000","23.9908","0.0058"
"288.2000","23.9993","0.0058"
"288.3000","24.0075","0.0058"
"288.4000","24.0162","0.0058"
"288.5000","24.0248","0.0058"
"288.6000","24.0343","0.0058"
"288.7000","24.0410","0.0058"
"288.8000","24.0488","0.0058"
"288.9000","24.0570","0.0058"
"289.0000","24.0657","0.0058"
"289.1000","24.0743","0.0058"
"289.2000","24.0840","0.0058"
"289.3000","24.0916","0.0058"
"289.4000","24.0988","0.0058"
"289.5000","24.1075","0.0058"
"289.6000","24.1165","0.0058"
"289.7000","24.1248","0.0058"
"289.8000","24.1331","0.0058"
"289.9000","24.1411","0.0058"
"290.0000","24.1479","0.0058"
"290.1000","24.1567","0.0058"
"290.2000","24.1656","0.0058"
"290.3000","24.1743","0.0058"
"290.4000","24.1830","0.0058"
"290.5000","24.1926","0.0058"
"290.6000","24.1993","0.0058"
"290.7000","24.2076","0.0058"
"290.8000","24.2156","0.0059"
"290.9000","24.2245","0.0058"
"291.0000","24.2329","0.0058"
"291.1000","24.2425","0.0058"
"291.2000","24.2493","0.0058"
"291.3000","24.2572","0.0059"
"291.4000","24.2658","0.0059"
"291.5000","24.2747","0.0059"
"291.6000","24.2828","0.0058"
"291.7000","24.2922","0.0059"
"291.8000","24.2997","0.0059"
"291.9000","24.3072","0.0059"
"292.0000","24.3159","0.0059"
"292.1000","24.3246","0.0059"
"292.2000","24.3330","0.0059"
"292.3000","24.3417","0.0059"
"292.4000","24.3498","0.0059"
"292.5000","24.3567","0.0059"
"292.6000","24.3655","0.0059"
"292.7000","24.3745","0.0059"
"292.8000","24.3831","0.0059"
"292.9000","24.3916","0.0059"
"293.0000","24.4006","0.0059"
"293.1000","24.4073","0.0059"
"293.2000","24.4155","0.0059"
"293.3000","24.4236","0.0059"
"293.4000","24.4324","0.0059"
"293.5000","24.4412","0.0059"
"293.6000","24.4508","0.0059"
"293.7000","24.4575","0.0059"
"293.8000","24.4650","0.0059"
"293.9000","24.4735","0.0059"
"294.0000","24.4826","0.0059"
"294.1000","24.4911","0.0059"
"294.2000","24.5006","0.0059"
"294.3000","24.5080","0.0059"
"294.4000","24.5154","0.0059"
"294.5000","24.5239","0.0059"
"294.6000","24.5328","0.0059"
"294.7000","24.5414","0.0059"
"294.8000","24.5500","0.0059"
"294.9000","24.5581","0.0059"
"295.0000","24.5652","0.0059"
"295.1000","24.5740","0.0059"
"295.2000","24.5826","0.0059"
"295.3000","24.5911","0.0059"
"295.4000","24.6000","0.0059"
"295.5000","24.6095","0.0059"
"295.6000","24.6162","0.0059"
"295.7000","24.6241","0.0059"
"295.8000","24.6319","0.0059"
"295.9000","24.6407","0.0059"
"296.0000","24.6496","0.0059"
"296.1000","24.6591","0.0059"
"296.2000","24.6656","0.0059"
"296.3000","24.6733","0.0059"
"296.4000","24.6819","0.0059"
"296.5000","24.6911","0.0059"
"296.6000","24.6997","0.0059"
"296.7000","24.7096","0.0059"
"296.8000","24.7166","0.0059"
"296.9000","24.7239","0.0059"
"297.0000","24.7325","0.0059"
"297.1000","24.7411","0.0059"
"297.2000","24.7496","0.0059"
"297.3000","24.7581","0.0059"
"297.4000","24.7663","0.0059"
"297.5000","24.7732","0.0059"
"297.6000","24.7820","0.0059"
"297.7000","24.7910","0.0059"
"297.8000","24.7995","0.0059"
"297.9000","24.8079","0.0059"
"298.0000","24.8171","0.0059"
"298.1000","24.8237","0.0060"
"298.2000","24.8323","0.0059"
"298.3000","24.8406","0.0060"
"298.4000","24.8496","0.0059"
"298.5000","24.8579","0.0059"
"298.6000","24.8672","0.0059"
"298.7000","24.8742","0.0059"
"298.8000","24.8821","0.0060"
"298.9000","24.8907","0.0059"
"299.0000","24.8997","0.0060"
"299.1000","24.9081","0.0060"
"299.2000","24.9175","0.0060"
"299.3000","24.9249","0.0060"
"299.4000","24.9322","0.0060"
"299.5000","24.9406","0.0060"
"299.6000","24.9493","0.0060"
"299.7000","24.9579","0.0060"
"299.8000","24.9665","0.0060"
"299.9000","24.9746","0.0060"
"300.0000","24.9815","0.0060"
"300.1000","24.9904","0.0060"
"300.2000","24.9992","0.0060"
"300.3000","25.0081","0.0060"
"300.4000","25.0166","0.0060"
"300.5000","25.0261","0.0060"
"300.6000","25.0328","0.0060"
"300.7000","25.0410","0.0060"
"300.8000","25.0488","0.0060"
"300.9000","25.0574","0.0060"
"301.0000","25.0659","0.0060"
"301.1000","25.0756","0.0060"
"301.2000","25.0825","0.0060"
"301.3000","25.0902","0.0060"
"301.4000","25.0987","0.0060"
"301.5000","25.1079","0.0060"
"301.6000","25.1163","0.0060"
"301.7000","25.1257","0.0060"
"301.8000","25.1330","0.0060"
"301.9000","25.1402","0.0060"
"302.0000","25.1485","0.0060"
"302.1000","25.1575","0.0060"
"302.2000","25.1663","0.0060"
"302.3000","25.1752","0.0060"
"302.4000","25.1834","0.0060"
"302.5000","25.1902","0.0060"
"302.6000","25.1990","0.0060"
"302.7000","25.2078","0.0060"
"302.8000","25.2162","0.0060"
"302.9000","25.2249","0.0060"
"303.0000","25.2344","0.0060"
"303.1000","25.2410","0.0060"
"303.2000","25.2491","0.0060"
"303.3000","25.2570","0.0060"
"303.4000","25.2654","0.0060"
"303.5000","25.2742","0.0060"
"303.6000","25.2841","0.0060"
"303.7000","25.2910","0.0060"
"303.8000","25.2990","0.0060"
"303.9000","25.3076","0.0060"
"304.0000","25.3169","0.0060"
"304.1000","25.3250","0.0060"
"304.2000","25.3341","0.0060"
"304.3000","25.3412","0.0060"
"304.4000","25.3483","0.0060"
"304.5000","25.3566","0.0060"
"304.6000","25.3655","0.0060"
"304.7000","25.3746","0.0060"
"304.8000","25.3838","0.0060"
"304.9000","25.3919","0.0060"
"305.0000","25.3987","0.0060"
"305.1000","25.4070","0.0060"
"305.2000","25.4156","0.0060"
"305.3000","25.4241","0.0060"
"305.4000","25.4328","0.0060"
"305.5000","25.4425","0.0060"
"305.6000","25.4491","0.0061"
"305.7000","25.4573","0.0060"
"305.8000","25.4656","0.0060"
"305.9000","25.4744","0.0060"
"306.0000","25.4830","0.0060"
"306.1000","25.4925","0.0061"
"306.2000","25.4996","0.0060"
"306.3000","25.5074","0.0061"
"306.4000","25.5156","0.0061"
"306.5000","25.5242","0.0061"
"306.6000","25.5328","0.0061"
"306.7000","25.5425","0.0061"
"306.8000","25.5497","0.0061"
"306.9000","25.5569","0.0061"
"307.0000","25.5654","0.0061"
"307.1000","25.5744","0.0061"
"307.2000","25.5832","0.0061"
"307.3000","25.5916","0.0061"
"307.4000","25.5997","0.0061"
"307.5000","25.6069","0.0061"
"307.6000","25.6158","0.0061"
"307.7000","25.6246","0.0061"
"307.8000","25.6329","0.0061"
"307.9000","25.6411","0.0061"
"308.0000","25.6504","0.0061"
"308.1000","25.6573","0.0061"
"308.2000","25.6655","0.0061"
"308.3000","25.6738","0.0061"
"308.4000","25.6830","0.0061"
"308.5000","25.6914","0.0061"
"308.6000","25.7010","0.0061"
"308.7000","25.7075","0.0061"
"308.8000","25.7152","0.0061"
"308.9000","25.7235","0.0061"
"309.0000","25.7324","0.0061"
"309.1000","25.7410","0.0061"
"309.2000","25.7505","0.0061"
"309.3000","25.7579","0.0061"
"309.4000","25.7652","0.0061"
"309.5000","25.7738","0.0061"
"309.6000","25.7828","0.0061"
"309.7000","25.7917","0.0061"
"309.8000","25.8004","0.0061"
"309.9000","25.8086","0.0061"
"310.0000","25.8156","0.0061"
"310.1000","25.8241","0.0061"
"310.2000","25.8323","0.0061"
"310.3000","25.8404","0.0061"
"310.4000","25.8488","0.0061"
"310.5000","25.8585","0.0061"
"310.6000","25.8656","0.0061"
"310.7000","25.8743","0.0061"
"310.8000","25.8824","0.0061"
"310.9000","25.8912","0.0061"
"311.0000","25.8996","0.0061"
"311.1000","25.9092","0.0061"
"311.2000","25.9160","0.0061"
"311.3000","25.9236","0.0061"
"311.4000","25.9321","0.0061"
"311.5000","25.9411","0.0061"
"311.6000","25.9497","0.0061"
"311.7000","25.9593","0.0061"
"311.8000","25.9665","0.0061"
"311.9000","25.9739","0.0061"
"312.0000","25.9822","0.0061"
"312.1000","25.9910","0.0061"
"312.2000","25.9999","0.0061"
"312.3000","26.0085","0.0061"
"312.4000","26.0166","0.0061"
"312.5000","26.0235","0.0061"
"312.6000","26.0320","0.0061"
"312.7000","26.0405","0.0061"
"312.8000","26.0491","0.0061"
"312.9000","26.0575","0.0061"
"313.0000","26.0672","0.0061"
"313.1000","26.0742","0.0061"
"313.2000","26.0825","0.0061"
"313.3000","26.0907","0.0061"
"313.4000","26.0994","0.0062"
"313.5000","26.1079","0.0062"
"313.6000","26.1181","0.0061"
"313.7000","26.1246","0.0062"
"313.8000","26.1321","0.0061"
"313.9000","26.1404","0.0062"
"314.0000","26.1493","0.0062"
"314.1000","26.1580","0.0062"
"314.2000","26.1675","0.0062"
"314.3000","26.1746","0.0062"
"314.4000","26.1819","0.0062"
"314.5000","26.1904","0.0062"
"314.6000","26.1991","0.0062"
"314.7000","26.2076","0.0062"
"314.8000","26.2162","0.0062"
"314.9000","26.2250","0.0062"
"315.0000","26.2323","0.0062"
"315.1000","26.2409","0.0062"
"315.2000","26.2492","0.0062"
"315.3000","26.2576","0.0062"
"315.4000","26.2660","0.0062"
"315.5000","26.2759","0.0062"
"315.6000","26.2827","0.0062"
"315.7000","26.2909","0.0062"
"315.8000","26.2993","0.0062"
"315.9000","26.3081","0.0062"
"316.0000","26.3163","0.0062"
"316.1000","26.3258","0.0062"
"316.2000","26.3326","0.0062"
"316.3000","26.3400","0.0062"
"316.4000","26.3482","0.0062"
"316.5000","26.3570","0.0062"
"316.6000","26.3655","0.0062"
"316.7000","26.3753","0.0062"
"316.8000","26.3833","0.0062"
"316.9000","26.3907","0.0062"
"317.0000","26.3993","0.0062"
"317.1000","26.4083","0.0062"
"317.2000","26.4166","0.0062"
"317.3000","26.4249","0.0062"
"317.4000","26.4330","0.0062"
"317.5000","26.4400","0.0062"
"317.6000","26.4490","0.0062"
"317.7000","26.4578","0.0062"
"317.8000","26.4662","0.0062"
"317.9000","26.4746","0.0062"
"318.0000","26.4839","0.0062"
"318.1000","26.4907","0.0062"
"318.2000","26.4989","0.0062"
"318.3000","26.5073","0.0062"
"318.4000","26.5162","0.0062"
"318.5000","26.5251","0.0062"
"318.6000","26.5341","0.0062"
"318.7000","26.5408","0.0062"
"318.8000","26.5484","0.0062"
"318.9000","26.5572","0.0062"
"319.0000","26.5660","0.0062"
"319.1000","26.5744","0.0062"
"319.2000","26.5839","0.0062"
"319.3000","26.5916","0.0062"
"319.4000","26.5990","0.0062"
"319.5000","26.6077","0.0062"
"319.6000","26.6164","0.0062"
"319.7000","26.6247","0.0062"
"319.8000","26.6332","0.0062"
"319.9000","26.6413","0.0062"
"320.0000","26.6482","0.0062"
"320.1000","26.6569","0.0062"
"320.2000","26.6655","0.0062"
"320.3000","26.6740","0.0062"
"320.4000","26.6828","0.0062"
"320.5000","26.6925","0.0062"
"320.6000","26.6992","0.0062"
"320.7000","26.7078","0.0062"
"320.8000","26.7160","0.0062"
"320.9000","26.7247","0.0062"
"321.0000","26.7330","0.0062"
"321.1000","26.7421","0.0062"
"321.2000","26.7491","0.0062"
"321.3000","26.7571","0.0063"
"321.4000","26.7655","0.0062"
"321.5000","26.7743","0.0062"
"321.6000","26.7829","0.0063"
"321.7000","26.7926","0.0062"
"321.8000","26.8000","0.0063"
"321.9000","26.8074","0.0062"
"322.0000","26.8158","0.0063"
"322.1000","26.8244","0.0063"
"322.2000","26.8329","0.0063"
"322.3000","26.8415","0.0063"
"322.4000","26.8494","0.0063"
"322.5000","26.8564","0.0063"
"322.6000","26.8654","0.0063"
"322.7000","26.8743","0.0063"
"322.8000","26.8829","0.0063"
"322.9000","26.8913","0.0063"
"323.0000","26.9008","0.0063"
"323.1000","26.9079","0.0063"
"323.2000","26.9163","0.0063"
"323.3000","26.9243","0.0063"
"323.4000","26.9328","0.0063"
"323.5000","26.9409","0.0063"
"323.6000","26.9503","0.0063"
"323.7000","26.9572","0.0063"
"323.8000","26.9649","0.0063"
"323.9000","26.9736","0.0063"
"324.0000","26.9826","0.0063"
"324.1000","26.9914","0.0063"
"324.2000","27.0011","0.0063"
"324.3000","27.0081","0.0063"
"324.4000","27.0154","0.0063"
"324.5000","27.0237","0.0063"
"324.6000","27.0323","0.0063"
"324.7000","27.0410","0.0063"
"324.8000","27.0495","0.0063"
"324.9000","27.0580","0.0063"
"325.0000","27.0652","0.0063"
"325.1000","27.0742","0.0063"
"325.2000","27.0829","0.0063"
"325.3000","27.0913","0.0063"
"325.4000","27.0999","0.0063"
"325.5000","27.1094","0.0063"
"325.6000","27.1159","0.0063"
"325.7000","27.1241","0.0063"
"325.8000","27.1321","0.0063"
"325.9000","27.1410","0.0063"
"326.0000","27.1496","0.0063"
"326.1000","27.1590","0.0063"
"326.2000","27.1656","0.0063"
"326.3000","27.1733","0.0063"
"326.4000","27.1818","0.0063"
"326.5000","27.1910","0.0063"
"326.6000","27.1996","0.0063"
"326.7000","27.2098","0.0063"
"326.8000","27.2168","0.0063"
"326.9000","27.2240","0.0063"
"327.0000","27.2327","0.0063"
"327.1000","27.2415","0.0063"
"327.2000","27.2498","0.0063"
"327.3000","27.2580","0.0063"
"327.4000","27.2661","0.0063"
"327.5000","27.2731","0.0063"
"327.6000","27.2817","0.0063"
"327.7000","27.2903","0.0063"
"327.8000","27.2989","0.0063"
"327.9000","27.3075","0.0063"
"328.0000","27.3173","0.0063"
"328.1000","27.3242","0.0063"
"328.2000","27.3327","0.0063"
"328.3000","27.3407","0.0063"
"328.4000","27.3494","0.0063"
"328.5000","27.3579","0.0063"
"328.6000","27.3674","0.0063"
"328.7000","27.3743","0.0063"
"328.8000","27.3821","0.0063"
"328.9000","27.3906","0.0063"
"329.0000","27.3997","0.0063"
"329.1000","27.4083","0.0064"
"329.2000","27.4179","0.0064"
"329.3000","27.4249","0.0064"
"329.4000","27.4321","0.0064"
"329.5000","27.4405","0.0064"
"329.6000","27.4492","0.0064"
"329.7000","27.4578","0.0063"
"329.8000","27.4661","0.0064"
"329.9000","27.4744","0.0064"
"330.0000","27.4817","0.0064"
"330.1000","27.4908","0.0064"
"330.2000","27.4997","0.0064"
"330.3000","27.5081","0.0064"
"330.4000","27.5164","0.0064"
"330.5000","27.5258","0.0064"
"330.6000","27.5326","0.0064"
"330.7000","27.5411","0.0064"
"330.8000","27.5490","0.0064"
"330.9000","27.5574","0.0064"
"331.0000","27.5657","0.0064"
"331.1000","27.5755","0.0064"
"331.2000","27.5822","0.0064"
"331.3000","27.5900","0.0064"
"331.4000","27.5987","0.0064"
"331.5000","27.6081","0.0064"
"331.6000","27.6164","0.0064"
"331.7000","27.6255","0.0064"
"331.8000","27.6329","0.0064"
"331.9000","27.6401","0.0064"
"332.0000","27.6489","0.0064"
"332.1000","27.6579","0.0064"
"332.2000","27.6664","0.0064"
"332.3000","27.6752","0.0064"
"332.4000","27.6832","0.0064"
"332.5000","27.6902","0.0064"
"332.6000","27.6992","0.0064"
"332.7000","27.7080","0.0064"
"332.8000","27.7167","0.0064"
"332.9000","27.7249","0.0064"
"333.0000","27.7340","0.0064"
"333.1000","27.7405","0.0064"
"333.2000","27.7489","0.0064"
"333.3000","27.7572","0.0064"
"333.4000","27.7661","0.0064"
"333.5000","27.7745","0.0064"
"333.6000","27.7838","0.0064"
"333.7000","27.7907","0.0064"
"333.8000","27.7988","0.0064"
"333.9000","27.8076","0.0064"
"334.0000","27.8168","0.0064"
"334.1000","27.8248","0.0064"
"334.2000","27.8339","0.0064"
"334.3000","27.8415","0.0064"
"334.4000","27.8489","0.0064"
"334.5000","27.8571","0.0064"
"334.6000","27.8654","0.0064"
"334.7000","27.8742","0.0064"
"334.8000","27.8831","0.0064"
"334.9000","27.8917","0.0064"
"335.0000","27.8985","0.0064"
"335.1000","27.9072","0.0064"
"335.2000","27.9160","0.0064"
"335.3000","27.9245","0.0064"
"335.4000","27.9329","0.0064"
"335.5000","27.9423","0.0064"
"335.6000","27.9490","0.0064"
"335.7000","27.9573","0.0064"
"335.8000","27.9655","0.0064"
"335.9000","27.9744","0.0064"
"336.0000","27.9831","0.0064"
"336.1000","27.9927","0.0064"
"336.2000","27.9995","0.0064"
"336.3000","28.0074","0.0064"
"336.4000","28.0156","0.0064"
"336.5000","28.0241","0.0065"
"336.6000","28.0327","0.0064"
"336.7000","28.0426","0.0064"
"336.8000","28.0499","0.0064"
"336.9000","28.0572","0.0064"
"337.0000","28.0656","0.0065"
"337.1000","28.0745","0.0065"
"337.2000","28.0830","0.0065"
"337.3000","28.0915","0.0064"
"337.4000","28.0997","0.0065"
"337.5000","28.1069","0.0065"
"337.6000","28.1159","0.0065"
"337.7000","28.1246","0.0065"
"337.8000","28.1328","0.0065"
"337.9000","28.1410","0.0065"
"338.0000","28.1504","0.0065"
"338.1000","28.1574","0.0065"
"338.2000","28.1658","0.0065"
"338.3000","28.1741","0.0065"
"338.4000","28.1827","0.0065"
"338.5000","28.1912","0.0065"
"338.6000","28.2010","0.0065"
"338.7000","28.2075","0.0065"
"338.8000","28.2153","0.0065"
"338.9000","28.2236","0.0065"
"339.0000","28.2323","0.0065"
"339.1000","28.2409","0.0065"
"339.2000","28.2504","0.0065"
"339.3000","28.2580","0.0065"
"339.4000","28.2654","0.0065"
"339.5000","28.2740","0.0065"
"339.6000","28.2828","0.0065"
"339.7000","28.2915","0.0065"
"339.8000","28.3001","0.0065"
"339.9000","28.3082","0.0065"
"340.0000","28.3152","0.0065"
"340.1000","28.3238","0.0065"
"340.2000","28.3325","0.0065"
"340.3000","28.3410","0.0065"
"340.4000","28.3494","0.0065"
"340.5000","28.3589","0.0065"
"340.6000","28.3658","0.0065"
"340.7000","28.3743","0.0065"
"340.8000","28.3825","0.0065"
"340.9000","28.3912","0.0065"
"341.0000","28.3994","0.0065"
"341.1000","28.4089","0.0065"
"341.2000","28.4157","0.0065"
"341.3000","28.4236","0.0065"
"341.4000","28.4320","0.0065"
"341.5000","28.4412","0.0065"
"341.6000","28.4498","0.0065"
"341.7000","28.4591","0.0065"
"341.8000","28.4664","0.0065"
"341.9000","28.4738","0.0065"
"342.0000","28.4823","0.0065"
"342.1000","28.4912","0.0065"
"342.2000","28.4997","0.0065"
"342.3000","28.5084","0.0065"
"342.4000","28.5164","0.0065"
"342.5000","28.5233","0.0065"
"342.6000","28.5320","0.0065"
"342.7000","28.5407","0.0065"
"342.8000","28.5492","0.0065"
"342.9000","28.5577","0.0065"
"343.0000","28.5673","0.0065"
"343.1000","28.5739","0.0065"
"343.2000","28.5824","0.0065"
"343.3000","28.5907","0.0065"
"343.4000","28.5998","0.0065"
"343.5000","28.6083","0.0065"
"343.6000","28.6175","0.0065"
"343.7000","28.6242","0.0065"
"343.8000","28.6320","0.0065"
"343.9000","28.6406","0.0065"
"344.0000","28.6496","0.0065"
"344.1000","28.6576","0.0065"
"344.2000","28.6673","0.0065"
"344.3000","28.6749","0.0065"
"344.4000","28.6823","0.0066"
"344.5000","28.6908","0.0065"
"344.6000","28.6993","0.0065"
"344.7000","28.7077","0.0065"
"344.8000","28.7164","0.0065"
"344.9000","28.7245","0.0066"
"345.0000","28.7314","0.0066"
"345.1000","28.7401","0.0066"
"345.2000","28.7491","0.0065"
"345.3000","28.7579","0.0066"
"345.4000","28.7668","0.0066"
"345.5000","28.7760","0.0066"
"345.6000","28.7825","0.0066"
"345.7000","28.7907","0.0066"
"345.8000","28.7989","0.0066"
"345.9000","28.8080","0.0066"
"346.0000","28.8165","0.0066"
"346.1000","28.8262","0.0066"
"346.2000","28.8326","0.0066"
"346.3000","28.8401","0.0066"
"346.4000","28.8483","0.0066"
"346.5000","28.8569","0.0066"
"346.6000","28.8655","0.0066"
"346.7000","28.8754","0.0066"
"346.8000","28.8832","0.0066"
"346.9000","28.8907","0.0066"
"347.0000","28.8995","0.0066"
"347.1000","28.9082","0.0066"
"347.2000","28.9167","0.0066"
"347.3000","28.9251","0.0066"
"347.4000","28.9331","0.0066"
"347.5000","28.9401","0.0066"
"347.6000","28.9489","0.0066"
"347.7000","28.9576","0.0066"
"347.8000","28.9660","0.0066"
"347.9000","28.9745","0.0066"
"348.0000","28.9841","0.0066"
"348.1000","28.9911","0.0066"
"348.2000","28.9995","0.0066"
"348.3000","29.0078","0.0066"
"348.4000","29.0162","0.0066"
"348.5000","29.0241","0.0066"
"348.6000","29.0336","0.0066"
"348.7000","29.0406","0.0066"
"348.8000","29.0485","0.0066"
"348.9000","29.0571","0.0066"
"349.0000","29.0661","0.0066"
"349.1000","29.0745","0.0066"
"349.2000","29.0842","0.0066"
"349.3000","29.0917","0.0066"
"349.4000","29.0992","0.0066"
"349.5000","29.1077","0.0066"
"349.6000","29.1162","0.0066"
"349.7000","29.1249","0.0066"
"349.8000","29.1337","0.0066"
"349.9000","29.1416","0.0066"
"350.0000","29.1481","0.0066"
"350.1000","29.1563","0.0066"
"350.2000","29.1650","0.0066"
"350.3000","29.1739","0.0066"
"350.4000","29.1827","0.0066"
"350.5000","29.1925","0.0066"
"350.6000","29.1995","0.0066"
"350.7000","29.2080","0.0066"
"350.8000","29.2160","0.0066"
"350.9000","29.2245","0.0066"
"351.0000","29.2328","0.0066"
"351.1000","29.2423","0.0066"
"351.2000","29.2490","0.0066"
"351.3000","29.2567","0.0066"
"351.4000","29.2655","0.0066"
"351.5000","29.2745","0.0066"
"351.6000","29.2830","0.0066"
"351.7000","29.2926","0.0066"
"351.8000","29.3000","0.0066"
"351.9000","29.3075","0.0066"
"352.0000","29.3160","0.0066"
"352.1000","29.3246","0.0066"
"352.2000","29.3329","0.0066"
"352.3000","29.3414","0.0067"
"352.4000","29.3496","0.0066"
"352.5000","29.3565","0.0066"
"352.6000","29.3654","0.0066"
"352.7000","29.3744","0.0066"
"352.8000","29.3830","0.0067"
"352.9000","29.3914","0.0066"
"353.0000","29.4010","0.0066"
"353.1000","29.4078","0.0066"
"353.2000","29.4158","0.0067"
"353.3000","29.4241","0.0067"
"353.4000","29.4329","0.0067"
"353.5000","29.4410","0.0067"
"353.6000","29.4504","0.0067"
"353.7000","29.4573","0.0067"
"353.8000","29.4651","0.0067"
"353.9000","29.4736","0.0067"
"354.0000","29.4825","0.0067"
"354.1000","29.4912","0.0067"
"354.2000","29.5013","0.0067"
"354.3000","29.5085","0.0067"
"354.4000","29.5156","0.0067"
"354.5000","29.5236","0.0067"
"354.6000","29.5321","0.0067"
"354.7000","29.5409","0.0067"
"354.8000","29.5497","0.0067"
"354.9000","29.5581","0.0067"
"355.0000","29.5652","0.0067"
"355.1000","29.5742","0.0067"
"355.2000","29.5831","0.0067"
"355.3000","29.5913","0.0067"
"355.4000","29.5998","0.0067"
"355.5000","29.6091","0.0067"
"355.6000","29.6158","0.0067"
"355.7000","29.6240","0.0067"
"355.8000","29.6324","0.0067"
"355.9000","29.6412","0.0067"
"356.0000","29.6496","0.0067"
"356.1000","29.6589","0.0067"
"356.2000","29.6656","0.0067"
"356.3000","29.6733","0.0067"
"356.4000","29.6820","0.0067"
"356.5000","29.6912","0.0067"
"356.6000","29.6998","0.0067"
"356.7000","29.7093","0.0067"
"356.8000","29.7165","0.0067"
"356.9000","29.7238","0.0067"
"357.0000","29.7323","0.0067"
"357.1000","29.7414","0.0067"
"357.2000","29.7498","0.0067"
"357.3000","29.7580","0.0067"
"357.4000","29.7662","0.0067"
"357.5000","29.7732","0.0067"
"357.6000","29.7819","0.0067"
"357.7000","29.7908","0.0067"
"357.8000","29.7995","0.0067"
"357.9000","29.8079","0.0067"
"358.0000","29.8173","0.0067"
"358.1000","29.8241","0.0067"
"358.2000","29.8326","0.0067"
"358.3000","29.8405","0.0067"
"358.4000","29.8493","0.0067"
"358.5000","29.8577","0.0067"
"358.6000","29.8670","0.0067"
"358.7000","29.8741","0.0067"
"358.8000","29.8820","0.0067"
"358.9000","29.8908","0.0067"
"359.0000","29.9000","0.0067"
"359.1000","29.9083","0.0067"
"359.2000","29.9178","0.0067"
"359.3000","29.9248","0.0067"
"359.4000","29.9321","0.0067"
"359.5000","29.9404","0.0067"
"359.6000","29.9489","0.0067"
"359.7000","29.9578","0.0067"
"359.8000","29.9667","0.0067"
"359.9000","29.9750","0.0067"
"360.0000","29.9820","0.0067"
"360.1000","29.9905","0.0067"
"360.2000","29.9991","0.0067"
"360.3000","30.0074","0.0067"
"360.4000","30.0163","0.0067"
"360.5000","30.0259","0.0067"
"360.6000","30.0326","0.0067"
"360.7000","30.0408","0.0067"
"360.8000","30.0488","0.0067"
"360.9000","30.0577","0.0067"
"361.0000","30.0662","0.0068"
"361.1000","30.0757","0.0067"
"361.2000","30.0824","0.0068"
"361.3000","30.0900","0.0067"
"361.4000","30.0989","0.0067"
"361.5000","30.1077","0.0068"
"361.6000","30.1161","0.0067"
"361.7000","30.1258","0.0068"
"361.8000","30.1332","0.0068"
"361.9000","30.1408","0.0068"
"362.0000","30.1492","0.0068"
"362.1000","30.1578","0.0068"
"362.2000","30.1657","0.0068"
"362.3000","30.1740","0.0068"
"362.4000","30.1826","0.0068"
"362.5000","30.1900","0.0068"
"362.6000","30.1993","0.0068"
"362.7000","30.2084","0.0068"
"362.8000","30.2169","0.0068"
"362.9000","30.2250","0.0068"
"363.0000","30.2339","0.0068"
"363.1000","30.2406","0.0068"
"363.2000","30.2493","0.0068"
"363.3000","30.2577","0.0068"
"363.4000","30.2659","0.0068"
"363.5000","30.2742","0.0068"
"363.6000","30.2835","0.0068"
"363.7000","30.2907","0.0068"
"363.8000","30.2990","0.0068"
"363.9000","30.3073","0.0068"
"364.0000","30.3163","0.0068"
"364.1000","30.3248","0.0068"
"364.2000","30.3346","0.0068"
"364.3000","30.3419","0.0068"
"364.4000","30.3488","0.0068"
"364.5000","30.3568","0.0068"
"364.6000","30.3652","0.0068"
"364.7000","30.3741","0.0068"
"364.8000","30.3833","0.0068"
"364.9000","30.3917","0.0068"
"365.0000","30.3987","0.0068"
"365.1000","30.4075","0.0068"
"365.2000","30.4159","0.0068"
"365.3000","30.4242","0.0068"
"365.4000","30.4327","0.0068"
"365.5000","30.4420","0.0068"
"365.6000","30.4487","0.0068"
"365.7000","30.4573","0.0068"
"365.8000","30.4656","0.0068"
"365.9000","30.4745","0.0068"
"366.0000","30.4829","0.0068"
"366.1000","30.4926","0.0068"
"366.2000","30.4995","0.0068"
"366.3000","30.5074","0.0068"
"366.4000","30.5156","0.0068"
"366.5000","30.5243","0.0068"
"366.6000","30.5326","0.0068"
"366.7000","30.5421","0.0068"
"366.8000","30.5497","0.0068"
"366.9000","30.5570","0.0068"
"367.0000","30.5656","0.0068"
"367.1000","30.5746","0.0068"
"367.2000","30.5835","0.0068"
"367.3000","30.5920","0.0068"
"367.4000","30.5999","0.0068"
"367.5000","30.6067","0.0068"
"367.6000","30.6155","0.0068"
"367.7000","30.6246","0.0068"
"367.8000","30.6331","0.0068"
"367.9000","30.6411","0.0068"
"368.0000","30.6506","0.0068"
"368.1000","30.6573","0.0068"
"368.2000","30.6656","0.0068"
"368.3000","30.6738","0.0068"
"368.4000","30.6827","0.0068"
"368.5000","30.6913","0.0068"
"368.6000","30.7008","0.0068"
"368.7000","30.7075","0.0068"
"368.8000","30.7152","0.0068"
"368.9000","30.7238","0.0068"
"369.0000","30.7327","0.0068"
"369.1000","30.7410","0.0068"
"369.2000","30.7506","0.0068"
"369.3000","30.7580","0.0068"
"369.4000","30.7654","0.0069"
"369.5000","30.7738","0.0068"
"369.6000","30.7826","0.0068"
"369.7000","30.7912","0.0068"
"369.8000","30.7999","0.0069"
"369.9000","30.8084","0.0068"
"370.0000","30.8157","0.0069"
"370.1000","30.8245","0.0069"
"370.2000","30.8327","0.0069"
"370.3000","30.8407","0.0069"
"370.4000","30.8488","0.0069"
"370.5000","30.8586","0.0069"
"370.6000","30.8658","0.0069"
"370.7000","30.8742","0.0069"
"370.8000","30.8824","0.0069"
"370.9000","30.8912","0.0069"
"371.0000","30.8998","0.0069"
"371.1000","30.9093","0.0069"
"371.2000","30.9158","0.0069"
"371.3000","30.9236","0.0069"
"371.4000","30.9322","0.0069"
"371.5000","30.9410","0.0069"
"371.6000","30.9494","0.0069"
"371.7000","30.9590","0.0069"
"371.8000","30.9663","0.0069"
"371.9000","30.9736","0.0069"
"372.0000","30.9825","0.0069"
"372.1000","30.9915","0.0069"
"372.2000","31.0000","0.0069"
"372.3000","31.0084","0.0069"
"372.4000","31.0164","0.0069"
"372.5000","31.0231","0.0069"
"372.6000","31.0318","0.0069"
"372.7000","31.0407","0.0069"
"372.8000","31.0491","0.0069"
"372.9000","31.0575","0.0069"
"373.0000","31.0670","0.0069"
"373.1000","31.0741","0.0069"
"373.2000","31.0828","0.0069"
"373.3000","31.0909","0.0069"
"373.4000","31.0995","0.0069"
"373.5000","31.1079","0.0069"
"373.6000","31.1175","0.0069"
"373.7000","31.1244","0.0069"
"373.8000","31.1322","0.0069"
"373.9000","31.1406","0.0069"
"374.0000","31.1494","0.0069"
"374.1000","31.1580","0.0069"
"374.2000","31.1676","0.0069"
"374.3000","31.1749","0.0069"
"374.4000","31.1822","0.0069"
"374.5000","31.1903","0.0069"
"374.6000","31.1986","0.0069"
"374.7000","31.2074","0.0069"
"374.8000","31.2163","0.0069"
"374.9000","31.2249","0.0069"
"375.0000","31.2321","0.0069"
"375.1000","31.2410","0.0069"
"375.2000","31.2495","0.0069"
"375.3000","31.2580","0.0069"
"375.4000","31.2663","0.0069"
"375.5000","31.2755","0.0069"
"375.6000","31.2823","0.0069"
"375.7000","31.2907","0.0069"
"375.8000","31.2992","0.0069"
"375.9000","31.3083","0.0069"
"376.0000","31.3168","0.0069"
"376.1000","31.3260","0.0069"
"376.2000","31.3323","0.0069"
"376.3000","31.3397","0.0069"
"376.4000","31.3483","0.0069"
"376.5000","31.3572","0.0069"
"376.6000","31.3658","0.0069"
"376.7000","31.3750","0.0069"
"376.8000","31.3828","0.0069"
"376.9000","31.3904","0.0069"
"377.0000","31.3994","0.0069"
"377.1000","31.4085","0.0069"
"377.2000","31.4169","0.0069"
"377.3000","31.4254","0.0069"
"377.4000","31.4330","0.0069"
"377.5000","31.4400","0.0069"
"377.6000","31.4489","0.0069"
"377.7000","31.4578","0.0070"
"377.8000","31.4662","0.0070"
"377.9000","31.4744","0.0069"
"378.0000","31.4841","0.0069"
"378.1000","31.4910","0.0069"
"378.2000","31.4994","0.0069"
"378.3000","31.5074","0.0069"
"378.4000","31.5159","0.0070"
"378.5000","31.5244","0.0070"
"378.6000","31.5339","0.0070"
"378.7000","31.5409","0.0070"
"378.8000","31.5488","0.0069"
"378.9000","31.5571","0.0070"
"379.0000","31.5661","0.0070"
"379.1000","31.5747","0.0070"
"379.2000","31.5843","0.0070"
"379.3000","31.5917","0.0070"
"379.4000","31.5989","0.0070"
"379.5000","31.6073","0.0070"
"379.6000","31.6159","0.0070"
"379.7000","31.6243","0.0070"
"379.8000","31.6330","0.0070"
"379.9000","31.6414","0.0070"
"380.0000","31.6485","0.0070"
"380.1000","31.6571","0.0070"
"380.2000","31.6655","0.0070"
"380.3000","31.6738","0.0070"
"380.4000","31.6822","0.0070"
"380.5000","31.6924","0.0070"
"380.6000","31.6996","0.0070"
"380.7000","31.7079","0.0070"
"380.8000","31.7161","0.0070"
"380.9000","31.7247","0.0070"
"381.0000","31.7332","0.0070"
"381.1000","31.7423","0.0070"
"381.2000","31.7490","0.0070"
"381.3000","31.7569","0.0070"
"381.4000","31.7654","0.0070"
"381.5000","31.7744","0.0070"
"381.6000","31.7827","0.0070"
"381.7000","31.7923","0.0070"
"381.8000","31.8001","0.0070"
"381.9000","31.8074","0.0070"
"382.0000","31.8160","0.0070"
"382.1000","31.8246","0.0070"
"382.2000","31.8329","0.0070"
"382.3000","31.8414","0.0070"
"382.4000","31.8495","0.0070"
"382.5000","31.8566","0.0070"
"382.6000","31.8657","0.0070"
"382.7000","31.8746","0.0070"
"382.8000","31.8829","0.0070"
"382.9000","31.8911","0.0070"
"383.0000","31.9004","0.0070"
"383.1000","31.9073","0.0070"
"383.2000","31.9160","0.0070"
"383.3000","31.9242","0.0070"
"383.4000","31.9328","0.0070"
"383.5000","31.9411","0.0070"
"383.6000","31.9505","0.0070"
"383.7000","31.9571","0.0070"
"383.8000","31.9647","0.0070"
"383.9000","31.9735","0.0070"
"384.0000","31.9826","0.0070"
"384.1000","31.9913","0.0070"
"384.2000","32.0013","0.0070"
"384.3000","32.0084","0.0070"
"384.4000","32.0158","0.0070"
"384.5000","32.0243","0.0070"
"384.6000","32.0326","0.0070"
"384.7000","32.0406","0.0070"
"384.8000","32.0490","0.0070"
"384.9000","32.0578","0.0070"
"385.0000","32.0651","0.0070"
"385.1000","32.0740","0.0070"
"385.2000","32.0829","0.0070"
"385.3000","32.0914","0.0070"
"385.4000","32.0999","0.0070"
"385.5000","32.1095","0.0070"
"385.6000","32.1159","0.0070"
"385.7000","32.1240","0.0070"
"385.8000","32.1323","0.0070"
"385.9000","32.1411","0.0070"
"386.0000","32.1496","0.0070"
"386.1000","32.1591","0.0070"
"386.2000","32.1657","0.0070"
"386.3000","32.1734","0.0070"
"386.4000","32.1821","0.0070"
"386.5000","32.1914","0.0070"
"386.6000","32.2000","0.0071"
"386.7000","32.2090","0.0070"
"386.8000","32.2163","0.0070"
"386.9000","32.2237","0.0071"
"387.0000","32.2325","0.0070"
"387.1000","32.2414","0.0071"
"387.2000","32.2499","0.0071"
"387.3000","32.2583","0.0070"
"387.4000","32.2660","0.0071"
"387.5000","32.2730","0.0071"
"387.6000","32.2819","0.0071"
"387.7000","32.2909","0.0071"
"387.8000","32.2996","0.0071"
"387.9000","32.3080","0.0071"
"388.0000","32.3174","0.0071"
"388.1000","32.3242","0.0071"
"388.2000","32.3323","0.0071"
"388.3000","32.3404","0.0071"
"388.4000","32.3490","0.0071"
"388.5000","32.3578","0.0071"
"388.6000","32.3673","0.0071"
"388.7000","32.3741","0.0071"
"388.8000","32.3820","0.0071"
"388.9000","32.3908","0.0071"
"389.0000","32.3998","0.0071"
"389.1000","32.4081","0.0071"
"389.2000","32.4176","0.0071"
"389.3000","32.4248","0.0071"
"389.4000","32.4321","0.0071"
"389.5000","32.4405","0.0071"
"389.6000","32.4490","0.0071"
"389.7000","32.4575","0.0071"
"389.8000","32.4663","0.0071"
"389.9000","32.4747","0.0071"
"390.0000","32.4821","0.0071"
"390.1000","32.4911","0.0071"
"390.2000","32.4996","0.0071"
"390.3000","32.5078","0.0071"
"390.4000","32.5157","0.0071"
"390.5000","32.5255","0.0071"
"390.6000","32.5326","0.0071"
"390.7000","32.5410","0.0071"
"390.8000","32.5492","0.0071"
"390.9000","32.5580","0.0071"
"391.0000","32.5664","0.0071"
"391.1000","32.5758","0.0071"
"391.2000","32.5823","0.0071"
"391.3000","32.5898","0.0071"
"391.4000","32.5984","0.0071"
"391.5000","32.6075","0.0071"
"391.6000","32.6164","0.0071"
"391.7000","32.6260","0.0071"
"391.8000","32.6330","0.0071"
"391.9000","32.6400","0.0071"
"392.0000","32.6487","0.0071"
"392.1000","32.6577","0.0071"
"392.2000","32.6665","0.0071"
"392.3000","32.6752","0.0071"
"392.4000","32.6833","0.0071"
"392.5000","32.6904","0.0071"
"392.6000","32.6991","0.0071"
"392.7000","32.7076","0.0071"
"392.8000","32.7162","0.0071"
"392.9000","32.7247","0.0071"
"393.0000","32.7343","0.0071"
"393.1000","32.7410","0.0071"
"393.2000","32.7493","0.0071"
"393.3000","32.7573","0.0071"
"393.4000","32.7658","0.0071"
"393.5000","32.7743","0.0071"
"393.6000","32.7837","0.0071"
"393.7000","32.7910","0.0071"
"393.8000","32.7987","0.0071"
"393.9000","32.8071","0.0071"
"394.0000","32.8164","0.0071"
"394.1000","32.8248","0.0071"
"394.2000","32.8343","0.0071"
"394.3000","32.8414","0.0071"
"394.4000","32.8487","0.0071"
"394.5000","32.8575","0.0071"
"394.6000","32.8664","0.0071"
"394.7000","32.8748","0.0071"
"394.8000","32.8831","0.0071"
"394.9000","32.8911","0.0071"
"395.0000","32.8981","0.0071"
"395.1000","32.9071","0.0071"
"395.2000","32.9158","0.0071"
"395.3000","32.9242","0.0071"
"395.4000","32.9330","0.0072"
"395.5000","32.9423","0.0071"
"395.6000","32.9491","0.0072"
"395.7000","32.9574","0.0071"
"395.8000","32.9656","0.0071"
"395.9000","32.9746","0.0072"
"396.0000","32.9832","0.0071"
"396.1000","32.9927","0.0072"
"396.2000","32.9994","0.0071"
"396.3000","33.0072","0.0072"
"396.4000","33.0159","0.0072"
"396.5000","33.0249","0.0072"
"396.6000","33.0330","0.0072"
"396.7000","33.0418","0.0072"
"396.8000","33.0490","0.0072"
"396.9000","33.0565","0.0072"
"397.0000","33.0652","0.0072"
"397.1000","33.0741","0.0072"
"397.2000","33.0831","0.0072"
"397.3000","33.0920","0.0072"
"397.4000","33.1003","0.0072"
"397.5000","33.1071","0.0072"
"397.6000","33.1157","0.0072"
"397.7000","33.1245","0.0072"
"397.8000","33.1330","0.0072"
"397.9000","33.1411","0.0072"
"398.0000","33.1504","0.0072"
"398.1000","33.1573","0.0072"
"398.2000","33.1657","0.0072"
"398.3000","33.1740","0.0072"
"398.4000","33.1827","0.0072"
"398.5000","33.1912","0.0072"
"398.6000","33.2008","0.0072"
"398.7000","33.2076","0.0072"
"398.8000","33.2153","0.0072"
"398.9000","33.2236","0.0072"
"399.0000","33.2328","0.0072"
"399.1000","33.2410","0.0072"
"399.2000","33.2503","0.0072"
"399.3000","33.2578","0.0072"
"399.4000","33.2651","0.0072"
"399.5000","33.2740","0.0072"
"399.6000","33.2829","0.0072"
"399.7000","33.2913","0.0072"
"399.8000","33.2997","0.0072"
"399.9000","33.3083","0.0072"
"400.0000","33.3156","0.0072"
"400.1000","33.3244","0.0072"
"400.2000","33.3327","0.0072"
"400.3000","33.3407","0.0072"
"400.4000","33.3491","0.0072"
"400.5000","33.3587","0.0072"
"400.6000","33.3656","0.0072"
"400.7000","33.3742","0.0072"
"400.8000","33.3824","0.0072"
"400.9000","33.3913","0.0072"
"401.0000","33.4000","0.0072"
"401.1000","33.4092","0.0072"
"401.2000","33.4158","0.0072"
"401.3000","33.4235","0.0072"
"401.4000","33.4320","0.0072"
"401.5000","33.4409","0.0072"
"401.6000","33.4497","0.0072"
"401.7000","33.4592","0.0072"
"401.8000","33.4664","0.0072"
"401.9000","33.4736","0.0072"
"402.0000","33.4822","0.0072"
"402.1000","33.4913","0.0072"
"402.2000","33.5002","0.0072"
"402.3000","33.5089","0.0072"
"402.4000","33.5165","0.0072"
"402.5000","33.5232","0.0072"
"402.6000","33.5316","0.0072"
"402.7000","33.5402","0.0072"
"402.8000","33.5488","0.0072"
"402.9000","33.5575","0.0072"
"403.0000","33.5675","0.0072"
"403.1000","33.5742","0.0072"
"403.2000","33.5827","0.0072"
"403.3000","33.5908","0.0072"
"403.4000","33.5997","0.0072"
"403.5000","33.6086","0.0072"
"403.6000","33.6178","0.0072"
"403.7000","33.6242","0.0072"
"403.8000","33.6318","0.0072"
"403.9000","33.6404","0.0072"
"404.0000","33.6493","0.0072"
"404.1000","33.6576","0.0072"
"404.2000","33.6670","0.0072"
"404.3000","33.6745","0.0072"
"404.4000","33.6822","0.0072"
"404.5000","33.6912","0.0072"
"404.6000","33.6998","0.0072"
"404.7000","33.7081","0.0072"
"404.8000","33.7167","0.0073"
"404.9000","33.7248","0.0073"
"405.0000","33.7317","0.0073"
"405.1000","33.7402","0.0073"
"405.2000","33.7487","0.0072"
"405.3000","33.7573","0.0072"
"405.4000","33.7664","0.0073"
"405.5000","33.7761","0.0073"
"405.6000","33.7828","0.0073"
"405.7000","33.7908","0.0072"
"405.8000","33.7990","0.0073"
"405.9000","33.8079","0.0073"
"406.0000","33.8166","0.0073"
"406.1000","33.8261","0.0073"
"406.2000","33.8324","0.0073"
"406.3000","33.8398","0.0073"
"406.4000","33.8483","0.0073"
"406.5000","33.8572","0.0073"
"406.6000","33.8658","0.0073"
"406.7000","33.8751","0.0073"
"406.8000","33.8829","0.0073"
"406.9000","33.8903","0.0073"
"407.0000","33.8993","0.0073"
"407.1000","33.9084","0.0073"
"407.2000","33.9170","0.0073"
"407.3000","33.9255","0.0073"
"407.4000","33.9332","0.0073"
"407.5000","33.9401","0.0073"
"407.6000","33.9489","0.0073"
"407.7000","33.9576","0.0073"
"407.8000","33.9659","0.0073"
"407.9000","33.9743","0.0073"
"408.0000","33.9842","0.0073"
"408.1000","33.9911","0.0073"
"408.2000","33.9995","0.0073"
"408.3000","34.0075","0.0073"
"408.4000","34.0161","0.0073"
"408.5000","34.0245","0.0073"
"408.6000","34.0339","0.0073"
"408.7000","34.0406","0.0073"
"408.8000","34.0482","0.0073"
"408.9000","34.0569","0.0073"
"409.0000","34.0660","0.0073"
"409.1000","34.0747","0.0073"
"409.2000","34.0844","0.0073"
"409.3000","34.0915","0.0073"
"409.4000","34.0990","0.0073"
"409.5000","34.1078","0.0073"
"409.6000","34.1164","0.0073"
"409.7000","34.1249","0.0073"
"409.8000","34.1333","0.0073"
"409.9000","34.1413","0.0073"
"410.0000","34.1482","0.0073"
"410.1000","34.1569","0.0073"
"410.2000","34.1655","0.0073"
"410.3000","34.1740","0.0073"
"410.4000","34.1825","0.0073"
"410.5000","34.1923","0.0073"
"410.6000","34.1993","0.0073"
"410.7000","34.2078","0.0073"
"410.8000","34.2159","0.0073"
"410.9000","34.2244","0.0073"
"411.0000","34.2330","0.0073"
"411.1000","34.2425","0.0073"
"411.2000","34.2493","0.0073"
"411.3000","34.2569","0.0073"
"411.4000","34.2652","0.0073"
"411.5000","34.2742","0.0073"
"411.6000","34.2830","0.0073"
"411.7000","34.2927","0.0073"
"411.8000","34.3000","0.0073"
"411.9000","34.3075","0.0073"
"412.0000","34.3159","0.0073"
"412.1000","34.3246","0.0073"
"412.2000","34.3331","0.0073"
"412.3000","34.3418","0.0073"
"412.4000","34.3499","0.0073"
"412.5000","34.3566","0.0073"
"412.6000","34.3651","0.0073"
"412.7000","34.3739","0.0073"
"412.8000","34.3827","0.0073"
"412.9000","34.3913","0.0073"
"413.0000","34.4011","0.0073"
"413.1000","34.4078","0.0073"
"413.2000","34.4162","0.0074"
"413.3000","34.4243","0.0073"
"413.4000","34.4330","0.0073"
"413.5000","34.4413","0.0073"
"413.6000","34.4507","0.0073"
"413.7000","34.4573","0.0073"
"413.8000","34.4649","0.0073"
"413.9000","34.4734","0.0073"
"414.0000","34.4821","0.0073"
"414.1000","34.4906","0.0073"
"414.2000","34.5000","0.0073"
"414.3000","34.5079","0.0073"
"414.4000","34.5155","0.0073"
"414.5000","34.5241","0.0073"
"414.6000","34.5328","0.0074"
"414.7000","34.5411","0.0073"
"414.8000","34.5496","0.0074"
"414.9000","34.5580","0.0074"
"415.0000","34.5651","0.0074"
"415.1000","34.5740","0.0074"
"415.2000","34.5828","0.0074"
"415.3000","34.5913","0.0074"
"415.4000","34.6001","0.0074"
"415.5000","34.6095","0.0074"
"415.6000","34.6159","0.0074"
"415.7000","34.6241","0.0074"
"415.8000","34.6321","0.0074"
"415.9000","34.6408","0.0074"
"416.0000","34.6494","0.0074"
"416.1000","34.6589","0.0074"
"416.2000","34.6658","0.0074"
"416.3000","34.6736","0.0074"
"416.4000","34.6821","0.0074"
"416.5000","34.6914","0.0074"
"416.6000","34.6997","0.0074"
"416.7000","34.7091","0.0074"
"416.8000","34.7163","0.0074"
"416.9000","34.7234","0.0074"
"417.0000","34.7322","0.0074"
"417.1000","34.7415","0.0074"
"417.2000","34.7507","0.0074"
"417.3000","34.7589","0.0074"
"417.4000","34.7662","0.0074"
"417.5000","34.7728","0.0074"
"417.6000","34.7812","0.0074"
"417.7000","34.7903","0.0074"
"417.8000","34.7993","0.0074"
"417.9000","34.8080","0.0074"
"418.0000","34.8176","0.0074"
"418.1000","34.8242","0.0074"
"418.2000","34.8324","0.0074"
"418.3000","34.8404","0.0074"
"418.4000","34.8494","0.0074"
"418.5000","34.8577","0.0074"
"418.6000","34.8674","0.0074"
"418.7000","34.8743","0.0074"
"418.8000","34.8820","0.0074"
"418.9000","34.8907","0.0074"
"419.0000","34.8996","0.0074"
"419.1000","34.9082","0.0074"
"419.2000","34.9178","0.0074"
"419.3000","34.9249","0.0074"
"419.4000","34.9321","0.0074"
"419.5000","34.9405","0.0074"
"419.6000","34.9492","0.0074"
"419.7000","34.9578","0.0074"
"419.8000","34.9664","0.0074"
"419.9000","34.9746","0.0074"
"420.0000","34.9815","0.0074"
"420.1000","34.9907","0.0074"
"420.2000","34.9997","0.0074"
"420.3000","35.0078","0.0074"
"420.4000","35.0161","0.0074"
"420.5000","35.0257","0.0074"
"420.6000","35.0323","0.0074"
"420.7000","35.0407","0.0074"
"420.8000","35.0491","0.0074"
"420.9000","35.0579","0.0074"
"421.0000","35.0664","0.0074"
"421.1000","35.0756","0.0074"
"421.2000","35.0822","0.0074"
"421.3000","35.0901","0.0074"
"421.4000","35.0986","0.0074"
"421.5000","35.1074","0.0074"
"421.6000","35.1161","0.0074"
"421.7000","35.1257","0.0074"
"421.8000","35.1331","0.0074"
"421.9000","35.1403","0.0074"
"422.0000","35.1490","0.0074"
"422.1000","35.1580","0.0074"
"422.2000","35.1666","0.0074"
"422.3000","35.1753","0.0074"
"422.4000","35.1833","0.0074"
"422.5000","35.1902","0.0074"
"422.6000","35.1988","0.0074"
"422.7000","35.2075","0.0074"
"422.8000","35.2162","0.0074"
"422.9000","35.2247","0.0075"
"423.0000","35.2343","0.0074"
"423.1000","35.2409","0.0074"
"423.2000","35.2490","0.0074"
"423.3000","35.2572","0.0074"
"423.4000","35.2663","0.0074"
"423.5000","35.2747","0.0075"
"423.6000","35.2840","0.0075"
"423.7000","35.2907","0.0075"
"423.8000","35.2983","0.0075"
"423.9000","35.3071","0.0075"
"424.0000","35.3165","0.0075"
"424.1000","35.3250","0.0075"
"424.2000","35.3345","0.0075"
"424.3000","35.3416","0.0075"
"424.4000","35.3489","0.0075"
"424.5000","35.3574","0.0075"
"424.6000","35.3660","0.0075"
"424.7000","35.3743","0.0075"
"424.8000","35.3827","0.0075"
"424.9000","35.3913","0.0075"
"425.0000","35.3983","0.0075"
"425.1000","35.4072","0.0075"
"425.2000","35.4160","0.0075"
"425.3000","35.4246","0.0075"
"425.4000","35.4331","0.0075"
"425.5000","35.4425","0.0075"
"425.6000","35.4491","0.0075"
"425.7000","35.4574","0.0075"
"425.8000","35.4655","0.0075"
"425.9000","35.4743","0.0075"
"426.0000","35.4828","0.0075"
"426.1000","35.4925","0.0075"
"426.2000","35.4994","0.0075"
"426.3000","35.5073","0.0075"
"426.4000","35.5157","0.0075"
"426.5000","35.5247","0.0075"
"426.6000","35.5328","0.0075"
"426.7000","35.5419","0.0075"
"426.8000","35.5495","0.0075"
"426.9000","35.5570","0.0075"
"427.0000","35.5656","0.0075"
"427.1000","35.5744","0.0075"
"427.2000","35.5832","0.0075"
"427.3000","35.5923","0.0075"
"427.4000","35.6003","0.0075"
"427.5000","35.6072","0.0075"
"427.6000","35.6154","0.0075"
"427.7000","35.6238","0.0075"
"427.8000","35.6326","0.0075"
"427.9000","35.6412","0.0075"
"428.0000","35.6508","0.0075"
"428.1000","35.6573","0.0075"
"428.2000","35.6653","0.0075"
"428.3000","35.6738","0.0075"
"428.4000","35.6831","0.0075"
"428.5000","35.6916","0.0075"
"428.6000","35.7009","0.0075"
"428.7000","35.7073","0.0075"
"428.8000","35.7150","0.0075"
"428.9000","35.7235","0.0075"
"429.0000","35.7326","0.0075"
"429.1000","35.7411","0.0075"
"429.2000","35.7504","0.0075"
"429.3000","35.7579","0.0075"
"429.4000","35.7653","0.0075"
"429.5000","35.7741","0.0075"
"429.6000","35.7830","0.0075"
"429.7000","35.7914","0.0075"
"429.8000","35.7999","0.0075"
"429.9000","35.8083","0.0075"
"430.0000","35.8155","0.0075"
"430.1000","35.8244","0.0075"
"430.2000","35.8329","0.0075"
"430.3000","35.8411","0.0075"
"430.4000","35.8492","0.0075"
"430.5000","35.8586","0.0075"
"430.6000","35.8655","0.0075"
"430.7000","35.8739","0.0075"
"430.8000","35.8824","0.0075"
"430.9000","35.8915","0.0075"
"431.0000","35.9002","0.0075"
"431.1000","35.9095","0.0075"
"431.2000","35.9158","0.0075"
"431.3000","35.9232","0.0075"
"431.4000","35.9314","0.0075"
"431.5000","35.9401","0.0075"
"431.6000","35.9488","0.0075"
"431.7000","35.9588","0.0075"
"431.8000","35.9667","0.0075"
"431.9000","35.9742","0.0075"
"432.0000","35.9827","0.0075"
"432.1000","35.9915","0.0075"
"432.2000","36.0000","0.0076"
"432.3000","36.0088","0.0076"
"432.4000","36.0166","0.0076"
"432.5000","36.0233","0.0075"
"432.6000","36.0317","0.0075"
"432.7000","36.0404","0.0076"
"432.8000","36.0490","0.0076"
"432.9000","36.0574","0.0076"
"433.0000","36.0670","0.0075"
"433.1000","36.0739","0.0075"
"433.2000","36.0826","0.0076"
"433.3000","36.0911","0.0075"
"433.4000","36.1002","0.0076"
"433.5000","36.1087","0.0075"
"433.6000","36.1177","0.0076"
"433.7000","36.1242","0.0076"
"433.8000","36.1318","0.0076"
"433.9000","36.1402","0.0076"
"434.0000","36.1493","0.0076"
"434.1000","36.1579","0.0076"
"434.2000","36.1673","0.0076"
"434.3000","36.1749","0.0076"
"434.4000","36.1824","0.0076"
"434.5000","36.1911","0.0076"
"434.6000","36.1998","0.0076"
"434.7000","36.2078","0.0076"
"434.8000","36.2157","0.0076"
"434.9000","36.2239","0.0076"
"435.0000","36.2311","0.0076"
"435.1000","36.2403","0.0076"
"435.2000","36.2496","0.0076"
"435.3000","36.2580","0.0076"
"435.4000","36.2664","0.0076"
"435.5000","36.2761","0.0076"
"435.6000","36.2828","0.0076"
"435.7000","36.2909","0.0076"
"435.8000","36.2991","0.0076"
"435.9000","36.3077","0.0076"
"436.0000","36.3163","0.0076"
"436.1000","36.3260","0.0076"
"436.2000","36.3323","0.0076"
"436.3000","36.3399","0.0076"
"436.4000","36.3484","0.0076"
"436.5000","36.3573","0.0076"
"436.6000","36.3657","0.0076"
"436.7000","36.3752","0.0076"
"436.8000","36.3829","0.0076"
"436.9000","36.3906","0.0076"
"437.0000","36.3995","0.0076"
"437.1000","36.4083","0.0076"
"437.2000","36.4165","0.0076"
"437.3000","36.4252","0.0076"
"437.4000","36.4334","0.0076"
"437.5000","36.4404","0.0076"
"437.6000","36.4489","0.0076"
"437.7000","36.4574","0.0076"
"437.8000","36.4659","0.0076"
"437.9000","36.4744","0.0076"
"438.0000","36.4843","0.0076"
"438.1000","36.4909","0.0076"
"438.2000","36.4992","0.0076"
"438.3000","36.5073","0.0076"
"438.4000","36.5164","0.0076"
"438.5000","36.5247","0.0076"
"438.6000","36.5338","0.0076"
"438.7000","36.5405","0.0076"
"438.8000","36.5482","0.0076"
"438.9000","36.5570","0.0076"
"439.0000","36.5661","0.0076"
"439.1000","36.5748","0.0076"
"439.2000","36.5846","0.0076"
"439.3000","36.5916","0.0076"
"439.4000","36.5989","0.0076"
"439.5000","36.6075","0.0076"
"439.6000","36.6164","0.0076"
"439.7000","36.6250","0.0076"
"439.8000","36.6335","0.0076"
"439.9000","36.6410","0.0076"
"440.0000","36.6478","0.0076"
"440.1000","36.6568","0.0076"
"440.2000","36.6657","0.0076"
"440.3000","36.6743","0.0076"
"440.4000","36.6827","0.0076"
"440.5000","36.6923","0.0076"
"440.6000","36.6994","0.0076"
"440.7000","36.7078","0.0076"
"440.8000","36.7160","0.0076"
"440.9000","36.7246","0.0076"
"441.0000","36.7329","0.0076"
"441.1000","36.7421","0.0076"
"441.2000","36.7490","0.0076"
"441.3000","36.7570","0.0076"
"441.4000","36.7656","0.0076"
"441.5000","36.7744","0.0076"
"441.6000","36.7827","0.0076"
"441.7000","36.7921","0.0076"
"441.8000","36.8000","0.0076"
"441.9000","36.8076","0.0076"
"442.0000","36.8161","0.0076"
"442.1000","36.8247","0.0076"
"442.2000","36.8330","0.0076"
"442.3000","36.8417","0.0076"
"442.4000","36.8499","0.0076"
"442.5000","36.8568","0.0076"
"442.6000","36.8655","0.0077"
"442.7000","36.8741","0.0077"
"442.8000","36.8828","0.0076"
"442.9000","36.8910","0.0077"
"443.0000","36.9004","0.0076"
"443.1000","36.9074","0.0077"
"443.2000","36.9160","0.0077"
"443.3000","36.9244","0.0077"
"443.4000","36.9333","0.0077"
"443.5000","36.9415","0.0077"
"443.6000","36.9507","0.0077"
"443.7000","36.9572","0.0077"
"443.8000","36.9647","0.0076"
"443.9000","36.9732","0.0077"
"444.0000","36.9824","0.0077"
"444.1000","36.9913","0.0077"
"444.2000","37.0010","0.0077"
"444.3000","37.0085","0.0077"
"444.4000","37.0159","0.0077"
"444.5000","37.0242","0.0077"
"444.6000","37.0327","0.0077"
"444.7000","37.0412","0.0077"
"444.8000","37.0494","0.0077"
"444.9000","37.0575","0.0077"
"445.0000","37.0644","0.0077"
"445.1000","37.0735","0.0077"
"445.2000","37.0830","0.0077"
"445.3000","37.0915","0.0077"
"445.4000","37.1001","0.0077"
"445.5000","37.1094","0.0077"
"445.6000","37.1158","0.0077"
"445.7000","37.1244","0.0077"
"445.8000","37.1326","0.0077"
"445.9000","37.1411","0.0077"
"446.0000","37.1495","0.0077"
"446.1000","37.1588","0.0077"
"446.2000","37.1656","0.0077"
"446.3000","37.1733","0.0077"
"446.4000","37.1821","0.0077"
"446.5000","37.1914","0.0077"
"446.6000","37.1999","0.0077"
"446.7000","37.2091","0.0077"
"446.8000","37.2164","0.0077"
"446.9000","37.2237","0.0077"
"447.0000","37.2323","0.0077"
"447.1000","37.2411","0.0077"
"447.2000","37.2499","0.0077"
"447.3000","37.2584","0.0077"
"447.4000","37.2666","0.0077"
"447.5000","37.2734","0.0077"
"447.6000","37.2818","0.0077"
"447.7000","37.2904","0.0077"
"447.8000","37.2990","0.0077"
"447.9000","37.3078","0.0077"
"448.0000","37.3178","0.0077"
"448.1000","37.3244","0.0077"
"448.2000","37.3326","0.0077"
"448.3000","37.3409","0.0077"
"448.4000","37.3496","0.0077"
"448.5000","37.3578","0.0077"
"448.6000","37.3669","0.0077"
"448.7000","37.3737","0.0077"
"448.8000","37.3814","0.0077"
"448.9000","37.3901","0.0077"
"449.0000","37.3995","0.0077"
"449.1000","37.4082","0.0077"
"449.2000","37.4180","0.0077"
"449.3000","37.4251","0.0077"
"449.4000","37.4322","0.0077"
"449.5000","37.4406","0.0077"
"449.6000","37.4494","0.0077"
"449.7000","37.4579","0.0077"
"449.8000","37.4667","0.0077"
"449.9000","37.4747","0.0077"
"450.0000","37.4817","0.0077"
"450.1000","37.4905","0.0077"
"450.2000","37.4997","0.0077"
"450.3000","37.5082","0.0077"
"450.4000","37.5164","0.0077"
"450.5000","37.5257","0.0077"
"450.6000","37.5322","0.0077"
"450.7000","37.5406","0.0077"
"450.8000","37.5488","0.0077"
"450.9000","37.5577","0.0077"
"451.0000","37.5665","0.0077"
"451.1000","37.5760","0.0077"
"451.2000","37.5824","0.0077"
"451.3000","37.5900","0.0078"
"451.4000","37.5985","0.0077"
"451.5000","37.6073","0.0077"
"451.6000","37.6160","0.0077"
"451.7000","37.6255","0.0077"
"451.8000","37.6331","0.0077"
"451.9000","37.6409","0.0078"
"452.0000","37.6493","0.0077"
"452.1000","37.6577","0.0077"
"452.2000","37.6660","0.0077"
"452.3000","37.6751","0.0077"
"452.4000","37.6833","0.0078"
"452.5000","37.6904","0.0078"
"452.6000","37.6992","0.0078"
"452.7000","37.7080","0.0077"
"452.8000","37.7162","0.0077"
"452.9000","37.7242","0.0078"
"453.0000","37.7338","0.0078"
"453.1000","37.7407","0.0078"
"453.2000","37.7492","0.0078"
"453.3000","37.7575","0.0078"
"453.4000","37.7662","0.0078"
"453.5000","37.7747","0.0078"
"453.6000","37.7842","0.0078"
"453.7000","37.7908","0.0078"
"453.8000","37.7985","0.0078"
"453.9000","37.8071","0.0078"
"454.0000","37.8163","0.0078"
"454.1000","37.8248","0.0078"
"454.2000","37.8343","0.0078"
"454.3000","37.8417","0.0078"
"454.4000","37.8490","0.0078"
"454.5000","37.8575","0.0078"
"454.6000","37.8661","0.0078"
"454.7000","37.8747","0.0078"
"454.8000","37.8832","0.0078"
"454.9000","37.8912","0.0078"
"455.0000","37.8979","0.0078"
"455.1000","37.9064","0.0078"
"455.2000","37.9154","0.0078"
"455.3000","37.9245","0.0078"
"455.4000","37.9334","0.0078"
"455.5000","37.9426","0.0078"
"455.6000","37.9494","0.0078"
"455.7000","37.9576","0.0078"
"455.8000","37.9655","0.0078"
"455.9000","37.9742","0.0078"
"456.0000","37.9829","0.0078"
"456.1000","37.9923","0.0078"
"456.2000","37.9994","0.0078"
"456.3000","38.0072","0.0078"
"456.4000","38.0155","0.0078"
"456.5000","38.0246","0.0078"
"456.6000","38.0332","0.0078"
"456.7000","38.0427","0.0078"
"456.8000","38.0497","0.0078"
"456.9000","38.0568","0.0078"
"457.0000","38.0652","0.0078"
"457.1000","38.0742","0.0078"
"457.2000","38.0832","0.0078"
"457.3000","38.0922","0.0078"
"457.4000","38.1003","0.0078"
"457.5000","38.1072","0.0078"
"457.6000","38.1158","0.0078"
"457.7000","38.1242","0.0078"
"457.8000","38.1324","0.0078"
"457.9000","38.1407","0.0078"
"458.0000","38.1506","0.0078"
"458.1000","38.1575","0.0078"
"458.2000","38.1658","0.0078"
"458.3000","38.1741","0.0078"
"458.4000","38.1828","0.0078"
"458.5000","38.1912","0.0078"
"458.6000","38.2006","0.0078"
"458.7000","38.2075","0.0078"
"458.8000","38.2155","0.0078"
"458.9000","38.2238","0.0078"
"459.0000","38.2322","0.0078"
"459.1000","38.2404","0.0078"
"459.2000","38.2499","0.0078"
"459.3000","38.2580","0.0078"
"459.4000","38.2652","0.0078"
"459.5000","38.2737","0.0078"
"459.6000","38.2828","0.0078"
"459.7000","38.2917","0.0078"
"459.8000","38.3007","0.0078"
"459.9000","38.3086","0.0078"
"460.0000","38.3156","0.0078"
"460.1000","38.3243","0.0078"
"460.2000","38.3328","0.0078"
"460.3000","38.3412","0.0078"
"460.4000","38.3495","0.0078"
"460.5000","38.3586","0.0078"
"460.6000","38.3653","0.0078"
"460.7000","38.3737","0.0078"
"460.8000","38.3823","0.0078"
"460.9000","38.3914","0.0078"
"461.0000","38.3999","0.0078"
"461.1000","38.4093","0.0078"
"461.2000","38.4160","0.0078"
"461.3000","38.4237","0.0078"
"461.4000","38.4321","0.0078"
"461.5000","38.4408","0.0078"
"461.6000","38.4491","0.0078"
"461.7000","38.4585","0.0078"
"461.8000","38.4664","0.0078"
"461.9000","38.4740","0.0078"
"462.0000","38.4827","0.0078"
"462.1000","38.4916","0.0079"
"462.2000","38.4999","0.0079"
"462.3000","38.5087","0.0079"
"462.4000","38.5167","0.0079"
"462.5000","38.5234","0.0078"
"462.6000","38.5318","0.0078"
"462.7000","38.5405","0.0078"
"462.8000","38.5487","0.0079"
"462.9000","38.5570","0.0079"
"463.0000","38.5669","0.0079"
"463.1000","38.5741","0.0079"
"463.2000","38.5826","0.0079"
"463.3000","38.5911","0.0079"
"463.4000","38.6001","0.0079"
"463.5000","38.6085","0.0079"
"463.6000","38.6177","0.0079"
"463.7000","38.6241","0.0079"
"463.8000","38.6317","0.0079"
"463.9000","38.6401","0.0079"
"464.0000","38.6490","0.0079"
"464.1000","38.6576","0.0079"
"464.2000","38.6676","0.0079"
"464.3000","38.6749","0.0079"
"464.4000","38.6821","0.0079"
"464.5000","38.6908","0.0079"
"464.6000","38.6999","0.0079"
"464.7000","38.7086","0.0079"
"464.8000","38.7169","0.0079"
"464.9000","38.7247","0.0079"
"465.0000","38.7313","0.0079"
"465.1000","38.7398","0.0079"
"465.2000","38.7489","0.0079"
"465.3000","38.7576","0.0079"
"465.4000","38.7665","0.0079"
"465.5000","38.7763","0.0079"
"465.6000","38.7830","0.0079"
"465.7000","38.7911","0.0079"
"465.8000","38.7991","0.0079"
"465.9000","38.8076","0.0079"
"466.0000","38.8159","0.0079"
"466.1000","38.8253","0.0079"
"466.2000","38.8320","0.0079"
"466.3000","38.8399","0.0079"
"466.4000","38.8487","0.0079"
"466.5000","38.8575","0.0079"
"466.6000","38.8661","0.0079"
"466.7000","38.8757","0.0079"
"466.8000","38.8831","0.0079"
"466.9000","38.8903","0.0079"
"467.0000","38.8988","0.0079"
"467.1000","38.9079","0.0079"
"467.2000","38.9168","0.0079"
"467.3000","38.9254","0.0079"
"467.4000","38.9334","0.0079"
"467.5000","38.9404","0.0079"
"467.6000","38.9491","0.0079"
"467.7000","38.9576","0.0079"
"467.8000","38.9657","0.0079"
"467.9000","38.9742","0.0079"
"468.0000","38.9841","0.0079"
"468.1000","38.9912","0.0079"
"468.2000","38.9994","0.0079"
"468.3000","39.0074","0.0079"
"468.4000","39.0161","0.0079"
"468.5000","39.0244","0.0079"
"468.6000","39.0339","0.0079"
"468.7000","39.0408","0.0079"
"468.8000","39.0485","0.0079"
"468.9000","39.0569","0.0079"
"469.0000","39.0659","0.0079"
"469.1000","39.0744","0.0079"
"469.2000","39.0841","0.0079"
"469.3000","39.0915","0.0079"
"469.4000","39.0989","0.0079"
"469.5000","39.1076","0.0079"
"469.6000","39.1164","0.0079"
"469.7000","39.1250","0.0079"
"469.8000","39.1336","0.0079"
"469.9000","39.1415","0.0079"
"470.0000","39.1481","0.0079"
"470.1000","39.1565","0.0079"
"470.2000","39.1653","0.0079"
"470.3000","39.1741","0.0079"
"470.4000","39.1832","0.0079"
"470.5000","39.1928","0.0079"
"470.6000","39.1993","0.0079"
"470.7000","39.2072","0.0079"
"470.8000","39.2152","0.0079"
"470.9000","39.2244","0.0079"
"471.0000","39.2333","0.0079"
"471.1000","39.2426","0.0079"
"471.2000","39.2492","0.0079"
"471.3000","39.2569","0.0079"
"471.4000","39.2654","0.0079"
"471.5000","39.2743","0.0079"
"471.6000","39.2828","0.0079"
"471.7000","39.2923","0.0079"
"471.8000","39.3000","0.0080"
"471.9000","39.3073","0.0079"
"472.0000","39.3160","0.0079"
"472.1000","39.3247","0.0079"
"472.2000","39.3333","0.0079"
"472.3000","39.3418","0.0079"
"472.4000","39.3498","0.0079"
"472.5000","39.3566","0.0079"
"472.6000","39.3654","0.0079"
"472.7000","39.3740","0.0080"
"472.8000","39.3825","0.0080"
"472.9000","39.3908","0.0080"
"473.0000","39.4008","0.0080"
"473.1000","39.4079","0.0080"
"473.2000","39.4162","0.0080"
"473.3000","39.4242","0.0080"
"473.4000","39.4331","0.0080"
"473.5000","39.4415","0.0080"
"473.6000","39.4509","0.0080"
"473.7000","39.4574","0.0080"
"473.8000","39.4649","0.0080"
"473.9000","39.4732","0.0080"
"474.0000","39.4821","0.0080"
"474.1000","39.4908","0.0080"
"474.2000","39.5004","0.0080"
"474.3000","39.5081","0.0080"
"474.4000","39.5156","0.0080"
"474.5000","39.5242","0.0080"
"474.6000","39.5333","0.0080"
"474.7000","39.5416","0.0080"
"474.8000","39.5499","0.0080"
"474.9000","39.5579","0.0080"
"475.0000","39.5647","0.0080"
"475.1000","39.5734","0.0080"
"475.2000","39.5822","0.0080"
"475.3000","39.5912","0.0080"
"475.4000","39.6002","0.0080"
"475.5000","39.6095","0.0080"
"475.6000","39.6161","0.0080"
"475.7000","39.6244","0.0080"
"475.8000","39.6323","0.0080"
"475.9000","39.6409","0.0080"
"476.0000","39.6493","0.0080"
"476.1000","39.6587","0.0080"
"476.2000","39.6656","0.0080"
"476.3000","39.6735","0.0080"
"476.4000","39.6821","0.0080"
"476.5000","39.6915","0.0080"
"476.6000","39.7000","0.0080"
"476.7000","39.7092","0.0080"
"476.8000","39.7165","0.0080"
"476.9000","39.7237","0.0080"
"477.0000","39.7323","0.0080"
"477.1000","39.7409","0.0080"
"477.2000","39.7495","0.0080"
"477.3000","39.7582","0.0080"
"477.4000","39.7665","0.0080"
"477.5000","39.7735","0.0080"
"477.6000","39.7819","0.0080"
"477.7000","39.7906","0.0080"
"477.8000","39.7991","0.0080"
"477.9000","39.8076","0.0080"
"478.0000","39.8177","0.0080"
"478.1000","39.8245","0.0080"
"478.2000","39.8327","0.0080"
"478.3000","39.8407","0.0080"
"478.4000","39.8494","0.0080"
"478.5000","39.8579","0.0079"
"478.6000","39.8672","0.0080"
"478.7000","39.8740","0.0080"
"478.8000","39.8817","0.0080"
"478.9000","39.8904","0.0080"
"479.0000","39.8995","0.0080"
"479.1000","39.9081","0.0080"
"479.2000","39.9177","0.0080"
"479.3000","39.9249","0.0080"
"479.4000","39.9321","0.0080"
"479.5000","39.9406","0.0080"
"479.6000","39.9496","0.0080"
"479.7000","39.9582","0.0080"
"479.8000","39.9666","0.0080"
"479.9000","39.9745","0.0080"
"480.0000","39.9814","0.0080"
"480.1000","39.9905","0.0080"
"480.2000","39.9993","0.0080"
"480.3000","40.0078","0.0080"
"480.4000","40.0167","0.0080"
"480.5000","40.0263","0.0080"
"480.6000","40.0326","0.0080"
"480.7000","40.0407","0.0080"
"480.8000","40.0486","0.0080"
"480.9000","40.0573","0.0080"
"481.0000","40.0660","0.0080"
"481.1000","40.0757","0.0080"
"481.2000","40.0822","0.0080"
"481.3000","40.0900","0.0080"
"481.4000","40.0988","0.0080"
"481.5000","40.1077","0.0080"
"481.6000","40.1162","0.0080"
"481.7000","40.1254","0.0080"
"481.8000","40.1328","0.0080"
"481.9000","40.1403","0.0080"
"482.0000","40.1488","0.0080"
"482.1000","40.1579","0.0080"
"482.2000","40.1668","0.0080"
"482.3000","40.1756","0.0081"
"482.4000","40.1834","0.0080"
"482.5000","40.1904","0.0080"
"482.6000","40.1992","0.0080"
"482.7000","40.2078","0.0080"
"482.8000","40.2165","0.0080"
"482.9000","40.2250","0.0081"
"483.0000","40.2342","0.0081"
"483.1000","40.2405","0.0080"
"483.2000","40.2485","0.0080"
"483.3000","40.2566","0.0081"
"483.4000","40.2653","0.0081"
"483.5000","40.2744","0.0081"
"483.6000","40.2845","0.0080"
"483.7000","40.2911","0.0081"
"483.8000","40.2990","0.0081"
"483.9000","40.3074","0.0081"
"484.0000","40.3163","0.0081"
"484.1000","40.3244","0.0081"
"484.2000","40.3337","0.0081"
"484.3000","40.3413","0.0081"
"484.4000","40.3488","0.0081"
"484.5000","40.3580","0.0081"
"484.6000","40.3667","0.0081"
"484.7000","40.3749","0.0081"
"484.8000","40.3831","0.0081"
"484.9000","40.3911","0.0081"
"485.0000","40.3981","0.0081"
"485.1000","40.4067","0.0081"
"485.2000","40.4154","0.0081"
"485.3000","40.4239","0.0081"
"485.4000","40.4327","0.0081"
"485.5000","40.4427","0.0081"
"485.6000","40.4495","0.0081"
"485.7000","40.4576","0.0081"
"485.8000","40.4655","0.0081"
"485.9000","40.4743","0.0081"
"486.0000","40.4829","0.0081"
"486.1000","40.4922","0.0081"
"486.2000","40.4992","0.0081"
"486.3000","40.5072","0.0081"
"486.4000","40.5161","0.0081"
"486.5000","40.5252","0.0081"
"486.6000","40.5333","0.0081"
"486.7000","40.5422","0.0081"
"486.8000","40.5493","0.0081"
"486.9000","40.5566","0.0081"
"487.0000","40.5653","0.0081"
"487.1000","40.5743","0.0081"
"487.2000","40.5831","0.0081"
"487.3000","40.5918","0.0081"
"487.4000","40.6001","0.0081"
"487.5000","40.6072","0.0081"
"487.6000","40.6160","0.0081"
"487.7000","40.6245","0.0081"
"487.8000","40.6324","0.0081"
"487.9000","40.6406","0.0081"
"488.0000","40.6505","0.0081"
"488.1000","40.6576","0.0081"
"488.2000","40.6662","0.0081"
"488.3000","40.6742","0.0081"
"488.4000","40.6828","0.0081"
"488.5000","40.6913","0.0081"
"488.6000","40.7008","0.0081"
"488.7000","40.7074","0.0081"
"488.8000","40.7150","0.0081"
"488.9000","40.7231","0.0081"
"489.0000","40.7320","0.0081"
"489.1000","40.7408","0.0081"
"489.2000","40.7503","0.0081"
"489.3000","40.7579","0.0081"
"489.4000","40.7652","0.0081"
"489.5000","40.7738","0.0081"
"489.6000","40.7830","0.0081"
"489.7000","40.7917","0.0081"
"489.8000","40.8003","0.0081"
"489.9000","40.8084","0.0081"
"490.0000","40.8154","0.0081"
"490.1000","40.8240","0.0081"
"490.2000","40.8325","0.0081"
"490.3000","40.8408","0.0081"
"490.4000","40.8492","0.0081"
"490.5000","40.8592","0.0081"
"490.6000","40.8661","0.0081"
"490.7000","40.8743","0.0081"
"490.8000","40.8820","0.0081"
"490.9000","40.8907","0.0081"
"491.0000","40.8996","0.0081"
"491.1000","40.9093","0.0081"
"491.2000","40.9159","0.0081"
"491.3000","40.9236","0.0081"
"491.4000","40.9321","0.0081"
"491.5000","40.9410","0.0081"
"491.6000","40.9494","0.0081"
"491.7000","40.9587","0.0081"
"491.8000","40.9662","0.0081"
"491.9000","40.9737","0.0081"
"492.0000","40.9828","0.0081"
"492.1000","40.9917","0.0081"
"492.2000","40.9999","0.0081"
"492.3000","41.0085","0.0081"
"492.4000","41.0165","0.0081"
"492.5000","41.0235","0.0081"
"492.6000","41.0319","0.0081"
"492.7000","41.0405","0.0081"
"492.8000","41.0491","0.0081"
"492.9000","41.0575","0.0082"
"493.0000","41.0669","0.0082"
"493.1000","41.0738","0.0081"
"493.2000","41.0822","0.0081"
"493.3000","41.0908","0.0082"
"493.4000","41.0999","0.0082"
"493.5000","41.1085","0.0082"
"493.6000","41.1177","0.0082"
"493.7000","41.1242","0.0082"
"493.8000","41.1318","0.0082"
"493.9000","41.1403","0.0082"
"494.0000","41.1493","0.0081"
"494.1000","41.1575","0.0082"
"494.2000","41.1671","0.0082"
"494.3000","41.1747","0.0082"
"494.4000","41.1823","0.0082"
"494.5000","41.1912","0.0082"
"494.6000","41.2000","0.0082"
"494.7000","41.2083","0.0082"
"494.8000","41.2170","0.0082"
"494.9000","41.2247","0.0082"
"495.0000","41.2313","0.0082"
"495.1000","41.2398","0.0082"
"495.2000","41.2486","0.0082"
"495.3000","41.2573","0.0082"
"495.4000","41.2660","0.0082"
"495.5000","41.2757","0.0082"
"495.6000","41.2825","0.0082"
"495.7000","41.2912","0.0082"
"495.8000","41.2994","0.0082"
"495.9000","41.3082","0.0082"
"496.0000","41.3167","0.0082"
"496.1000","41.3260","0.0082"
"496.2000","41.3324","0.0082"
"496.3000","41.3401","0.0082"
"496.4000","41.3483","0.0082"
"496.5000","41.3571","0.0082"
"496.6000","41.3656","0.0082"
"496.7000","41.3752","0.0082"
"496.8000","41.3831","0.0082"
"496.9000","41.3906","0.0082"
"497.0000","41.3993","0.0082"
"497.1000","41.4082","0.0082"
"497.2000","41.4166","0.0082"
"497.3000","41.4249","0.0082"
"497.4000","41.4330","0.0082"
"497.5000","41.4402","0.0082"
"497.6000","41.4494","0.0082"
"497.7000","41.4579","0.0082"
"497.8000","41.4658","0.0082"
"497.9000","41.4739","0.0082"
"498.0000","41.4841","0.0082"
"498.1000","41.4910","0.0082"
"498.2000","41.4996","0.0082"
"498.3000","41.5076","0.0082"
"498.4000","41.5163","0.0082"
"498.5000","41.5248","0.0082"
"498.6000","41.5338","0.0082"
"498.7000","41.5406","0.0082"
"498.8000","41.5482","0.0082"
"498.9000","41.5566","0.0082"
"499.0000","41.5657","0.0082"
"499.1000","41.5744","0.0082"
"499.2000","41.5843","0.0082"
"499.3000","41.5918","0.0082"
"499.4000","41.5993","0.0082"
"499.5000","41.6078","0.0082"
"499.6000","41.6166","0.0082"
"499.7000","41.6248","0.0082"
"499.8000","41.6336","0.0082"
"499.9000","41.6417","0.0082"
"500.0000","41.6485","0.0082"
"500.1000","41.6569","0.0082"
"500.2000","41.6655","0.0082"
"500.3000","41.6740","0.0082"
"500.4000","41.6823","0.0082"
"500.5000","41.6919","0.0082"
"500.6000","41.6989","0.0082"
"500.7000","41.7072","0.0082"
"500.8000","41.7154","0.0083"
"500.9000","41.7245","0.0083"
"501.0000","41.7333","0.0082"
"501.1000","41.7427","0.0082"
"501.2000","41.7493","0.0082"
"501.3000","41.7570","0.0082"
"501.4000","41.7655","0.0082"
"501.5000","41.7744","0.0082"
"501.6000","41.7827","0.0082"
"501.7000","41.7926","0.0082"
"501.8000","41.8000","0.0082"
"501.9000","41.8073","0.0082"
"502.0000","41.8159","0.0082"
"502.1000","41.8247","0.0082"
"502.2000","41.8330","0.0082"
"502.3000","41.8413","0.0082"
"502.4000","41.8495","0.0082"
"502.5000","41.8565","0.0082"
"502.6000","41.8656","0.0082"
"502.7000","41.8746","0.0082"
"502.8000","41.8829","0.0082"
"502.9000","41.8913","0.0082"
"503.0000","41.9007","0.0082"
"503.1000","41.9076","0.0083"
"503.2000","41.9161","0.0082"
"503.3000","41.9240","0.0082"
"503.4000","41.9329","0.0083"
"503.5000","41.9414","0.0082"
"503.6000","41.9509","0.0082"
"503.7000","41.9573","0.0082"
"503.8000","41.9648","0.0083"
"503.9000","41.9731","0.0082"
"504.0000","41.9821","0.0082"
"504.1000","41.9909","0.0082"
"504.2000","42.0006","0.0083"
"504.3000","42.0081","0.0083"
"504.4000","42.0156","0.0082"
"504.5000","42.0243","0.0082"
"504.6000","42.0329","0.0083"
"504.7000","42.0414","0.0083"
"504.8000","42.0501","0.0082"
"504.9000","42.0585","0.0083"
"505.0000","42.0655","0.0083"
"505.1000","42.0738","0.0083"
"505.2000","42.0822","0.0083"
"505.3000","42.0905","0.0083"
"505.4000","42.0990","0.0083"
"505.5000","42.1090","0.0083"
"505.6000","42.1158","0.0083"
"505.7000","42.1244","0.0083"
"505.8000","42.1326","0.0083"
"505.9000","42.1413","0.0083"
"506.0000","42.1495","0.0083"
"506.1000","42.1589","0.0083"
"506.2000","42.1656","0.0083"
"506.3000","42.1734","0.0083"
"506.4000","42.1820","0.0083"
"506.5000","42.1913","0.0083"
"506.6000","42.2002","0.0083"
"506.7000","42.2095","0.0083"
"506.8000","42.2163","0.0083"
"506.9000","42.2235","0.0083"
"507.0000","42.2323","0.0083"
"507.1000","42.2412","0.0083"
"507.2000","42.2497","0.0083"
"507.3000","42.2580","0.0083"
"507.4000","42.2662","0.0083"
"507.5000","42.2731","0.0083"
"507.6000","42.2820","0.0083"
"507.7000","42.2908","0.0083"
"507.8000","42.2994","0.0083"
"507.9000","42.3083","0.0083"
"508.0000","42.3180","0.0083"
"508.1000","42.3242","0.0083"
"508.2000","42.3323","0.0083"
"508.3000","42.3403","0.0083"
"508.4000","42.3492","0.0083"
"508.5000","42.3582","0.0083"
"508.6000","42.3673","0.0083"
"508.7000","42.3741","0.0083"
"508.8000","42.3819","0.0083"
"508.9000","42.3905","0.0083"
"509.0000","42.3993","0.0083"
"509.1000","42.4078","0.0083"
"509.2000","42.4176","0.0083"
"509.3000","42.4249","0.0083"
"509.4000","42.4324","0.0083"
"509.5000","42.4407","0.0083"
"509.6000","42.4495","0.0083"
"509.7000","42.4581","0.0083"
"509.8000","42.4667","0.0083"
"509.9000","42.4748","0.0083"
"510.0000","42.4816","0.0083"
"510.1000","42.4902","0.0083"
"510.2000","42.4990","0.0083"
"510.3000","42.5078","0.0083"
"510.4000","42.5166","0.0083"
"510.5000","42.5258","0.0083"
"510.6000","42.5322","0.0083"
"510.7000","42.5406","0.0083"
"510.8000","42.5489","0.0083"
"510.9000","42.5578","0.0083"
"511.0000","42.5665","0.0083"
"511.1000","42.5756","0.0083"
"511.2000","42.5822","0.0083"
"511.3000","42.5901","0.0083"
"511.4000","42.5987","0.0083"
"511.5000","42.6076","0.0083"
"511.6000","42.6160","0.0083"
"511.7000","42.6254","0.0083"
"511.8000","42.6330","0.0083"
"511.9000","42.6403","0.0083"
"512.0000","42.6490","0.0083"
"512.1000","42.6578","0.0083"
"512.2000","42.6664","0.0083"
"512.3000","42.6750","0.0083"
"512.4000","42.6831","0.0083"
"512.5000","42.6904","0.0083"
"512.6000","42.6994","0.0083"
"512.7000","42.7081","0.0083"
"512.8000","42.7163","0.0083"
"512.9000","42.7246","0.0083"
"513.0000","42.7340","0.0083"
"513.1000","42.7407","0.0083"
"513.2000","42.7490","0.0083"
"513.3000","42.7571","0.0083"
"513.4000","42.7661","0.0083"
"513.5000","42.7750","0.0083"
"513.6000","42.7843","0.0083"
"513.7000","42.7907","0.0083"
"513.8000","42.7985","0.0083"
"513.9000","42.8072","0.0083"
"514.0000","42.8162","0.0083"
"514.1000","42.8248","0.0083"
"514.2000","42.8340","0.0083"
"514.3000","42.8412","0.0083"
"514.4000","42.8486","0.0083"
"514.5000","42.8574","0.0083"
"514.6000","42.8662","0.0083"
"514.7000","42.8751","0.0084"
"514.8000","42.8834","0.0083"
"514.9000","42.8916","0.0083"
"515.0000","42.8986","0.0084"
"515.1000","42.9073","0.0084"
"515.2000","42.9158","0.0084"
"515.3000","42.9241","0.0084"
"515.4000","42.9324","0.0084"
"515.5000","42.9421","0.0084"
"515.6000","42.9489","0.0084"
"515.7000","42.9572","0.0084"
"515.8000","42.9654","0.0084"
"515.9000","42.9745","0.0084"
"516.0000","42.9834","0.0084"
"516.1000","42.9928","0.0084"
"516.2000","42.9994","0.0084"
"516.3000","43.0071","0.0084"
"516.4000","43.0154","0.0084"
"516.5000","43.0247","0.0084"
"516.6000","43.0333","0.0084"
"516.7000","43.0429","0.0084"
"516.8000","43.0499","0.0084"
"516.9000","43.0570","0.0084"
"517.0000","43.0655","0.0084"
"517.1000","43.0744","0.0084"
"517.2000","43.0829","0.0084"
"517.3000","43.0917","0.0084"
"517.4000","43.1000","0.0084"
"517.5000","43.1072","0.0084"
"517.6000","43.1159","0.0084"
"517.7000","43.1242","0.0084"
"517.8000","43.1325","0.0084"
"517.9000","43.1406","0.0084"
"518.0000","43.1504","0.0084"
"518.1000","43.1574","0.0084"
"518.2000","43.1657","0.0084"
"518.3000","43.1739","0.0084"
"518.4000","43.1830","0.0084"
"518.5000","43.1918","0.0084"
"518.6000","43.2013","0.0084"
"518.7000","43.2073","0.0084"
"518.8000","43.2149","0.0084"
"518.9000","43.2233","0.0084"
"519.0000","43.2325","0.0084"
"519.1000","43.2409","0.0084"
"519.2000","43.2502","0.0084"
"519.3000","43.2577","0.0084"
"519.4000","43.2649","0.0084"
"519.5000","43.2740","0.0084"
"519.6000","43.2831","0.0084"
"519.7000","43.2920","0.0084"
"519.8000","43.3005","0.0084"
"519.9000","43.3083","0.0084"
"520.0000","43.3155","0.0084"
"520.1000","43.3243","0.0084"
"520.2000","43.3328","0.0084"
"520.3000","43.3408","0.0084"
"520.4000","43.3491","0.0084"
"520.5000","43.3589","0.0084"
"520.6000","43.3656","0.0084"
"520.7000","43.3739","0.0084"
"520.8000","43.3822","0.0084"
"520.9000","43.3916","0.0084"
"521.0000","43.4002","0.0084"
"521.1000","43.4091","0.0084"
"521.2000","43.4155","0.0084"
"521.3000","43.4231","0.0084"
"521.4000","43.4320","0.0084"
"521.5000","43.4412","0.0084"
"521.6000","43.4496","0.0084"
"521.7000","43.4587","0.0084"
"521.8000","43.4663","0.0084"
"521.9000","43.4737","0.0084"
"522.0000","43.4824","0.0084"
"522.1000","43.4911","0.0084"
"522.2000","43.4998","0.0084"
"522.3000","43.5087","0.0084"
"522.4000","43.5167","0.0084"
"522.5000","43.5234","0.0084"
"522.6000","43.5319","0.0084"
"522.7000","43.5406","0.0084"
"522.8000","43.5492","0.0084"
"522.9000","43.5576","0.0084"
"523.0000","43.5670","0.0084"
"523.1000","43.5740","0.0084"
"523.2000","43.5824","0.0084"
"523.3000","43.5907","0.0084"
"523.4000","43.5997","0.0084"
"523.5000","43.6084","0.0084"
"523.6000","43.6178","0.0084"
"523.7000","43.6243","0.0084"
"523.8000","43.6319","0.0084"
"523.9000","43.6402","0.0084"
"524.0000","43.6490","0.0084"
"524.1000","43.6576","0.0084"
"524.2000","43.6675","0.0084"
"524.3000","43.6749","0.0084"
"524.4000","43.6822","0.0084"
"524.5000","43.6909","0.0084"
"524.6000","43.6998","0.0084"
"524.7000","43.7087","0.0084"
"524.8000","43.7171","0.0084"
"524.9000","43.7247","0.0084"
"525.0000","43.7316","0.0084"
"525.1000","43.7401","0.0084"
"525.2000","43.7489","0.0084"
"525.3000","43.7575","0.0084"
"525.4000","43.7660","0.0084"
"525.5000","43.7755","0.0085"
"525.6000","43.7824","0.0084"
"525.7000","43.7910","0.0084"
"525.8000","43.7994","0.0084"
"525.9000","43.8081","0.0084"
"526.0000","43.8168","0.0085"
"526.1000","43.8259","0.0085"
"526.2000","43.8323","0.0085"
"526.3000","43.8397","0.0085"
"526.4000","43.8480","0.0085"
"526.5000","43.8572","0.0085"
"526.6000","43.8660","0.0085"
"526.7000","43.8756","0.0085"
"526.8000","43.8832","0.0085"
"526.9000","43.8908","0.0085"
"527.0000","43.8994","0.0085"
"527.1000","43.9080","0.0085"
"527.2000","43.9164","0.0085"
"527.3000","43.9250","0.0085"
"527.4000","43.9334","0.0085"
"527.5000","43.9404","0.0085"
"527.6000","43.9490","0.0085"
"527.7000","43.9576","0.0085"
"527.8000","43.9660","0.0085"
"527.9000","43.9745","0.0085"
"528.0000","43.9840","0.0085"
"528.1000","43.9909","0.0085"
"528.2000","43.9992","0.0085"
"528.3000","44.0076","0.0085"
"528.4000","44.0167","0.0085"
"528.5000","44.0249","0.0085"
"528.6000","44.0338","0.0085"
"528.7000","44.0405","0.0085"
"528.8000","44.0484","0.0085"
"528.9000","44.0570","0.0085"
"529.0000","44.0661","0.0085"
"529.1000","44.0744","0.0085"
"529.2000","44.0840","0.0085"
"529.3000","44.0914","0.0085"
"529.4000","44.0989","0.0085"
"529.5000","44.1075","0.0085"
"529.6000","44.1165","0.0085"
"529.7000","44.1250","0.0085"
"529.8000","44.1338","0.0085"
"529.9000","44.1415","0.0085"
"530.0000","44.1483","0.0085"
"530.1000","44.1569","0.0085"
"530.2000","44.1654","0.0085"
"530.3000","44.1740","0.0085"
"530.4000","44.1825","0.0085"
"530.5000","44.1924","0.0085"
"530.6000","44.1993","0.0085"
"530.7000","44.2078","0.0085"
"530.8000","44.2159","0.0085"
"530.9000","44.2245","0.0085"
"531.0000","44.2328","0.0085"
"531.1000","44.2421","0.0085"
"531.2000","44.2491","0.0085"
"531.3000","44.2569","0.0085"
"531.4000","44.2656","0.0085"
"531.5000","44.2747","0.0085"
"531.6000","44.2831","0.0085"
"531.7000","44.2923","0.0085"
"531.8000","44.2998","0.0085"
"531.9000","44.3073","0.0085"
"532.0000","44.3157","0.0085"
"532.1000","44.3246","0.0085"
"532.2000","44.3331","0.0085"
"532.3000","44.3418","0.0085"
"532.4000","44.3497","0.0085"
"532.5000","44.3566","0.0085"
"532.6000","44.3652","0.0085"
"532.7000","44.3739","0.0085"
"532.8000","44.3828","0.0085"
"532.9000","44.3916","0.0085"
"533.0000","44.4010","0.0085"
"533.1000","44.4077","0.0085"
"533.2000","44.4157","0.0085"
"533.3000","44.4238","0.0085"
"533.4000","44.4325","0.0085"
"533.5000","44.4414","0.0085"
"533.6000","44.4510","0.0085"
"533.7000","44.4574","0.0085"
"533.8000","44.4649","0.0085"
"533.9000","44.4732","0.0085"
"534.0000","44.4822","0.0085"
"534.1000","44.4910","0.0085"
"534.2000","44.5008","0.0085"
"534.3000","44.5084","0.0085"
"534.4000","44.5159","0.0085"
"534.5000","44.5244","0.0085"
"534.6000","44.5329","0.0085"
"534.7000","44.5415","0.0085"
"534.8000","44.5502","0.0085"
"534.9000","44.5580","0.0085"
"535.0000","44.5649","0.0085"
"535.1000","44.5733","0.0085"
"535.2000","44.5818","0.0085"
"535.3000","44.5905","0.0085"
"535.4000","44.5994","0.0086"
"535.5000","44.6096","0.0085"
"535.6000","44.6163","0.0085"
"535.7000","44.6245","0.0085"
"535.8000","44.6325","0.0085"
"535.9000","44.6410","0.0086"
"536.0000","44.6496","0.0086"
"536.1000","44.6591","0.0085"
"536.2000","44.6656","0.0085"
"536.3000","44.6734","0.0085"
"536.4000","44.6817","0.0086"
"536.5000","44.6911","0.0085"
"536.6000","44.6998","0.0085"
"536.7000","44.7094","0.0085"
"536.8000","44.7169","0.0085"
"536.9000","44.7240","0.0085"
"537.0000","44.7324","0.0085"
"537.1000","44.7410","0.0085"
"537.2000","44.7495","0.0086"
"537.3000","44.7581","0.0085"
"537.4000","44.7664","0.0086"
"537.5000","44.7733","0.0086"
"537.6000","44.7820","0.0086"
"537.7000","44.7909","0.0086"
"537.8000","44.7996","0.0086"
"537.9000","44.8082","0.0086"
"538.0000","44.8173","0.0086"
"538.1000","44.8240","0.0086"
"538.2000","44.8324","0.0086"
"538.3000","44.8409","0.0086"
"538.4000","44.8493","0.0086"
"538.5000","44.8576","0.0086"
"538.6000","44.8672","0.0086"
"538.7000","44.8741","0.0086"
"538.8000","44.8819","0.0086"
"538.9000","44.8907","0.0086"
"539.0000","44.8997","0.0086"
"539.1000","44.9080","0.0086"
"539.2000","44.9174","0.0086"
"539.3000","44.9248","0.0086"
"539.4000","44.9319","0.0086"
"539.5000","44.9407","0.0086"
"539.6000","44.9495","0.0086"
"539.7000","44.9580","0.0086"
"539.8000","44.9667","0.0086"
"539.9000","44.9747","0.0086"
"540.0000","44.9816","0.0086"
"540.1000","44.9906","0.0086"
"540.2000","44.9993","0.0086"
"540.3000","45.0081","0.0086"
"540.4000","45.0164","0.0086"
"540.5000","45.0258","0.0086"
"540.6000","45.0326","0.0086"
"540.7000","45.0409","0.0086"
"540.8000","45.0489","0.0086"
"540.9000","45.0576","0.0086"
"541.0000","45.0658","0.0086"
"541.1000","45.0754","0.0086"
"541.2000","45.0823","0.0086"
"541.3000","45.0901","0.0086"
"541.4000","45.0988","0.0086"
"541.5000","45.1079","0.0086"
"541.6000","45.1163","0.0086"
"541.7000","45.1256","0.0086"
"541.8000","45.1330","0.0086"
"541.9000","45.1403","0.0086"
"542.0000","45.1489","0.0086"
"542.1000","45.1577","0.0086"
"542.2000","45.1661","0.0086"
"542.3000","45.1750","0.0086"
"542.4000","45.1835","0.0086"
"542.5000","45.1905","0.0086"
"542.6000","45.1992","0.0086"
"542.7000","45.2079","0.0086"
"542.8000","45.2163","0.0086"
"542.9000","45.2248","0.0086"
"543.0000","45.2339","0.0086"
"543.1000","45.2405","0.0086"
"543.2000","45.2487","0.0086"
"543.3000","45.2569","0.0086"
"543.4000","45.2658","0.0086"
"543.5000","45.2746","0.0086"
"543.6000","45.2843","0.0086"
"543.7000","45.2911","0.0086"
"543.8000","45.2989","0.0086"
"543.9000","45.3073","0.0086"
"544.0000","45.3162","0.0086"
"544.1000","45.3244","0.0086"
"544.2000","45.3336","0.0086"
"544.3000","45.3414","0.0086"
"544.4000","45.3489","0.0086"
"544.5000","45.3576","0.0086"
"544.6000","45.3664","0.0086"
"544.7000","45.3750","0.0086"
"544.8000","45.3838","0.0086"
"544.9000","45.3915","0.0086"
"545.0000","45.3983","0.0086"
"545.1000","45.4067","0.0086"
"545.2000","45.4149","0.0086"
"545.3000","45.4236","0.0086"
"545.4000","45.4322","0.0086"
"545.5000","45.4423","0.0086"
"545.6000","45.4494","0.0086"
"545.7000","45.4578","0.0086"
"545.8000","45.4659","0.0086"
"545.9000","45.4747","0.0086"
"546.0000","45.4832","0.0086"
"546.1000","45.4927","0.0086"
"546.2000","45.4994","0.0086"
"546.3000","45.5071","0.0086"
"546.4000","45.5156","0.0086"
"546.5000","45.5245","0.0086"
"546.6000","45.5328","0.0086"
"546.7000","45.5428","0.0086"
"546.8000","45.5499","0.0086"
"546.9000","45.5570","0.0086"
"547.0000","45.5654","0.0086"
"547.1000","45.5741","0.0086"
"547.2000","45.5829","0.0086"
"547.3000","45.5918","0.0086"
"547.4000","45.5999","0.0087"
"547.5000","45.6069","0.0086"
"547.6000","45.6156","0.0087"
"547.7000","45.6247","0.0086"
"547.8000","45.6332","0.0086"
"547.9000","45.6413","0.0087"
"548.0000","45.6506","0.0087"
"548.1000","45.6573","0.0087"
"548.2000","45.6656","0.0087"
"548.3000","45.6740","0.0087"
"548.4000","45.6830","0.0087"
"548.5000","45.6915","0.0086"
"548.6000","45.7006","0.0087"
"548.7000","45.7074","0.0087"
"548.8000","45.7151","0.0086"
"548.9000","45.7236","0.0086"
"549.0000","45.7325","0.0087"
"549.1000","45.7406","0.0087"
"549.2000","45.7499","0.0087"
"549.3000","45.7579","0.0087"
"549.4000","45.7654","0.0087"
"549.5000","45.7739","0.0087"
"549.6000","45.7830","0.0087"
"549.7000","45.7916","0.0087"
"549.8000","45.8004","0.0087"
"549.9000","45.8085","0.0087"
"550.0000","45.8155","0.0087"
"550.1000","45.8241","0.0087"
"550.2000","45.8327","0.0087"
"550.3000","45.8411","0.0087"
"550.4000","45.8491","0.0087"
"550.5000","45.8586","0.0087"
"550.6000","45.8658","0.0087"
"550.7000","45.8745","0.0087"
"550.8000","45.8826","0.0087"
"550.9000","45.8910","0.0087"
"551.0000","45.8993","0.0087"
"551.1000","45.9088","0.0087"
"551.2000","45.9158","0.0087"
"551.3000","45.9238","0.0087"
"551.4000","45.9324","0.0087"
"551.5000","45.9413","0.0087"
"551.6000","45.9496","0.0087"
"551.7000","45.9587","0.0087"
"551.8000","45.9664","0.0087"
"551.9000","45.9739","0.0087"
"552.0000","45.9825","0.0087"
"552.1000","45.9913","0.0087"
"552.2000","45.9996","0.0087"
"552.3000","46.0081","0.0087"
"552.4000","46.0163","0.0087"
"552.5000","46.0231","0.0087"
"552.6000","46.0318","0.0087"
"552.7000","46.0406","0.0087"
"552.8000","46.0496","0.0087"
"552.9000","46.0582","0.0087"
"553.0000","46.0674","0.0087"
"553.1000","46.0739","0.0087"
"553.2000","46.0819","0.0087"
"553.3000","46.0901","0.0087"
"553.4000","46.0994","0.0087"
"553.5000","46.1082","0.0087"
"553.6000","46.1179","0.0087"
"553.7000","46.1246","0.0087"
"553.8000","46.1322","0.0087"
"553.9000","46.1405","0.0087"
"554.0000","46.1493","0.0087"
"554.1000","46.1576","0.0087"
"554.2000","46.1671","0.0087"
"554.3000","46.1745","0.0087"
"554.4000","46.1821","0.0087"
"554.5000","46.1911","0.0087"
"554.6000","46.2001","0.0087"
"554.7000","46.2086","0.0087"
"554.8000","46.2174","0.0087"
"554.9000","46.2251","0.0087"
"555.0000","46.2318","0.0087"
"555.1000","46.2400","0.0087"
"555.2000","46.2482","0.0087"
"555.3000","46.2567","0.0087"
"555.4000","46.2656","0.0087"
"555.5000","46.2759","0.0087"
"555.6000","46.2829","0.0087"
"555.7000","46.2913","0.0087"
"555.8000","46.2992","0.0087"
"555.9000","46.3080","0.0087"
"556.0000","46.3165","0.0087"
"556.1000","46.3261","0.0087"
"556.2000","46.3326","0.0087"
"556.3000","46.3400","0.0087"
"556.4000","46.3482","0.0087"
"556.5000","46.3570","0.0087"
"556.6000","46.3657","0.0087"
"556.7000","46.3753","0.0087"
"556.8000","46.3831","0.0087"
"556.9000","46.3908","0.0087"
"557.0000","46.3994","0.0087"
"557.1000","46.4081","0.0087"
"557.2000","46.4166","0.0087"
"557.3000","46.4251","0.0087"
"557.4000","46.4331","0.0087"
"557.5000","46.4401","0.0087"
"557.6000","46.4488","0.0087"
"557.7000","46.4577","0.0087"
"557.8000","46.4663","0.0087"
"557.9000","46.4749","0.0087"
"558.0000","46.4842","0.0087"
"558.1000","46.4907","0.0087"
"558.2000","46.4989","0.0087"
"558.3000","46.5073","0.0088"
"558.4000","46.5165","0.0087"
"558.5000","46.5250","0.0087"
"558.6000","46.5340","0.0087"
"558.7000","46.5407","0.0088"
"558.8000","46.5485","0.0087"
"558.9000","46.5568","0.0087"
"559.0000","46.5659","0.0088"
"559.1000","46.5744","0.0087"
"559.2000","46.5838","0.0087"
"559.3000","46.5914","0.0087"
"559.4000","46.5988","0.0088"
"559.5000","46.6074","0.0087"
"559.6000","46.6166","0.0087"
"559.7000","46.6250","0.0087"
"559.8000","46.6337","0.0087"
"559.9000","46.6415","0.0088"
"560.0000","46.6483","0.0088"
"560.1000","46.6569","0.0087"
"560.2000","46.6655","0.0088"
"560.3000","46.6739","0.0087"
"560.4000","46.6823","0.0088"
"560.5000","46.6921","0.0087"
"560.6000","46.6992","0.0088"
"560.7000","46.7078","0.0088"
"560.8000","46.7161","0.0088"
"560.9000","46.7245","0.0088"
"561.0000","46.7326","0.0088"
"561.1000","46.7419","0.0088"
"561.2000","46.7491","0.0088"
"561.3000","46.7570","0.0088"
"561.4000","46.7655","0.0088"
"561.5000","46.7745","0.0088"
"561.6000","46.7830","0.0088"
"561.7000","46.7929","0.0088"
"561.8000","46.8000","0.0088"
"561.9000","46.8073","0.0088"
"562.0000","46.8157","0.0088"
"562.1000","46.8241","0.0088"
"562.2000","46.8327","0.0088"
"562.3000","46.8415","0.0088"
"562.4000","46.8498","0.0088"
"562.5000","46.8568","0.0088"
"562.6000","46.8656","0.0088"
"562.7000","46.8743","0.0088"
"562.8000","46.8830","0.0088"
"562.9000","46.8915","0.0088"
"563.0000","46.9009","0.0088"
"563.1000","46.9076","0.0088"
"563.2000","46.9158","0.0088"
"563.3000","46.9239","0.0088"
"563.4000","46.9326","0.0088"
"563.5000","46.9409","0.0088"
"563.6000","46.9505","0.0088"
"563.7000","46.9574","0.0088"
"563.8000","46.9652","0.0088"
"563.9000","46.9737","0.0088"
"564.0000","46.9825","0.0088"
"564.1000","46.9909","0.0088"
"564.2000","47.0004","0.0088"
"564.3000","47.0080","0.0088"
"564.4000","47.0153","0.0088"
"564.5000","47.0240","0.0088"
"564.6000","47.0328","0.0088"
"564.7000","47.0416","0.0088"
"564.8000","47.0503","0.0088"
"564.9000","47.0584","0.0088"
"565.0000","47.0653","0.0088"
"565.1000","47.0739","0.0088"
"565.2000","47.0825","0.0088"
"565.3000","47.0905","0.0088"
"565.4000","47.0989","0.0088"
"565.5000","47.1090","0.0088"
"565.6000","47.1159","0.0088"
"565.7000","47.1245","0.0088"
"565.8000","47.1326","0.0088"
"565.9000","47.1413","0.0088"
"566.0000","47.1495","0.0088"
"566.1000","47.1590","0.0088"
"566.2000","47.1659","0.0088"
"566.3000","47.1736","0.0088"
"566.4000","47.1820","0.0088"
"566.5000","47.1909","0.0088"
"566.6000","47.1994","0.0088"
"566.7000","47.2092","0.0088"
"566.8000","47.2166","0.0088"
"566.9000","47.2241","0.0088"
"567.0000","47.2326","0.0088"
"567.1000","47.2412","0.0088"
"567.2000","47.2494","0.0088"
"567.3000","47.2579","0.0088"
"567.4000","47.2663","0.0088"
"567.5000","47.2732","0.0088"
"567.6000","47.2820","0.0088"
"567.7000","47.2909","0.0088"
"567.8000","47.2996","0.0088"
"567.9000","47.3082","0.0088"
"568.0000","47.3174","0.0088"
"568.1000","47.3240","0.0088"
"568.2000","47.3322","0.0088"
"568.3000","47.3403","0.0088"
"568.4000","47.3494","0.0088"
"568.5000","47.3581","0.0088"
"568.6000","47.3677","0.0088"
"568.7000","47.3743","0.0088"
"568.8000","47.3820","0.0088"
"568.9000","47.3904","0.0088"
"569.0000","47.3994","0.0088"
"569.1000","47.4081","0.0088"
"569.2000","47.4180","0.0088"
"569.3000","47.4250","0.0088"
"569.4000","47.4321","0.0088"
"569.5000","47.4405","0.0088"
"569.6000","47.4489","0.0088"
"569.7000","47.4572","0.0088"
"569.8000","47.4660","0.0088"
"569.9000","47.4745","0.0088"
"570.0000","47.4818","0.0088"
"570.1000","47.4909","0.0088"
"570.2000","47.4996","0.0088"
"570.3000","47.5081","0.0088"
"570.4000","47.5163","0.0088"
"570.5000","47.5257","0.0088"
"570.6000","47.5324","0.0088"
"570.7000","47.5410","0.0088"
"570.8000","47.5491","0.0089"
"570.9000","47.5578","0.0088"
"571.0000","47.5660","0.0088"
"571.1000","47.5752","0.0088"
"571.2000","47.5821","0.0088"
"571.3000","47.5901","0.0088"
"571.4000","47.5989","0.0088"
"571.5000","47.6079","0.0089"
"571.6000","47.6163","0.0089"
"571.7000","47.6256","0.0089"
"571.8000","47.6329","0.0089"
"571.9000","47.6402","0.0089"
"572.0000","47.6490","0.0088"
"572.1000","47.6579","0.0089"
"572.2000","47.6663","0.0089"
"572.3000","47.6750","0.0089"
"572.4000","47.6834","0.0089"
"572.5000","47.6905","0.0089"
"572.6000","47.6994","0.0089"
"572.7000","47.7080","0.0089"
"572.8000","47.7163","0.0089"
"572.9000","47.7250","0.0089"
"573.0000","47.7343","0.0089"
"573.1000","47.7409","0.0089"
"573.2000","47.7490","0.0089"
"573.3000","47.7568","0.0089"
"573.4000","47.7655","0.0089"
"573.5000","47.7742","0.0089"
"573.6000","47.7841","0.0089"
"573.7000","47.7911","0.0089"
"573.8000","47.7990","0.0089"
"573.9000","47.8075","0.0089"
"574.0000","47.8165","0.0089"
"574.1000","47.8246","0.0089"
"574.2000","47.8337","0.0089"
"574.3000","47.8413","0.0089"
"574.4000","47.8486","0.0089"
"574.5000","47.8574","0.0089"
"574.6000","47.8664","0.0089"
"574.7000","47.8749","0.0089"
"574.8000","47.8836","0.0089"
"574.9000","47.8917","0.0089"
"575.0000","47.8987","0.0089"
"575.1000","47.9074","0.0089"
"575.2000","47.9160","0.0089"
"575.3000","47.9241","0.0089"
"575.4000","47.9319","0.0089"
"575.5000","47.9413","0.0089"
"575.6000","47.9487","0.0089"
"575.7000","47.9575","0.0089"
"575.8000","47.9660","0.0089"
"575.9000","47.9750","0.0089"
"576.0000","47.9832","0.0089"
"576.1000","47.9928","0.0089"
"576.2000","47.9994","0.0089"
"576.3000","48.0073","0.0089"
"576.4000","48.0159","0.0089"
"576.5000","48.0246","0.0089"
"576.6000","48.0329","0.0089"
"576.7000","48.0423","0.0089"
"576.8000","48.0498","0.0089"
"576.9000","48.0570","0.0089"
"577.0000","48.0654","0.0089"
"577.1000","48.0742","0.0089"
"577.2000","48.0830","0.0089"
"577.3000","48.0916","0.0089"
"577.4000","48.0998","0.0089"
"577.5000","48.1070","0.0089"
"577.6000","48.1159","0.0089"
"577.7000","48.1246","0.0089"
"577.8000","48.1328","0.0089"
"577.9000","48.1411","0.0089"
"578.0000","48.1508","0.0089"
"578.1000","48.1575","0.0089"
"578.2000","48.1655","0.0089"
"578.3000","48.1737","0.0089"
"578.4000","48.1827","0.0089"
"578.5000","48.1916","0.0089"
"578.6000","48.2011","0.0089"
"578.7000","48.2075","0.0089"
"578.8000","48.2150","0.0089"
"578.9000","48.2235","0.0089"
"579.0000","48.2325","0.0089"
"579.1000","48.2410","0.0089"
"579.2000","48.2504","0.0089"
"579.3000","48.2577","0.0089"
"579.4000","48.2649","0.0089"
"579.5000","48.2738","0.0089"
"579.6000","48.2828","0.0089"
"579.7000","48.2917","0.0089"
"579.8000","48.3003","0.0089"
"579.9000","48.3083","0.0089"
"580.0000","48.3155","0.0089"
"580.1000","48.3243","0.0089"
"580.2000","48.3332","0.0089"
"580.3000","48.3412","0.0089"
"580.4000","48.3492","0.0089"
"580.5000","48.3586","0.0089"
"580.6000","48.3654","0.0089"
"580.7000","48.3741","0.0089"
"580.8000","48.3827","0.0089"
"580.9000","48.3916","0.0089"
"581.0000","48.3999","0.0089"
"581.1000","48.4091","0.0089"
"581.2000","48.4156","0.0089"
"581.3000","48.4232","0.0089"
"581.4000","48.4318","0.0089"
"581.5000","48.4408","0.0089"
"581.6000","48.4496","0.0089"
"581.7000","48.4591","0.0089"
"581.8000","48.4663","0.0089"
"581.9000","48.4736","0.0089"
"582.0000","48.4823","0.0089"
"582.1000","48.4914","0.0089"
"582.2000","48.4999","0.0089"
"582.3000","48.5088","0.0089"
"582.4000","48.5167","0.0089"
"582.5000","48.5236","0.0089"
"582.6000","48.5321","0.0089"
"582.7000","48.5406","0.0089"
"582.8000","48.5489","0.0089"
"582.9000","48.5574","0.0089"
"583.0000","48.5673","0.0089"
"583.1000","48.5743","0.0090"
"583.2000","48.5826","0.0089"
"583.3000","48.5906","0.0090"
"583.4000","48.5992","0.0090"
"583.5000","48.6079","0.0089"
"583.6000","48.6177","0.0090"
"583.7000","48.6246","0.0090"
"583.8000","48.6323","0.0089"
"583.9000","48.6406","0.0090"
"584.0000","48.6495","0.0090"
"584.1000","48.6577","0.0090"
"584.2000","48.6673","0.0090"
"584.3000","48.6746","0.0090"
"584.4000","48.6819","0.0090"
"584.5000","48.6906","0.0090"
"584.6000","48.6996","0.0090"
"584.7000","48.7084","0.0090"
"584.8000","48.7172","0.0090"
"584.9000","48.7250","0.0090"
"585.0000","48.7319","0.0090"
"585.1000","48.7405","0.0090"
"585.2000","48.7490","0.0090"
"585.3000","48.7575","0.0090"
"585.4000","48.7656","0.0090"
"585.5000","48.7750","0.0090"
"585.6000","48.7822","0.0090"
"585.7000","48.7908","0.0090"
"585.8000","48.7993","0.0090"
"585.9000","48.8083","0.0090"
"586.0000","48.8168","0.0090"
"586.1000","48.8262","0.0090"
"586.2000","48.8326","0.0090"
"586.3000","48.8401","0.0090"
"586.4000","48.8483","0.0090"
"586.5000","48.8572","0.0090"
"586.6000","48.8659","0.0090"
"586.7000","48.8755","0.0090"
"586.8000","48.8828","0.0090"
"586.9000","48.8900","0.0090"
"587.0000","48.8989","0.0090"
"587.1000","48.9078","0.0090"
"587.2000","48.9165","0.0090"
"587.3000","48.9252","0.0090"
"587.4000","48.9331","0.0090"
"587.5000","48.9402","0.0090"
"587.6000","48.9491","0.0090"
"587.7000","48.9577","0.0090"
"587.8000","48.9659","0.0090"
"587.9000","48.9745","0.0090"
"588.0000","48.9844","0.0090"
"588.1000","48.9910","0.0090"
"588.2000","48.9992","0.0090"
"588.3000","49.0074","0.0090"
"588.4000","49.0162","0.0090"
"588.5000","49.0251","0.0090"
"588.6000","49.0343","0.0090"
"588.7000","49.0408","0.0090"
"588.8000","49.0484","0.0090"
"588.9000","49.0568","0.0090"
"589.0000","49.0660","0.0090"
"589.1000","49.0745","0.0090"
"589.2000","49.0840","0.0090"
"589.3000","49.0914","0.0090"
"589.4000","49.0988","0.0090"
"589.5000","49.1075","0.0090"
"589.6000","49.1164","0.0090"
"589.7000","49.1249","0.0090"
"589.8000","49.1333","0.0090"
"589.9000","49.1414","0.0090"
"590.0000","49.1483","0.0090"
"590.1000","49.1574","0.0090"
"590.2000","49.1660","0.0090"
"590.3000","49.1741","0.0090"
"590.4000","49.1822","0.0090"
"590.5000","49.1918","0.0090"
"590.6000","49.1991","0.0090"
"590.7000","49.2077","0.0090"
"590.8000","49.2161","0.0090"
"590.9000","49.2250","0.0090"
"591.0000","49.2333","0.0090"
"591.1000","49.2425","0.0090"
"591.2000","49.2490","0.0090"
"591.3000","49.2565","0.0090"
"591.4000","49.2650","0.0090"
"591.5000","49.2743","0.0090"
"591.6000","49.2831","0.0090"
"591.7000","49.2931","0.0090"
"591.8000","49.3000","0.0090"
"591.9000","49.3071","0.0090"
"592.0000","49.3154","0.0090"
"592.1000","49.3241","0.0090"
"592.2000","49.3330","0.0090"
"592.3000","49.3419","0.0090"
"592.4000","49.3500","0.0090"
"592.5000","49.3570","0.0090"
"592.6000","49.3654","0.0090"
"592.7000","49.3741","0.0090"
"592.8000","49.3826","0.0090"
"592.9000","49.3913","0.0090"
"593.0000","49.4011","0.0090"
"593.1000","49.4077","0.0090"
"593.2000","49.4161","0.0090"
"593.3000","49.4242","0.0090"
"593.4000","49.4326","0.0090"
"593.5000","49.4407","0.0090"
"593.6000","49.4504","0.0090"
"593.7000","49.4574","0.0090"
"593.8000","49.4653","0.0090"
"593.9000","49.4737","0.0090"
"594.0000","49.4826","0.0090"
"594.1000","49.4912","0.0090"
"594.2000","49.5010","0.0090"
"594.3000","49.5082","0.0090"
"594.4000","49.5153","0.0090"
"594.5000","49.5236","0.0090"
"594.6000","49.5323","0.0090"
"594.7000","49.5413","0.0090"
"594.8000","49.5502","0.0090"
"594.9000","49.5584","0.0090"
"595.0000","49.5655","0.0090"
"595.1000","49.5742","0.0090"
"595.2000","49.5829","0.0090"
"595.3000","49.5911","0.0091"
"595.4000","49.5992","0.0091"
"595.5000","49.6086","0.0090"
"595.6000","49.6155","0.0090"
"595.7000","49.6242","0.0091"
"595.8000","49.6325","0.0091"
"595.9000","49.6412","0.0091"
"596.0000","49.6497","0.0091"
"596.1000","49.6590","0.0091"
"596.2000","49.6658","0.0091"
"596.3000","49.6736","0.0091"
"596.4000","49.6821","0.0091"
"596.5000","49.6910","0.0091"
"596.6000","49.6994","0.0091"
"596.7000","49.7090","0.0091"
"596.8000","49.7164","0.0091"
"596.9000","49.7238","0.0091"
"597.0000","49.7327","0.0091"
"597.1000","49.7413","0.0091"
"597.2000","49.7498","0.0091"
"597.3000","49.7582","0.0091"
"597.4000","49.7662","0.0091"
"597.5000","49.7732","0.0091"
"597.6000","49.7818","0.0091"
"597.7000","49.7907","0.0091"
"597.8000","49.7994","0.0091"
"597.9000","49.8079","0.0091"
"598.0000","49.8175","0.0091"
"598.1000","49.8242","0.0091"
"598.2000","49.8323","0.0091"
"598.3000","49.8403","0.0091"
"598.4000","49.8493","0.0091"
"598.5000","49.8581","0.0091"
"598.6000","49.8675","0.0091"
"598.7000","49.8743","0.0091"
"598.8000","49.8820","0.0091"
"598.9000","49.8905","0.0091"
"599.0000","49.8994","0.0091"
"599.1000","49.9079","0.0091"
"599.2000","49.9178","0.0091"
"599.3000","49.9248","0.0091"
"599.4000","49.9319","0.0091"
"599.5000","49.9404","0.0091"
"599.6000","49.9492","0.0091"
"599.7000","49.9579","0.0091"
"599.8000","49.9667","0.0091"
"599.9000","49.9747","0.0091"
"600.0000","49.9819","0.0091"
"600.1000","49.9907","0.0091"
"600.2000","49.9997","0.0091"
"600.3000","50.0081","0.0091"
"600.4000","50.0162","0.0091"
"600.5000","50.0255","0.0091"
"600.6000","50.0323","0.0091"
"600.7000","50.0407","0.0091"
"600.8000","50.0488","0.0091"
"600.9000","50.0577","0.0091"
"601.0000","50.0664","0.0091"
"601.1000","50.0760","0.0091"
"601.2000","50.0824","0.0091"
"601.3000","50.0898","0.0091"
"601.4000","50.0980","0.0091"
"601.5000","50.1075","0.0091"
"601.6000","50.1165","0.0091"
"601.7000","50.1259","0.0091"
"601.8000","50.1329","0.0091"
"601.9000","50.1401","0.0091"
"602.0000","50.1488","0.0091"
"602.1000","50.1577","0.0091"
"602.2000","50.1662","0.0091"
"602.3000","50.1748","0.0091"
"602.4000","50.1835","0.0091"
"602.5000","50.1906","0.0091"
"602.6000","50.1994","0.0091"
"602.7000","50.2079","0.0091"
"602.8000","50.2161","0.0091"
"602.9000","50.2247","0.0091"
"603.0000","50.2340","0.0091"
"603.1000","50.2409","0.0091"
"603.2000","50.2493","0.0091"
"603.3000","50.2571","0.0091"
"603.4000","50.2658","0.0091"
"603.5000","50.2744","0.0091"
"603.6000","50.2838","0.0091"
"603.7000","50.2909","0.0091"
"603.8000","50.2989","0.0091"
"603.9000","50.3077","0.0091"
"604.0000","50.3169","0.0091"
"604.1000","50.3247","0.0091"
"604.2000","50.3335","0.0091"
"604.3000","50.3408","0.0091"
"604.4000","50.3480","0.0091"
"604.5000","50.3568","0.0091"
"604.6000","50.3660","0.0091"
"604.7000","50.3751","0.0091"
"604.8000","50.3837","0.0091"
"604.9000","50.3919","0.0091"
"605.0000","50.3989","0.0091"
"605.1000","50.4075","0.0091"
"605.2000","50.4160","0.0091"
"605.3000","50.4241","0.0091"
"605.4000","50.4322","0.0091"
"605.5000","50.4417","0.0091"
"605.6000","50.4485","0.0091"
"605.7000","50.4568","0.0091"
"605.8000","50.4654","0.0091"
"605.9000","50.4747","0.0091"
"606.0000","50.4835","0.0091"
"606.1000","50.4931","0.0091"
"606.2000","50.4997","0.0091"
"606.3000","50.5075","0.0091"
"606.4000","50.5157","0.0091"
"606.5000","50.5244","0.0091"
"606.6000","50.5329","0.0091"
"606.7000","50.5423","0.0091"
"606.8000","50.5495","0.0091"
"606.9000","50.5567","0.0092"
"607.0000","50.5653","0.0091"
"607.1000","50.5742","0.0091"
"607.2000","50.5834","0.0092"
"607.3000","50.5920","0.0091"
"607.4000","50.5996","0.0091"
"607.5000","50.6067","0.0092"
"607.6000","50.6158","0.0091"
"607.7000","50.6244","0.0092"
"607.8000","50.6328","0.0092"
"607.9000","50.6412","0.0092"
"608.0000","50.6509","0.0092"
"608.1000","50.6575","0.0091"
"608.2000","50.6656","0.0092"
"608.3000","50.6735","0.0092"
"608.4000","50.6824","0.0092"
"608.5000","50.6913","0.0092"
"608.6000","50.7009","0.0092"
"608.7000","50.7076","0.0092"
"608.8000","50.7153","0.0092"
"608.9000","50.7236","0.0092"
"609.0000","50.7325","0.0092"
"609.1000","50.7409","0.0092"
"609.2000","50.7503","0.0092"
"609.3000","50.7576","0.0092"
"609.4000","50.7648","0.0092"
"609.5000","50.7735","0.0092"
"609.6000","50.7826","0.0092"
"609.7000","50.7916","0.0092"
"609.8000","50.8007","0.0092"
"609.9000","50.8087","0.0092"
"610.0000","50.8156","0.0092"
"610.1000","50.8242","0.0092"
"610.2000","50.8327","0.0092"
"610.3000","50.8411","0.0092"
"610.4000","50.8495","0.0092"
"610.5000","50.8589","0.0092"
"610.6000","50.8655","0.0092"
"610.7000","50.8739","0.0092"
"610.8000","50.8824","0.0092"
"610.9000","50.8913","0.0092"
"611.0000","50.9000","0.0092"
"611.1000","50.9093","0.0092"
"611.2000","50.9159","0.0092"
"611.3000","50.9236","0.0092"
"611.4000","50.9319","0.0092"
"611.5000","50.9408","0.0092"
"611.6000","50.9494","0.0092"
"611.7000","50.9590","0.0092"
"611.8000","50.9664","0.0092"
"611.9000","50.9736","0.0092"
"612.0000","50.9822","0.0092"
"612.1000","50.9912","0.0092"
"612.2000","51.0003","0.0092"
"612.3000","51.0089","0.0092"
"612.4000","51.0168","0.0092"
"612.5000","51.0236","0.0092"
"612.6000","51.0319","0.0092"
"612.7000","51.0404","0.0092"
"612.8000","51.0489","0.0092"
"612.9000","51.0574","0.0092"
"613.0000","51.0671","0.0092"
"613.1000","51.0741","0.0092"
"613.2000","51.0826","0.0092"
"613.3000","51.0909","0.0092"
"613.4000","51.0996","0.0092"
"613.5000","51.1082","0.0092"
"613.6000","51.1174","0.0092"
"613.7000","51.1242","0.0092"
"613.8000","51.1320","0.0092"
"613.9000","51.1405","0.0092"
"614.0000","51.1493","0.0092"
"614.1000","51.1577","0.0092"
"614.2000","51.1674","0.0092"
"614.3000","51.1749","0.0092"
"614.4000","51.1820","0.0092"
"614.5000","51.1905","0.0092"
"614.6000","51.1992","0.0092"
"614.7000","51.2082","0.0092"
"614.8000","51.2169","0.0092"
"614.9000","51.2252","0.0092"
"615.0000","51.2324","0.0092"
"615.1000","51.2409","0.0092"
"615.2000","51.2494","0.0092"
"615.3000","51.2578","0.0092"
"615.4000","51.2657","0.0092"
"615.5000","51.2751","0.0092"
"615.6000","51.2819","0.0092"
"615.7000","51.2904","0.0092"
"615.8000","51.2986","0.0092"
"615.9000","51.3081","0.0092"
"616.0000","51.3168","0.0092"
"616.1000","51.3260","0.0092"
"616.2000","51.3324","0.0092"
"616.3000","51.3402","0.0092"
"616.4000","51.3489","0.0092"
"616.5000","51.3577","0.0092"
"616.6000","51.3659","0.0092"
"616.7000","51.3752","0.0092"
"616.8000","51.3828","0.0092"
"616.9000","51.3902","0.0092"
"617.0000","51.3990","0.0092"
"617.1000","51.4082","0.0092"
"617.2000","51.4169","0.0092"
"617.3000","51.4254","0.0092"
"617.4000","51.4332","0.0092"
"617.5000","51.4400","0.0092"
"617.6000","51.4488","0.0092"
"617.7000","51.4576","0.0092"
"617.8000","51.4661","0.0092"
"617.9000","51.4746","0.0092"
"618.0000","51.4839","0.0092"
"618.1000","51.4910","0.0092"
"618.2000","51.4996","0.0092"
"618.3000","51.5075","0.0092"
"618.4000","51.5161","0.0092"
"618.5000","51.5245","0.0092"
"618.6000","51.5339","0.0092"
"618.7000","51.5409","0.0092"
"618.8000","51.5486","0.0092"
"618.9000","51.5571","0.0093"
"619.0000","51.5660","0.0092"
"619.1000","51.5743","0.0092"
"619.2000","51.5840","0.0092"
"619.3000","51.5915","0.0093"
"619.4000","51.5988","0.0092"
"619.5000","51.6074","0.0092"
"619.6000","51.6162","0.0092"
"619.7000","51.6247","0.0092"
"619.8000","51.6335","0.0092"
"619.9000","51.6416","0.0093"
"620.0000","51.6482","0.0092"
"620.1000","51.6566","0.0092"
"620.2000","51.6655","0.0093"
"620.3000","51.6743","0.0093"
"620.4000","51.6829","0.0093"
"620.5000","51.6924","0.0093"
"620.6000","51.6991","0.0093"
"620.7000","51.7076","0.0093"
"620.8000","51.7159","0.0093"
"620.9000","51.7247","0.0093"
"621.0000","51.7332","0.0093"
"621.1000","51.7426","0.0093"
"621.2000","51.7493","0.0093"
"621.3000","51.7570","0.0093"
"621.4000","51.7653","0.0093"
"621.5000","51.7738","0.0093"
"621.6000","51.7821","0.0093"
"621.7000","51.7921","0.0093"
"621.8000","51.8000","0.0093"
"621.9000","51.8073","0.0093"
"622.0000","51.8156","0.0093"
"622.1000","51.8243","0.0093"
"622.2000","51.8333","0.0093"
"622.3000","51.8420","0.0093"
"622.4000","51.8498","0.0093"
"622.5000","51.8568","0.0093"
"622.6000","51.8656","0.0093"
"622.7000","51.8744","0.0093"
"622.8000","51.8826","0.0093"
"622.9000","51.8910","0.0093"
"623.0000","51.9006","0.0093"
"623.1000","51.9077","0.0093"
"623.2000","51.9161","0.0093"
"623.3000","51.9242","0.0093"
"623.4000","51.9328","0.0093"
"623.5000","51.9411","0.0093"
"623.6000","51.9504","0.0093"
"623.7000","51.9571","0.0093"
"623.8000","51.9648","0.0093"
"623.9000","51.9734","0.0093"
"624.0000","51.9827","0.0093"
"624.1000","51.9914","0.0093"
"624.2000","52.0006","0.0093"
"624.3000","52.0080","0.0093"
"624.4000","52.0151","0.0093"
"624.5000","52.0237","0.0093"
"624.6000","52.0330","0.0093"
"624.7000","52.0420","0.0093"
"624.8000","52.0505","0.0093"
"624.9000","52.0583","0.0093"
"625.0000","52.0653","0.0093"
"625.1000","52.0740","0.0093"
"625.2000","52.0828","0.0093"
"625.3000","52.0913","0.0093"
"625.4000","52.0997","0.0093"
"625.5000","52.1090","0.0093"
"625.6000","52.1155","0.0093"
"625.7000","52.1232","0.0093"
"625.8000","52.1315","0.0093"
"625.9000","52.1407","0.0093"
"626.0000","52.1499","0.0093"
"626.1000","52.1595","0.0093"
"626.2000","52.1659","0.0093"
"626.3000","52.1737","0.0093"
"626.4000","52.1823","0.0093"
"626.5000","52.1913","0.0093"
"626.6000","52.1997","0.0093"
"626.7000","52.2087","0.0093"
"626.8000","52.2163","0.0093"
"626.9000","52.2237","0.0093"
"627.0000","52.2325","0.0093"
"627.1000","52.2415","0.0093"
"627.2000","52.2499","0.0093"
"627.3000","52.2585","0.0093"
"627.4000","52.2662","0.0093"
"627.5000","52.2729","0.0093"
"627.6000","52.2816","0.0093"
"627.7000","52.2907","0.0093"
"627.8000","52.2996","0.0093"
"627.9000","52.3080","0.0093"
"628.0000","52.3174","0.0093"
"628.1000","52.3241","0.0093"
"628.2000","52.3325","0.0093"
"628.3000","52.3407","0.0093"
"628.4000","52.3494","0.0093"
"628.5000","52.3577","0.0093"
"628.6000","52.3673","0.0093"
"628.7000","52.3742","0.0093"
"628.8000","52.3822","0.0093"
"628.9000","52.3907","0.0093"
"629.0000","52.3996","0.0093"
"629.1000","52.4079","0.0093"
"629.2000","52.4175","0.0093"
"629.3000","52.4249","0.0093"
"629.4000","52.4322","0.0093"
"629.5000","52.4406","0.0093"
"629.6000","52.4492","0.0093"
"629.7000","52.4576","0.0093"
"629.8000","52.4663","0.0093"
"629.9000","52.4748","0.0093"
"630.0000","52.4820","0.0093"
"630.1000","52.4909","0.0093"
"630.2000","52.4996","0.0093"
"630.3000","52.5080","0.0093"
"630.4000","52.5164","0.0093"
"630.5000","52.5259","0.0093"
"630.6000","52.5326","0.0093"
"630.7000","52.5408","0.0093"
"630.8000","52.5487","0.0093"
"630.9000","52.5573","0.0093"
"631.0000","52.5660","0.0093"
"631.1000","52.5757","0.0093"
"631.2000","52.5824","0.0093"
"631.3000","52.5902","0.0093"
"631.4000","52.5987","0.0093"
"631.5000","52.6077","0.0093"
"631.6000","52.6162","0.0093"
"631.7000","52.6256","0.0093"
"631.8000","52.6330","0.0093"
"631.9000","52.6402","0.0093"
"632.0000","52.6487","0.0093"
"632.1000","52.6577","0.0093"
"632.2000","52.6664","0.0093"
"632.3000","52.6753","0.0093"
"632.4000","52.6835","0.0093"
"632.5000","52.6905","0.0093"
"632.6000","52.6992","0.0093"
"632.7000","52.7077","0.0093"
"632.8000","52.7164","0.0093"
"632.9000","52.7250","0.0093"
"633.0000","52.7342","0.0093"
"633.1000","52.7409","0.0094"
"633.2000","52.7490","0.0094"
"633.3000","52.7571","0.0094"
"633.4000","52.7659","0.0094"
"633.5000","52.7744","0.0094"
"633.6000","52.7838","0.0094"
"633.7000","52.7909","0.0094"
"633.8000","52.7987","0.0094"
"633.9000","52.8072","0.0094"
"634.0000","52.8163","0.0094"
"634.1000","52.8248","0.0094"
"634.2000","52.8344","0.0094"
"634.3000","52.8415","0.0094"
"634.4000","52.8486","0.0094"
"634.5000","52.8570","0.0094"
"634.6000","52.8658","0.0094"
"634.7000","52.8748","0.0094"
"634.8000","52.8837","0.0094"
"634.9000","52.8917","0.0094"
"635.0000","52.8987","0.0094"
"635.1000","52.9073","0.0094"
"635.2000","52.9158","0.0094"
"635.3000","52.9244","0.0094"
"635.4000","52.9326","0.0094"
"635.5000","52.9418","0.0094"
"635.6000","52.9486","0.0094"
"635.7000","52.9567","0.0094"
"635.8000","52.9652","0.0094"
"635.9000","52.9743","0.0094"
"636.0000","52.9832","0.0094"
"636.1000","52.9931","0.0094"
"636.2000","52.9998","0.0094"
"636.3000","53.0076","0.0094"
"636.4000","53.0157","0.0094"
"636.5000","53.0245","0.0094"
"636.6000","53.0330","0.0094"
"636.7000","53.0424","0.0094"
"636.8000","53.0497","0.0094"
"636.9000","53.0568","0.0094"
"637.0000","53.0653","0.0094"
"637.1000","53.0742","0.0094"
"637.2000","53.0833","0.0094"
"637.3000","53.0921","0.0094"
"637.4000","53.1001","0.0094"
"637.5000","53.1069","0.0094"
"637.6000","53.1156","0.0094"
"637.7000","53.1242","0.0094"
"637.8000","53.1327","0.0094"
"637.9000","53.1412","0.0094"
"638.0000","53.1507","0.0094"
"638.1000","53.1575","0.0094"
"638.2000","53.1658","0.0094"
"638.3000","53.1740","0.0094"
"638.4000","53.1830","0.0094"
"638.5000","53.1916","0.0094"
"638.6000","53.2008","0.0094"
"638.7000","53.2074","0.0094"
"638.8000","53.2148","0.0094"
"638.9000","53.2229","0.0094"
"639.0000","53.2319","0.0094"
"639.1000","53.2406","0.0094"
"639.2000","53.2503","0.0094"
"639.3000","53.2581","0.0094"
"639.4000","53.2654","0.0094"
"639.5000","53.2741","0.0094"
"639.6000","53.2828","0.0094"
"639.7000","53.2915","0.0094"
"639.8000","53.3002","0.0094"
"639.9000","53.3086","0.0094"
"640.0000","53.3155","0.0094"
"640.1000","53.3241","0.0094"
"640.2000","53.3327","0.0094"
"640.3000","53.3410","0.0094"
"640.4000","53.3494","0.0094"
"640.5000","53.3591","0.0094"
"640.6000","53.3658","0.0094"
"640.7000","53.3740","0.0094"
"640.8000","53.3822","0.0094"
"640.9000","53.3912","0.0094"
"641.0000","53.3999","0.0094"
"641.1000","53.4094","0.0094"
"641.2000","53.4160","0.0094"
"641.3000","53.4235","0.0094"
"641.4000","53.4318","0.0094"
"641.5000","53.4405","0.0094"
"641.6000","53.4491","0.0094"
"641.7000","53.4588","0.0094"
"641.8000","53.4663","0.0094"
"641.9000","53.4738","0.0094"
"642.0000","53.4826","0.0094"
"642.1000","53.4918","0.0094"
"642.2000","53.4999","0.0094"
"642.3000","53.5084","0.0094"
"642.4000","53.5165","0.0094"
"642.5000","53.5233","0.0094"
"642.6000","53.5318","0.0094"
"642.7000","53.5405","0.0094"
"642.8000","53.5492","0.0094"
"642.9000","53.5575","0.0094"
"643.0000","53.5670","0.0094"
"643.1000","53.5739","0.0094"
"643.2000","53.5825","0.0094"
"643.3000","53.5909","0.0094"
"643.4000","53.5999","0.0094"
"643.5000","53.6084","0.0094"
"643.6000","53.6176","0.0094"
"643.7000","53.6241","0.0094"
"643.8000","53.6317","0.0094"
"643.9000","53.6401","0.0094"
"644.0000","53.6493","0.0094"
"644.1000","53.6580","0.0094"
"644.2000","53.6676","0.0094"
"644.3000","53.6749","0.0094"
"644.4000","53.6820","0.0094"
"644.5000","53.6904","0.0094"
"644.6000","53.6991","0.0094"
"644.7000","53.7080","0.0094"
"644.8000","53.7172","0.0094"
"644.9000","53.7253","0.0094"
"645.0000","53.7322","0.0094"
"645.1000","53.7409","0.0094"
"645.2000","53.7491","0.0094"
"645.3000","53.7575","0.0094"
"645.4000","53.7658","0.0094"
"645.5000","53.7751","0.0095"
"645.6000","53.7820","0.0094"
"645.7000","53.7904","0.0094"
"645.8000","53.7990","0.0095"
"645.9000","53.8081","0.0095"
"646.0000","53.8167","0.0095"
"646.1000","53.8261","0.0094"
"646.2000","53.8325","0.0095"
"646.3000","53.8403","0.0095"
"646.4000","53.8487","0.0095"
"646.5000","53.8575","0.0095"
"646.6000","53.8660","0.0095"
"646.7000","53.8754","0.0095"
"646.8000","53.8829","0.0094"
"646.9000","53.8902","0.0095"
"647.0000","53.8988","0.0095"
"647.1000","53.9080","0.0095"
"647.2000","53.9168","0.0095"
"647.3000","53.9255","0.0095"
"647.4000","53.9333","0.0095"
"647.5000","53.9402","0.0095"
"647.6000","53.9488","0.0095"
"647.7000","53.9574","0.0095"
"647.8000","53.9659","0.0095"
"647.9000","53.9747","0.0095"
"648.0000","53.9843","0.0095"
"648.1000","53.9911","0.0095"
"648.2000","53.9995","0.0095"
"648.3000","54.0074","0.0095"
"648.4000","54.0159","0.0095"
"648.5000","54.0246","0.0095"
"648.6000","54.0342","0.0095"
"648.7000","54.0409","0.0095"
"648.8000","54.0486","0.0095"
"648.9000","54.0569","0.0095"
"649.0000","54.0658","0.0095"
"649.1000","54.0743","0.0095"
"649.2000","54.0840","0.0095"
"649.3000","54.0916","0.0095"
"649.4000","54.0990","0.0095"
"649.5000","54.1077","0.0095"
"649.6000","54.1165","0.0095"
"649.7000","54.1250","0.0095"
"649.8000","54.1335","0.0095"
"649.9000","54.1412","0.0095"
"650.0000","54.1480","0.0095"
"650.1000","54.1567","0.0095"
"650.2000","54.1655","0.0095"
"650.3000","54.1744","0.0095"
"650.4000","54.1829","0.0095"
"650.5000","54.1923","0.0095"
"650.6000","54.1990","0.0095"
"650.7000","54.2075","0.0095"
"650.8000","54.2161","0.0095"
"650.9000","54.2248","0.0095"
"651.0000","54.2332","0.0095"
"651.1000","54.2426","0.0095"
"651.2000","54.2493","0.0095"
"651.3000","54.2571","0.0095"
"651.4000","54.2653","0.0095"
"651.5000","54.2740","0.0095"
"651.6000","54.2825","0.0095"
"651.7000","54.2924","0.0095"
"651.8000","54.3001","0.0095"
"651.9000","54.3075","0.0095"
"652.0000","54.3160","0.0095"
"652.1000","54.3245","0.0095"
"652.2000","54.3330","0.0095"
"652.3000","54.3418","0.0095"
"652.4000","54.3498","0.0095"
"652.5000","54.3566","0.0095"
"652.6000","54.3652","0.0095"
"652.7000","54.3741","0.0095"
"652.8000","54.3827","0.0095"
"652.9000","54.3914","0.0095"
"653.0000","54.4009","0.0095"
"653.1000","54.4079","0.0095"
"653.2000","54.4162","0.0095"
"653.3000","54.4242","0.0095"
"653.4000","54.4329","0.0095"
"653.5000","54.4413","0.0095"
"653.6000","54.4504","0.0095"
"653.7000","54.4570","0.0095"
"653.8000","54.4648","0.0095"
"653.9000","54.4733","0.0095"
"654.0000","54.4824","0.0095"
"654.1000","54.4912","0.0095"
"654.2000","54.5009","0.0095"
"654.3000","54.5084","0.0095"
"654.4000","54.5156","0.0095"
"654.5000","54.5238","0.0095"
"654.6000","54.5326","0.0095"
"654.7000","54.5414","0.0095"
"654.8000","54.5501","0.0095"
"654.9000","54.5583","0.0095"
"655.0000","54.5655","0.0095"
"655.1000","54.5743","0.0095"
"655.2000","54.5830","0.0095"
"655.3000","54.5913","0.0095"
"655.4000","54.5993","0.0095"
"655.5000","54.6088","0.0095"
"655.6000","54.6156","0.0095"
"655.7000","54.6238","0.0095"
"655.8000","54.6321","0.0095"
"655.9000","54.6411","0.0095"
"656.0000","54.6496","0.0095"
"656.1000","54.6586","0.0095"
"656.2000","54.6654","0.0095"
"656.3000","54.6733","0.0095"
"656.4000","54.6822","0.0095"
"656.5000","54.6913","0.0095"
"656.6000","54.6998","0.0095"
"656.7000","54.7092","0.0095"
"656.8000","54.7166","0.0095"
"656.9000","54.7238","0.0095"
"657.0000","54.7323","0.0095"
"657.1000","54.7412","0.0095"
"657.2000","54.7499","0.0095"
"657.3000","54.7585","0.0095"
"657.4000","54.7663","0.0095"
"657.5000","54.7732","0.0095"
"657.6000","54.7818","0.0095"
"657.7000","54.7906","0.0095"
"657.8000","54.7992","0.0095"
"657.9000","54.8076","0.0095"
"658.0000","54.8173","0.0095"
"658.1000","54.8242","0.0095"
"658.2000","54.8325","0.0095"
"658.3000","54.8406","0.0095"
"658.4000","54.8493","0.0095"
"658.5000","54.8577","0.0095"
"658.6000","54.8674","0.0095"
"658.7000","54.8742","0.0095"
"658.8000","54.8819","0.0095"
"658.9000","54.8907","0.0095"
"659.0000","54.8994","0.0095"
"659.1000","54.9081","0.0096"
"659.2000","54.9182","0.0095"
"659.3000","54.9250","0.0095"
"659.4000","54.9321","0.0096"
"659.5000","54.9402","0.0096"
"659.6000","54.9486","0.0096"
"659.7000","54.9577","0.0096"
"659.8000","54.9666","0.0096"
"659.9000","54.9749","0.0096"
"660.0000","54.9818","0.0096"
"660.1000","54.9906","0.0095"
"660.2000","54.9994","0.0096"
"660.3000","55.0081","0.0096"
"660.4000","55.0165","0.0095"
"660.5000","55.0258","0.0096"
"660.6000","55.0324","0.0096"
"660.7000","55.0407","0.0096"
"660.8000","55.0488","0.0096"
"660.9000","55.0576","0.0096"
"661.0000","55.0662","0.0096"
"661.1000","55.0757","0.0096"
"661.2000","55.0825","0.0096"
"661.3000","55.0903","0.0096"
"661.4000","55.0988","0.0096"
"661.5000","55.1075","0.0096"
"661.6000","55.1157","0.0096"
"661.7000","55.1254","0.0096"
"661.8000","55.1331","0.0096"
"661.9000","55.1403","0.0096"
"662.0000","55.1487","0.0096"
"662.1000","55.1576","0.0096"
"662.2000","55.1664","0.0096"
"662.3000","55.1753","0.0096"
"662.4000","55.1832","0.0096"
"662.5000","55.1902","0.0096"
"662.6000","55.1991","0.0096"
"662.7000","55.2078","0.0096"
"662.8000","55.2165","0.0096"
"662.9000","55.2248","0.0096"
"663.0000","55.2344","0.0096"
"663.1000","55.2410","0.0096"
"663.2000","55.2491","0.0096"
"663.3000","55.2571","0.0096"
"663.4000","55.2660","0.0096"
"663.5000","55.2744","0.0096"
"663.6000","55.2837","0.0096"
"663.7000","55.2906","0.0096"
"663.8000","55.2984","0.0096"
"663.9000","55.3072","0.0096"
"664.0000","55.3163","0.0096"
"664.1000","55.3249","0.0096"
"664.2000","55.3347","0.0096"
"664.3000","55.3416","0.0096"
"664.4000","55.3487","0.0096"
"664.5000","55.3570","0.0096"
"664.6000","55.3659","0.0096"
"664.7000","55.3745","0.0096"
"664.8000","55.3832","0.0096"
"664.9000","55.3916","0.0096"
"665.0000","55.3986","0.0096"
"665.1000","55.4077","0.0096"
"665.2000","55.4165","0.0096"
"665.3000","55.4245","0.0096"
"665.4000","55.4325","0.0096"
"665.5000","55.4417","0.0096"
"665.6000","55.4484","0.0096"
"665.7000","55.4570","0.0096"
"665.8000","55.4653","0.0096"
"665.9000","55.4743","0.0096"
"666.0000","55.4831","0.0096"
"666.1000","55.4930","0.0096"
"666.2000","55.4997","0.0096"
"666.3000","55.5076","0.0096"
"666.4000","55.5160","0.0096"
"666.5000","55.5246","0.0096"
"666.6000","55.5327","0.0096"
"666.7000","55.5422","0.0096"
"666.8000","55.5497","0.0096"
"666.9000","55.5569","0.0096"
"667.0000","55.5654","0.0096"
"667.1000","55.5743","0.0096"
"667.2000","55.5833","0.0096"
"667.3000","55.5920","0.0096"
"667.4000","55.6000","0.0096"
"667.5000","55.6070","0.0096"
"667.6000","55.6157","0.0096"
"667.7000","55.6242","0.0096"
"667.8000","55.6325","0.0096"
"667.9000","55.6408","0.0096"
"668.0000","55.6504","0.0096"
"668.1000","55.6575","0.0096"
"668.2000","55.6660","0.0096"
"668.3000","55.6741","0.0096"
"668.4000","55.6829","0.0096"
"668.5000","55.6914","0.0096"
"668.6000","55.7010","0.0096"
"668.7000","55.7075","0.0096"
"668.8000","55.7151","0.0096"
"668.9000","55.7235","0.0096"
"669.0000","55.7325","0.0096"
"669.1000","55.7409","0.0096"
"669.2000","55.7503","0.0096"
"669.3000","55.7578","0.0096"
"669.4000","55.7651","0.0096"
"669.5000","55.7739","0.0096"
"669.6000","55.7828","0.0096"
"669.7000","55.7915","0.0096"
"669.8000","55.8002","0.0096"
"669.9000","55.8083","0.0096"
"670.0000","55.8153","0.0096"
"670.1000","55.8240","0.0096"
"670.2000","55.8329","0.0096"
"670.3000","55.8412","0.0096"
"670.4000","55.8496","0.0096"
"670.5000","55.8590","0.0096"
"670.6000","55.8657","0.0096"
"670.7000","55.8740","0.0096"
"670.8000","55.8821","0.0096"
"670.9000","55.8911","0.0096"
"671.0000","55.8999","0.0096"
"671.1000","55.9093","0.0096"
"671.2000","55.9160","0.0096"
"671.3000","55.9237","0.0096"
"671.4000","55.9321","0.0096"
"671.5000","55.9408","0.0096"
"671.6000","55.9492","0.0096"
"671.7000","55.9585","0.0097"
"671.8000","55.9661","0.0096"
"671.9000","55.9737","0.0096"
"672.0000","55.9825","0.0096"
"672.1000","55.9916","0.0096"
"672.2000","56.0002","0.0097"
"672.3000","56.0088","0.0097"
"672.4000","56.0166","0.0096"
"672.5000","56.0234","0.0096"
"672.6000","56.0319","0.0097"
"672.7000","56.0404","0.0096"
"672.8000","56.0489","0.0096"
"672.9000","56.0575","0.0096"
"673.0000","56.0674","0.0097"
"673.1000","56.0744","0.0097"
"673.2000","56.0827","0.0097"
"673.3000","56.0907","0.0097"
"673.4000","56.0992","0.0097"
"673.5000","56.1077","0.0097"
"673.6000","56.1172","0.0097"
"673.7000","56.1240","0.0096"
"673.8000","56.1319","0.0097"
"673.9000","56.1406","0.0097"
"674.0000","56.1496","0.0097"
"674.1000","56.1579","0.0097"
"674.2000","56.1672","0.0097"
"674.3000","56.1748","0.0097"
"674.4000","56.1821","0.0097"
"674.5000","56.1908","0.0097"
"674.6000","56.1997","0.0097"
"674.7000","56.2083","0.0097"
"674.8000","56.2167","0.0097"
"674.9000","56.2248","0.0097"
"675.0000","56.2319","0.0097"
"675.1000","56.2408","0.0097"
"675.2000","56.2497","0.0097"
"675.3000","56.2581","0.0097"
"675.4000","56.2662","0.0097"
"675.5000","56.2754","0.0097"
"675.6000","56.2820","0.0097"
"675.7000","56.2901","0.0097"
"675.8000","56.2984","0.0097"
"675.9000","56.3075","0.0097"
"676.0000","56.3167","0.0097"
"676.1000","56.3264","0.0097"
"676.2000","56.3326","0.0097"
"676.3000","56.3401","0.0097"
"676.4000","56.3485","0.0097"
"676.5000","56.3575","0.0097"
"676.6000","56.3662","0.0097"
"676.7000","56.3756","0.0097"
"676.8000","56.3828","0.0097"
"676.9000","56.3899","0.0097"
"677.0000","56.3988","0.0097"
"677.1000","56.4081","0.0097"
"677.2000","56.4171","0.0097"
"677.3000","56.4257","0.0097"
"677.4000","56.4334","0.0097"
"677.5000","56.4402","0.0097"
"677.6000","56.4484","0.0097"
"677.7000","56.4574","0.0097"
"677.8000","56.4660","0.0097"
"677.9000","56.4747","0.0097"
"678.0000","56.4841","0.0097"
"678.1000","56.4909","0.0097"
"678.2000","56.4995","0.0097"
"678.3000","56.5076","0.0097"
"678.4000","56.5163","0.0097"
"678.5000","56.5246","0.0097"
"678.6000","56.5339","0.0097"
"678.7000","56.5407","0.0097"
"678.8000","56.5485","0.0097"
"678.9000","56.5568","0.0097"
"679.0000","56.5661","0.0097"
"679.1000","56.5747","0.0097"
"679.2000","56.5842","0.0097"
"679.3000","56.5915","0.0097"
"679.4000","56.5989","0.0097"
"679.5000","56.6076","0.0097"
"679.6000","56.6161","0.0097"
"679.7000","56.6244","0.0097"
"679.8000","56.6333","0.0097"
"679.9000","56.6413","0.0097"
"680.0000","56.6483","0.0097"
"680.1000","56.6569","0.0097"
"680.2000","56.6654","0.0097"
"680.3000","56.6741","0.0097"
"680.4000","56.6829","0.0097"
"680.5000","56.6926","0.0097"
"680.6000","56.6994","0.0097"
"680.7000","56.7076","0.0097"
"680.8000","56.7159","0.0097"
"680.9000","56.7246","0.0097"
"681.0000","56.7329","0.0097"
"681.1000","56.7424","0.0097"
"681.2000","56.7493","0.0097"
"681.3000","56.7569","0.0097"
"681.4000","56.7654","0.0097"
"681.5000","56.7743","0.0097"
"681.6000","56.7826","0.0097"
"681.7000","56.7921","0.0097"
"681.8000","56.7997","0.0097"
"681.9000","56.8073","0.0097"
"682.0000","56.8157","0.0097"
"682.1000","56.8244","0.0097"
"682.2000","56.8330","0.0097"
"682.3000","56.8416","0.0097"
"682.4000","56.8499","0.0097"
"682.5000","56.8567","0.0097"
"682.6000","56.8654","0.0097"
"682.7000","56.8740","0.0097"
"682.8000","56.8825","0.0097"
"682.9000","56.8911","0.0097"
"683.0000","56.9007","0.0097"
"683.1000","56.9078","0.0097"
"683.2000","56.9161","0.0097"
"683.3000","56.9241","0.0097"
"683.4000","56.9329","0.0097"
"683.5000","56.9416","0.0097"
"683.6000","56.9507","0.0097"
"683.7000","56.9570","0.0097"
"683.8000","56.9646","0.0097"
"683.9000","56.9731","0.0097"
"684.0000","56.9821","0.0097"
"684.1000","56.9912","0.0097"
"684.2000","57.0009","0.0097"
"684.3000","57.0083","0.0097"
"684.4000","57.0155","0.0097"
"684.5000","57.0240","0.0097"
"684.6000","57.0329","0.0097"
"684.7000","57.0415","0.0097"
"684.8000","57.0500","0.0097"
"684.9000","57.0580","0.0097"
"685.0000","57.0650","0.0097"
"685.1000","57.0742","0.0097"
"685.2000","57.0832","0.0097"
"685.3000","57.0915","0.0097"
"685.4000","57.0999","0.0098"
"685.5000","57.1095","0.0097"
"685.6000","57.1159","0.0098"
"685.7000","57.1240","0.0097"
"685.8000","57.1317","0.0097"
"685.9000","57.1401","0.0097"
"686.0000","57.1489","0.0097"
"686.1000","57.1589","0.0098"
"686.2000","57.1659","0.0098"
"686.3000","57.1739","0.0098"
"686.4000","57.1824","0.0098"
"686.5000","57.1915","0.0098"
"686.6000","57.2001","0.0098"
"686.7000","57.2097","0.0098"
"686.8000","57.2166","0.0098"
"686.9000","57.2239","0.0097"
"687.0000","57.2323","0.0098"
"687.1000","57.2410","0.0098"
"687.2000","57.2497","0.0098"
"687.3000","57.2583","0.0098"
"687.4000","57.2663","0.0098"
"687.5000","57.2733","0.0098"
"687.6000","57.2819","0.0098"
"687.7000","57.2907","0.0098"
"687.8000","57.2992","0.0098"
"687.9000","57.3082","0.0098"
"688.0000","57.3175","0.0098"
"688.1000","57.3242","0.0098"
"688.2000","57.3324","0.0098"
"688.3000","57.3405","0.0098"
"688.4000","57.3493","0.0098"
"688.5000","57.3582","0.0098"
"688.6000","57.3675","0.0098"
"688.7000","57.3741","0.0098"
"688.8000","57.3818","0.0098"
"688.9000","57.3904","0.0098"
"689.0000","57.3998","0.0098"
"689.1000","57.4081","0.0098"
"689.2000","57.4174","0.0098"
"689.3000","57.4247","0.0098"
"689.4000","57.4321","0.0098"
"689.5000","57.4407","0.0098"
"689.6000","57.4495","0.0098"
"689.7000","57.4579","0.0098"
"689.8000","57.4663","0.0098"
"689.9000","57.4747","0.0098"
"690.0000","57.4817","0.0098"
"690.1000","57.4906","0.0098"
"690.2000","57.4996","0.0098"
"690.3000","57.5083","0.0098"
"690.4000","57.5169","0.0098"
"690.5000","57.5258","0.0098"
"690.6000","57.5322","0.0098"
"690.7000","57.5403","0.0098"
"690.8000","57.5484","0.0098"
"690.9000","57.5573","0.0098"
"691.0000","57.5660","0.0098"
"691.1000","57.5759","0.0098"
"691.2000","57.5826","0.0098"
"691.3000","57.5905","0.0098"
"691.4000","57.5991","0.0098"
"691.5000","57.6077","0.0098"
"691.6000","57.6161","0.0098"
"691.7000","57.6255","0.0098"
"691.8000","57.6328","0.0098"
"691.9000","57.6402","0.0098"
"692.0000","57.6488","0.0098"
"692.1000","57.6576","0.0098"
"692.2000","57.6665","0.0098"
"692.3000","57.6753","0.0098"
"692.4000","57.6832","0.0098"
"692.5000","57.6904","0.0098"
"692.6000","57.6992","0.0098"
"692.7000","57.7082","0.0098"
"692.8000","57.7164","0.0098"
"692.9000","57.7246","0.0098"
"693.0000","57.7339","0.0098"
"693.1000","57.7409","0.0098"
"693.2000","57.7490","0.0098"
"693.3000","57.7570","0.0098"
"693.4000","57.7660","0.0098"
"693.5000","57.7748","0.0098"
"693.6000","57.7842","0.0098"
"693.7000","57.7911","0.0098"
"693.8000","57.7987","0.0098"
"693.9000","57.8071","0.0098"
"694.0000","57.8158","0.0098"
"694.1000","57.8244","0.0098"
"694.2000","57.8342","0.0098"
"694.3000","57.8416","0.0098"
"694.4000","57.8487","0.0098"
"694.5000","57.8571","0.0098"
"694.6000","57.8658","0.0098"
"694.7000","57.8747","0.0098"
"694.8000","57.8833","0.0098"
"694.9000","57.8915","0.0098"
"695.0000","57.8984","0.0098"
"695.1000","57.9073","0.0098"
"695.2000","57.9163","0.0098"
"695.3000","57.9247","0.0098"
"695.4000","57.9331","0.0098"
"695.5000","57.9424","0.0098"
"695.6000","57.9489","0.0098"
"695.7000","57.9571","0.0098"
"695.8000","57.9652","0.0098"
"695.9000","57.9739","0.0098"
"696.0000","57.9826","0.0098"
"696.1000","57.9926","0.0098"
"696.2000","57.9995","0.0098"
"696.3000","58.0075","0.0098"
"696.4000","58.0159","0.0098"
"696.5000","58.0245","0.0098"
"696.6000","58.0328","0.0098"
"696.7000","58.0424","0.0098"
"696.8000","58.0499","0.0098"
"696.9000","58.0570","0.0098"
"697.0000","58.0656","0.0098"
"697.1000","58.0742","0.0098"
"697.2000","58.0828","0.0098"
"697.3000","58.0917","0.0098"
"697.4000","58.1000","0.0098"
"697.5000","58.1072","0.0098"
"697.6000","58.1158","0.0098"
"697.7000","58.1243","0.0098"
"697.8000","58.1328","0.0098"
"697.9000","58.1411","0.0098"
"698.0000","58.1505","0.0098"
"698.1000","58.1571","0.0098"
"698.2000","58.1655","0.0098"
"698.3000","58.1741","0.0098"
"698.4000","58.1832","0.0098"
"698.5000","58.1915","0.0098"
"698.6000","58.2009","0.0098"
"698.7000","58.2076","0.0098"
"698.8000","58.2152","0.0098"
"698.9000","58.2235","0.0098"
"699.0000","58.2321","0.0098"
"699.1000","58.2407","0.0098"
"699.2000","58.2503","0.0098"
"699.3000","58.2578","0.0098"
"699.4000","58.2652","0.0098"
"699.5000","58.2739","0.0098"
"699.6000","58.2829","0.0098"
"699.7000","58.2916","0.0099"
"699.8000","58.3000","0.0099"
"699.9000","58.3084","0.0098"
"700.0000","58.3154","0.0099"
"700.1000","58.3242","0.0098"
"700.2000","58.3325","0.0099"
"700.3000","58.3409","0.0099"
"700.4000","58.3495","0.0099"
"700.5000","58.3591","0.0099"
"700.6000","58.3658","0.0099"
"700.7000","58.3741","0.0099"
"700.8000","58.3822","0.0099"
"700.9000","58.3911","0.0099"
"701.0000","58.3997","0.0099"
"701.1000","58.4089","0.0099"
"701.2000","58.4157","0.0099"
"701.3000","58.4236","0.0099"
"701.4000","58.4324","0.0099"
"701.5000","58.4413","0.0099"
"701.6000","58.4495","0.0099"
"701.7000","58.4586","0.0099"
"701.8000","58.4660","0.0099"
"701.9000","58.4736","0.0099"
"702.0000","58.4824","0.0099"
"702.1000","58.4915","0.0099"
"702.2000","58.5001","0.0099"
"702.3000","58.5085","0.0099"
"702.4000","58.5164","0.0099"
"702.5000","58.5234","0.0099"
"702.6000","58.5320","0.0099"
"702.7000","58.5408","0.0099"
"702.8000","58.5489","0.0099"
"702.9000","58.5571","0.0099"
"703.0000","58.5670","0.0099"
"703.1000","58.5740","0.0099"
"703.2000","58.5826","0.0099"
"703.3000","58.5908","0.0099"
"703.3840","58.5984","0.0099"

