1,Time,Force,Flexure displacement,Flexure stress
,(s),(N),(mm),(MPa)
"","0.0000","0.5272","0.0000","0.2960"
"","0.0200","0.5136","0.0001","0.2884"
"","0.0400","0.5216","0.0008","0.2929"
"","0.0600","0.5521","0.0027","0.3100"
"","0.0800","0.5932","0.0075","0.3330"
"","0.1000","0.6875","0.0172","0.3859"
"","0.1170","0.7900","0.0286","0.4435"
"","0.1350","0.8924","0.0414","0.5010"
"","0.1520","0.9928","0.0532","0.5574"
"","0.1700","1.0949","0.0652","0.6147"
"","0.1900","1.1895","0.0777","0.6678"
"","0.2100","1.2878","0.0902","0.7230"
"","0.2280","1.3878","0.1026","0.7791"
"","0.2440","1.4899","0.1139","0.8364"
"","0.2630","1.5924","0.1267","0.8940"
"","0.2830","1.6914","0.1393","0.9496"
"","0.3020","1.7958","0.1520","1.0082"
"","0.3200","1.8989","0.1647","1.0661"
"","0.3380","2.0018","0.1770","1.1238"
"","0.3580","2.0931","0.1898","1.1751"
"","0.3770","2.1960","0.2019","1.2329"
"","0.3970","2.2921","0.2152","1.2868"
"","0.4170","2.3922","0.2285","1.3430"
"","0.4360","2.4938","0.2407","1.4001"
"","0.4560","2.5961","0.2540","1.4574"
"","0.4750","2.6997","0.2670","1.5156"
"","0.4940","2.8040","0.2799","1.5742"
"","0.5140","2.9019","0.2929","1.6291"
"","0.5340","3.0037","0.3063","1.6863"
"","0.5520","3.1051","0.3188","1.7432"
"","0.5720","3.2076","0.3321","1.8008"
"","0.5920","3.3007","0.3445","1.8530"
"","0.6110","3.4039","0.3566","1.9110"
"","0.6280","3.5045","0.3680","1.9674"
"","0.6440","3.6047","0.3789","2.0237"
"","0.6620","3.7088","0.3908","2.0821"
"","0.6800","3.8114","0.4026","2.1397"
"","0.6960","3.9137","0.4136","2.1972"
"","0.7120","4.0148","0.4248","2.2539"
"","0.7310","4.1158","0.4376","2.3106"
"","0.7480","4.2197","0.4487","2.3690"
"","0.7670","4.3235","0.4616","2.4273"
"","0.7840","4.4257","0.4734","2.4846"
"","0.7990","4.5288","0.4838","2.5425"
"","0.8170","4.6336","0.4960","2.6013"
"","0.8350","4.7367","0.5077","2.6592"
"","0.8520","4.8419","0.5188","2.7183"
"","0.8690","4.9421","0.5302","2.7745"
"","0.8870","5.0430","0.5419","2.8311"
"","0.9070","5.1471","0.5545","2.8896"
"","0.9230","5.2487","0.5650","2.9467"
"","0.9390","5.3515","0.5759","3.0044"
"","0.9550","5.4558","0.5870","3.0629"
"","0.9730","5.5609","0.5989","3.1219"
"","0.9910","5.6660","0.6107","3.1809"
"","1.0070","5.7695","0.6218","3.2390"
"","1.0220","5.8718","0.6322","3.2965"
"","1.0380","5.9769","0.6428","3.3554"
"","1.0570","6.0795","0.6546","3.4131"
"","1.0740","6.1847","0.6654","3.4721"
"","1.0910","6.2870","0.6770","3.5295"
"","1.1070","6.3908","0.6882","3.5878"
"","1.1220","6.4932","0.6985","3.6453"
"","1.1380","6.5982","0.7090","3.7042"
"","1.1560","6.6990","0.7208","3.7608"
"","1.1730","6.8001","0.7322","3.8176"
"","1.1880","6.9064","0.7424","3.8773"
"","1.2040","7.0073","0.7529","3.9339"
"","1.2220","7.1104","0.7645","3.9918"
"","1.2380","7.2161","0.7753","4.0512"
"","1.2520","7.3220","0.7853","4.1106"
"","1.2670","7.4221","0.7962","4.1668"
"","1.2840","7.5281","0.8078","4.2263"
"","1.3000","7.6326","0.8181","4.2850"
"","1.3170","7.7343","0.8293","4.3421"
"","1.3330","7.8386","0.8398","4.4006"
"","1.3480","7.9387","0.8495","4.4568"
"","1.3650","8.0418","0.8601","4.5147"
"","1.3830","8.1434","0.8716","4.5717"
"","1.3980","8.2484","0.8818","4.6307"
"","1.4130","8.3544","0.8923","4.6902"
"","1.4280","8.4564","0.9028","4.7474"
"","1.4450","8.5621","0.9141","4.8068"
"","1.4610","8.6642","0.9245","4.8641"
"","1.4780","8.7687","0.9358","4.9228"
"","1.4930","8.8713","0.9462","4.9804"
"","1.5080","8.9743","0.9562","5.0382"
"","1.5250","9.0749","0.9670","5.0947"
"","1.5430","9.1804","0.9784","5.1539"
"","1.5590","9.2862","0.9892","5.2133"
"","1.5740","9.3931","0.9998","5.2733"
"","1.5900","9.4974","1.0108","5.3319"
"","1.6060","9.6000","1.0210","5.3895"
"","1.6220","9.7002","1.0312","5.4457"
"","1.6390","9.8024","1.0424","5.5031"
"","1.6550","9.9069","1.0531","5.5617"
"","1.6690","10.0116","1.0623","5.6205"
"","1.6860","10.1154","1.0737","5.6788"
"","1.7020","10.2224","1.0850","5.7389"
"","1.7150","10.3277","1.0945","5.7980"
"","1.7280","10.4299","1.1039","5.8554"
"","1.7440","10.5360","1.1150","5.9149"
"","1.7610","10.6407","1.1260","5.9737"
"","1.7780","10.7432","1.1369","6.0313"
"","1.7940","10.8448","1.1473","6.0883"
"","1.8110","10.9471","1.1582","6.1458"
"","1.8290","11.0504","1.1691","6.2037"
"","1.8450","11.1518","1.1788","6.2607"
"","1.8610","11.2533","1.1894","6.3176"
"","1.8750","11.3542","1.1993","6.3743"
"","1.8880","11.4559","1.2088","6.4314"
"","1.9040","11.5605","1.2199","6.4901"
"","1.9210","11.6651","1.2310","6.5488"
"","1.9360","11.7657","1.2409","6.6053"
"","1.9510","11.8699","1.2511","6.6638"
"","1.9670","11.9736","1.2621","6.7220"
"","1.9850","12.0797","1.2737","6.7816"
"","2.0010","12.1836","1.2837","6.8399"
"","2.0170","12.2847","1.2942","6.8967"
"","2.0330","12.3895","1.3052","6.9555"
"","2.0480","12.4957","1.3156","7.0151"
"","2.0630","12.5959","1.3256","7.0714"
"","2.0810","12.6987","1.3369","7.1291"
"","2.0970","12.7991","1.3472","7.1854"
"","2.1120","12.9000","1.3571","7.2421"
"","2.1280","13.0016","1.3680","7.2992"
"","2.1430","13.1076","1.3781","7.3586"
"","2.1570","13.2112","1.3876","7.4168"
"","2.1720","13.3145","1.3981","7.4748"
"","2.1870","13.4154","1.4091","7.5314"
"","2.2010","13.5218","1.4194","7.5912"
"","2.2150","13.6263","1.4290","7.6499"
"","2.2330","13.7279","1.4402","7.7069"
"","2.2510","13.8308","1.4516","7.7647"
"","2.2650","13.9330","1.4608","7.8220"
"","2.2820","14.0381","1.4720","7.8810"
"","2.3010","14.1389","1.4838","7.9376"
"","2.3170","14.2413","1.4938","7.9951"
"","2.3320","14.3448","1.5038","8.0532"
"","2.3460","14.4471","1.5138","8.1107"
"","2.3600","14.5507","1.5238","8.1688"
"","2.3750","14.6534","1.5340","8.2265"
"","2.3910","14.7572","1.5443","8.2848"
"","2.4080","14.8594","1.5553","8.3421"
"","2.4230","14.9603","1.5654","8.3987"
"","2.4380","15.0643","1.5758","8.4572"
"","2.4540","15.1703","1.5866","8.5167"
"","2.4700","15.2762","1.5970","8.5761"
"","2.4850","15.3796","1.6069","8.6342"
"","2.5000","15.4815","1.6171","8.6914"
"","2.5170","15.5863","1.6286","8.7502"
"","2.5320","15.6900","1.6383","8.8084"
"","2.5480","15.7903","1.6481","8.8647"
"","2.5660","15.8939","1.6597","8.9229"
"","2.5800","16.0017","1.6693","8.9834"
"","2.5930","16.1019","1.6785","9.0397"
"","2.6090","16.2064","1.6895","9.0983"
"","2.6250","16.3091","1.7002","9.1560"
"","2.6390","16.4152","1.7098","9.2155"
"","2.6520","16.5206","1.7190","9.2747"
"","2.6660","16.6216","1.7289","9.3314"
"","2.6810","16.7226","1.7392","9.3881"
"","2.6970","16.8278","1.7493","9.4472"
"","2.7140","16.9284","1.7600","9.5037"
"","2.7310","17.0329","1.7710","9.5623"
"","2.7460","17.1363","1.7810","9.6204"
"","2.7610","17.2407","1.7907","9.6790"
"","2.7790","17.3450","1.8023","9.7375"
"","2.7940","17.4464","1.8123","9.7945"
"","2.8070","17.5496","1.8214","9.8524"
"","2.8210","17.6503","1.8313","9.9090"
"","2.8360","17.7506","1.8413","9.9652"
"","2.8520","17.8507","1.8514","10.0214"
"","2.8680","17.9510","1.8616","10.0778"
"","2.8830","18.0532","1.8717","10.1351"
"","2.8960","18.1537","1.8809","10.1916"
"","2.9100","18.2565","1.8905","10.2493"
"","2.9260","18.3605","1.9011","10.3076"
"","2.9430","18.4665","1.9122","10.3672"
"","2.9580","18.5710","1.9223","10.4258"
"","2.9730","18.6757","1.9326","10.4846"
"","2.9880","18.7790","1.9427","10.5426"
"","3.0030","18.8800","1.9525","10.5993"
"","3.0190","18.9860","1.9625","10.6588"
"","3.0340","19.0909","1.9723","10.7177"
"","3.0480","19.1916","1.9820","10.7742"
"","3.0610","19.2933","1.9913","10.8313"
"","3.0750","19.3941","2.0009","10.8879"
"","3.0930","19.4977","2.0126","10.9461"
"","3.1090","19.6030","2.0231","11.0052"
"","3.1220","19.7032","2.0320","11.0615"
"","3.1370","19.8088","2.0424","11.1207"
"","3.1530","19.9134","2.0530","11.1794"
"","3.1690","20.0142","2.0633","11.2361"
"","3.1840","20.1210","2.0731","11.2960"
"","3.1980","20.2246","2.0827","11.3542"
"","3.2120","20.3256","2.0924","11.4109"
"","3.2270","20.4310","2.1025","11.4700"
"","3.2440","20.5324","2.1133","11.5270"
"","3.2600","20.6330","2.1236","11.5835"
"","3.2750","20.7365","2.1336","11.6415"
"","3.2890","20.8434","2.1431","11.7015"
"","3.3040","20.9450","2.1532","11.7586"
"","3.3210","21.0517","2.1642","11.8185"
"","3.3350","21.1544","2.1732","11.8762"
"","3.3510","21.2601","2.1839","11.9355"
"","3.3660","21.3658","2.1943","11.9949"
"","3.3800","21.4719","2.2040","12.0544"
"","3.3950","21.5782","2.2140","12.1141"
"","3.4120","21.6837","2.2251","12.1733"
"","3.4280","21.7906","2.2357","12.2333"
"","3.4420","21.8956","2.2454","12.2923"
"","3.4570","22.0000","2.2556","12.3509"
"","3.4740","22.1046","2.2665","12.4096"
"","3.4920","22.2093","2.2778","12.4684"
"","3.5060","22.3107","2.2870","12.5253"
"","3.5200","22.4137","2.2966","12.5831"
"","3.5350","22.5156","2.3068","12.6403"
"","3.5510","22.6226","2.3174","12.7004"
"","3.5640","22.7228","2.3261","12.7566"
"","3.5770","22.8240","2.3351","12.8135"
"","3.5920","22.9241","2.3457","12.8697"
"","3.6050","23.0253","2.3549","12.9265"
"","3.6190","23.1291","2.3642","12.9848"
"","3.6380","23.2293","2.3760","13.0410"
"","3.6540","23.3344","2.3860","13.1000"
"","3.6680","23.4352","2.3954","13.1566"
"","3.6820","23.5405","2.4052","13.2157"
"","3.6960","23.6413","2.4148","13.2723"
"","3.7110","23.7441","2.4245","13.3300"
"","3.7280","23.8478","2.4353","13.3882"
"","3.7430","23.9531","2.4452","13.4474"
"","3.7570","24.0549","2.4548","13.5045"
"","3.7720","24.1585","2.4648","13.5627"
"","3.7870","24.2605","2.4745","13.6199"
"","3.8020","24.3607","2.4842","13.6762"
"","3.8160","24.4631","2.4938","13.7336"
"","3.8280","24.5632","2.5023","13.7898"
"","3.8410","24.6686","2.5116","13.8491"
"","3.8580","24.7717","2.5229","13.9069"
"","3.8760","24.8754","2.5340","13.9651"
"","3.8900","24.9765","2.5429","14.0219"
"","3.9040","25.0765","2.5521","14.0780"
"","3.9190","25.1821","2.5622","14.1373"
"","3.9340","25.2860","2.5722","14.1956"
"","3.9500","25.3926","2.5825","14.2555"
"","3.9650","25.4996","2.5927","14.3156"
"","3.9790","25.6015","2.6025","14.3728"
"","3.9920","25.7021","2.6118","14.4293"
"","4.0050","25.8030","2.6207","14.4859"
"","4.0220","25.9060","2.6317","14.5437"
"","4.0390","26.0110","2.6427","14.6027"
"","4.0520","26.1136","2.6517","14.6603"
"","4.0650","26.2209","2.6609","14.7205"
"","4.0790","26.3213","2.6708","14.7769"
"","4.0950","26.4267","2.6814","14.8361"
"","4.1090","26.5290","2.6903","14.8935"
"","4.1240","26.6303","2.7001","14.9504"
"","4.1400","26.7372","2.7109","15.0104"
"","4.1540","26.8393","2.7202","15.0677"
"","4.1700","26.9429","2.7304","15.1259"
"","4.1870","27.0490","2.7410","15.1854"
"","4.2020","27.1508","2.7507","15.2426"
"","4.2160","27.2538","2.7603","15.3004"
"","4.2290","27.3551","2.7694","15.3573"
"","4.2440","27.4592","2.7797","15.4157"
"","4.2600","27.5645","2.7901","15.4748"
"","4.2740","27.6667","2.7991","15.5322"
"","4.2870","27.7685","2.8080","15.5893"
"","4.3000","27.8696","2.8175","15.6461"
"","4.3140","27.9743","2.8278","15.7049"
"","4.3280","28.0791","2.8373","15.7637"
"","4.3440","28.1816","2.8472","15.8213"
"","4.3630","28.2825","2.8588","15.8779"
"","4.3770","28.3852","2.8676","15.9355"
"","4.3910","28.4905","2.8769","15.9946"
"","4.4060","28.5913","2.8868","16.0512"
"","4.4220","28.6982","2.8974","16.1112"
"","4.4360","28.8043","2.9069","16.1708"
"","4.4490","28.9057","2.9161","16.2278"
"","4.4630","29.0093","2.9258","16.2859"
"","4.4780","29.1110","2.9357","16.3430"
"","4.4940","29.2172","2.9458","16.4026"
"","4.5100","29.3238","2.9562","16.4625"
"","4.5240","29.4309","2.9660","16.5226"
"","4.5370","29.5311","2.9754","16.5789"
"","4.5510","29.6378","2.9854","16.6388"
"","4.5650","29.7396","2.9949","16.6959"
"","4.5790","29.8418","3.0039","16.7533"
"","4.5960","29.9480","3.0149","16.8129"
"","4.6100","30.0488","3.0241","16.8695"
"","4.6240","30.1533","3.0334","16.9282"
"","4.6390","30.2556","3.0429","16.9856"
"","4.6560","30.3602","3.0534","17.0443"
"","4.6720","30.4652","3.0638","17.1033"
"","4.6850","30.5710","3.0728","17.1627"
"","4.6990","30.6757","3.0828","17.2215"
"","4.7140","30.7807","3.0933","17.2804"
"","4.7280","30.8881","3.1026","17.3407"
"","4.7430","30.9927","3.1126","17.3994"
"","4.7580","31.1005","3.1227","17.4599"
"","4.7710","31.2022","3.1315","17.5170"
"","4.7850","31.3075","3.1408","17.5761"
"","4.8020","31.4130","3.1515","17.6354"
"","4.8190","31.5176","3.1623","17.6941"
"","4.8330","31.6195","3.1716","17.7513"
"","4.8460","31.7202","3.1807","17.8078"
"","4.8590","31.8264","3.1899","17.8675"
"","4.8730","31.9291","3.1994","17.9251"
"","4.8880","32.0297","3.2090","17.9816"
"","4.9040","32.1325","3.2192","18.0393"
"","4.9190","32.2396","3.2291","18.0994"
"","4.9320","32.3430","3.2382","18.1575"
"","4.9470","32.4497","3.2485","18.2174"
"","4.9610","32.5537","3.2578","18.2757"
"","4.9760","32.6598","3.2677","18.3354"
"","4.9900","32.7626","3.2773","18.3930"
"","5.0030","32.8645","3.2865","18.4502"
"","5.0170","32.9662","3.2964","18.5073"
"","5.0310","33.0703","3.3057","18.5658"
"","5.0450","33.1735","3.3147","18.6237"
"","5.0600","33.2799","3.3245","18.6835"
"","5.0740","33.3861","3.3340","18.7431"
"","5.0880","33.4912","3.3435","18.8021"
"","5.1050","33.5949","3.3543","18.8603"
"","5.1240","33.6996","3.3657","18.9191"
"","5.1390","33.8023","3.3752","18.9767"
"","5.1520","33.9069","3.3841","19.0354"
"","5.1650","34.0149","3.3934","19.0961"
"","5.1780","34.1178","3.4026","19.1538"
"","5.1920","34.2196","3.4121","19.2110"
"","5.2060","34.3202","3.4212","19.2675"
"","5.2200","34.4219","3.4306","19.3246"
"","5.2340","34.5242","3.4401","19.3820"
"","5.2480","34.6270","3.4496","19.4397"
"","5.2640","34.7327","3.4598","19.4990"
"","5.2810","34.8377","3.4703","19.5580"
"","5.2960","34.9385","3.4801","19.6146"
"","5.3090","35.0445","3.4891","19.6741"
"","5.3220","35.1479","3.4984","19.7321"
"","5.3360","35.2485","3.5081","19.7887"
"","5.3510","35.3556","3.5179","19.8487"
"","5.3650","35.4566","3.5269","19.9055"
"","5.3810","35.5600","3.5373","19.9635"
"","5.3950","35.6657","3.5467","20.0228"
"","5.4090","35.7718","3.5560","20.0824"
"","5.4230","35.8770","3.5651","20.1414"
"","5.4380","35.9800","3.5750","20.1993"
"","5.4520","36.0825","3.5848","20.2568"
"","5.4640","36.1869","3.5937","20.3154"
"","5.4750","36.2869","3.6019","20.3716"
"","5.4880","36.3883","3.6111","20.4285"
"","5.5040","36.4905","3.6215","20.4859"
"","5.5200","36.5934","3.6312","20.5436"
"","5.5360","36.6979","3.6412","20.6023"
"","5.5510","36.8049","3.6512","20.6624"
"","5.5650","36.9069","3.6609","20.7197"
"","5.5790","37.0071","3.6701","20.7759"
"","5.5930","37.1071","3.6790","20.8321"
"","5.6090","37.2132","3.6892","20.8916"
"","5.6220","37.3146","3.6979","20.9485"
"","5.6350","37.4158","3.7068","21.0054"
"","5.6500","37.5197","3.7170","21.0637"
"","5.6650","37.6249","3.7267","21.1228"
"","5.6790","37.7305","3.7359","21.1821"
"","5.6930","37.8383","3.7454","21.2426"
"","5.7060","37.9384","3.7544","21.2987"
"","5.7200","38.0415","3.7640","21.3566"
"","5.7350","38.1421","3.7736","21.4131"
"","5.7510","38.2473","3.7837","21.4722"
"","5.7650","38.3517","3.7929","21.5308"
"","5.7780","38.4560","3.8019","21.5894"
"","5.7910","38.5568","3.8110","21.6459"
"","5.8050","38.6632","3.8205","21.7057"
"","5.8210","38.7648","3.8307","21.7627"
"","5.8380","38.8713","3.8414","21.8225"
"","5.8520","38.9758","3.8506","21.8811"
"","5.8660","39.0825","3.8601","21.9411"
"","5.8800","39.1891","3.8697","22.0009"
"","5.8930","39.2932","3.8785","22.0593"
"","5.9060","39.3965","3.8872","22.1173"
"","5.9210","39.5028","3.8977","22.1770"
"","5.9340","39.6094","3.9070","22.2369"
"","5.9460","39.7167","3.9156","22.2971"
"","5.9590","39.8213","3.9247","22.3558"
"","5.9750","39.9233","3.9350","22.4131"
"","5.9910","40.0235","3.9451","22.4693"
"","6.0050","40.1277","3.9541","22.5278"
"","6.0200","40.2339","3.9638","22.5875"
"","6.0350","40.3362","3.9735","22.6449"
"","6.0520","40.4410","3.9841","22.7037"
"","6.0670","40.5451","3.9938","22.7622"
"","6.0790","40.6453","4.0021","22.8184"
"","6.0910","40.7500","4.0107","22.8772"
"","6.1030","40.8515","4.0195","22.9342"
"","6.1160","40.9569","4.0285","22.9934"
"","6.1310","41.0595","4.0380","23.0509"
"","6.1490","41.1615","4.0491","23.1082"
"","6.1620","41.2647","4.0576","23.1661"
"","6.1740","41.3711","4.0659","23.2259"
"","6.1870","41.4727","4.0751","23.2829"
"","6.2010","41.5805","4.0847","23.3434"
"","6.2150","41.6853","4.0937","23.4023"
"","6.2310","41.7907","4.1041","23.4614"
"","6.2460","41.8953","4.1142","23.5202"
"","6.2590","42.0027","4.1231","23.5805"
"","6.2720","42.1098","4.1318","23.6406"
"","6.2880","42.2135","4.1420","23.6988"
"","6.3040","42.3204","4.1520","23.7588"
"","6.3170","42.4227","4.1605","23.8163"
"","6.3310","42.5251","4.1702","23.8737"
"","6.3430","42.6275","4.1787","23.9312"
"","6.3560","42.7343","4.1876","23.9912"
"","6.3710","42.8375","4.1976","24.0491"
"","6.3850","42.9442","4.2071","24.1090"
"","6.3970","43.0492","4.2155","24.1680"
"","6.4100","43.1556","4.2248","24.2277"
"","6.4240","43.2631","4.2345","24.2881"
"","6.4380","43.3664","4.2435","24.3460"
"","6.4530","43.4685","4.2528","24.4034"
"","6.4680","43.5745","4.2626","24.4629"
"","6.4810","43.6799","4.2714","24.5221"
"","6.4940","43.7869","4.2803","24.5821"
"","6.5090","43.8904","4.2901","24.6402"
"","6.5250","43.9956","4.3002","24.6993"
"","6.5400","44.0996","4.3099","24.7577"
"","6.5530","44.2012","4.3187","24.8147"
"","6.5650","44.3022","4.3271","24.8714"
"","6.5780","44.4096","4.3361","24.9317"
"","6.5920","44.5130","4.3453","24.9898"
"","6.6080","44.6195","4.3553","25.0495"
"","6.6220","44.7212","4.3642","25.1066"
"","6.6360","44.8269","4.3736","25.1660"
"","6.6500","44.9331","4.3834","25.2256"
"","6.6620","45.0344","4.3917","25.2824"
"","6.6750","45.1367","4.4003","25.3399"
"","6.6900","45.2422","4.4103","25.3991"
"","6.7030","45.3458","4.4192","25.4573"
"","6.7150","45.4482","4.4275","25.5148"
"","6.7280","45.5505","4.4365","25.5722"
"","6.7420","45.6509","4.4458","25.6286"
"","6.7570","45.7557","4.4552","25.6874"
"","6.7720","45.8596","4.4644","25.7458"
"","6.7880","45.9666","4.4747","25.8058"
"","6.8010","46.0741","4.4837","25.8662"
"","6.8120","46.1765","4.4917","25.9236"
"","6.8240","46.2800","4.5002","25.9817"
"","6.8370","46.3817","4.5090","26.0389"
"","6.8510","46.4821","4.5183","26.0952"
"","6.8650","46.5844","4.5277","26.1526"
"","6.8780","46.6925","4.5365","26.2133"
"","6.8910","46.7953","4.5453","26.2711"
"","6.9060","46.8998","4.5549","26.3297"
"","6.9210","47.0029","4.5644","26.3876"
"","6.9350","47.1102","4.5736","26.4478"
"","6.9480","47.2180","4.5826","26.5084"
"","6.9610","47.3215","4.5917","26.5665"
"","6.9750","47.4287","4.6011","26.6266"
"","6.9890","47.5300","4.6101","26.6835"
"","7.0050","47.6345","4.6202","26.7421"
"","7.0190","47.7415","4.6295","26.8022"
"","7.0310","47.8426","4.6377","26.8590"
"","7.0440","47.9493","4.6466","26.9189"
"","7.0590","48.0500","4.6564","26.9754"
"","7.0740","48.1518","4.6657","27.0326"
"","7.0880","48.2566","4.6748","27.0914"
"","7.1010","48.3617","4.6838","27.1504"
"","7.1130","48.4647","4.6924","27.2082"
"","7.1250","48.5676","4.7010","27.2660"
"","7.1390","48.6748","4.7106","27.3262"
"","7.1530","48.7753","4.7196","27.3826"
"","7.1670","48.8780","4.7285","27.4403"
"","7.1810","48.9804","4.7376","27.4977"
"","7.1950","49.0884","4.7471","27.5584"
"","7.2080","49.1920","4.7558","27.6166"
"","7.2230","49.2964","4.7655","27.6751"
"","7.2370","49.3975","4.7743","27.7319"
"","7.2510","49.5013","4.7836","27.7902"
"","7.2640","49.6091","4.7925","27.8507"
"","7.2770","49.7170","4.8015","27.9113"
"","7.2900","49.8179","4.8103","27.9679"
"","7.3040","49.9202","4.8195","28.0254"
"","7.3170","50.0235","4.8281","28.0834"
"","7.3300","50.1276","4.8370","28.1418"
"","7.3430","50.2292","4.8461","28.1988"
"","7.3560","50.3337","4.8553","28.2575"
"","7.3690","50.4411","4.8641","28.3178"
"","7.3830","50.5417","4.8731","28.3743"
"","7.3980","50.6424","4.8827","28.4308"
"","7.4120","50.7491","4.8917","28.4907"
"","7.4250","50.8554","4.9004","28.5504"
"","7.4390","50.9601","4.9100","28.6092"
"","7.4540","51.0619","4.9198","28.6663"
"","7.4680","51.1650","4.9286","28.7242"
"","7.4820","51.2703","4.9377","28.7833"
"","7.4950","51.3775","4.9465","28.8435"
"","7.5070","51.4777","4.9549","28.8997"
"","7.5200","51.5795","4.9638","28.9569"
"","7.5340","51.6865","4.9730","29.0170"
"","7.5480","51.7890","4.9819","29.0746"
"","7.5630","51.8945","4.9918","29.1337"
"","7.5760","52.0014","5.0010","29.1938"
"","7.5870","52.1034","5.0089","29.2510"
"","7.5990","52.2065","5.0173","29.3089"
"","7.6140","52.3091","5.0271","29.3665"
"","7.6290","52.4098","5.0364","29.4230"
"","7.6420","52.5100","5.0446","29.4793"
"","7.6560","52.6171","5.0538","29.5394"
"","7.6700","52.7198","5.0631","29.5971"
"","7.6840","52.8200","5.0722","29.6533"
"","7.6980","52.9201","5.0811","29.7095"
"","7.7110","53.0203","5.0896","29.7658"
"","7.7230","53.1261","5.0979","29.8252"
"","7.7350","53.2340","5.1066","29.8858"
"","7.7480","53.3402","5.1159","29.9454"
"","7.7630","53.4472","5.1259","30.0054"
"","7.7770","53.5529","5.1349","30.0648"
"","7.7920","53.6602","5.1447","30.1250"
"","7.8050","53.7640","5.1536","30.1833"
"","7.8160","53.8663","5.1614","30.2407"
"","7.8280","53.9715","5.1698","30.2998"
"","7.8420","54.0753","5.1792","30.3581"
"","7.8560","54.1789","5.1882","30.4162"
"","7.8700","54.2829","5.1973","30.4746"
"","7.8840","54.3871","5.2067","30.5331"
"","7.8970","54.4911","5.2155","30.5915"
"","7.9100","54.5961","5.2240","30.6504"
"","7.9240","54.6993","5.2328","30.7084"
"","7.9390","54.7994","5.2421","30.7645"
"","7.9520","54.9043","5.2506","30.8235"
"","7.9640","55.0119","5.2588","30.8839"
"","7.9770","55.1179","5.2679","30.9434"
"","7.9910","55.2193","5.2776","31.0003"
"","8.0030","55.3200","5.2856","31.0568"
"","8.0150","55.4228","5.2935","31.1145"
"","8.0290","55.5282","5.3028","31.1737"
"","8.0420","55.6298","5.3118","31.2308"
"","8.0540","55.7365","5.3205","31.2907"
"","8.0660","55.8400","5.3290","31.3487"
"","8.0790","55.9445","5.3377","31.4074"
"","8.0950","56.0499","5.3474","31.4666"
"","8.1120","56.1509","5.3578","31.5233"
"","8.1250","56.2549","5.3660","31.5817"
"","8.1370","56.3577","5.3740","31.6394"
"","8.1510","56.4631","5.3834","31.6986"
"","8.1660","56.5685","5.3931","31.7577"
"","8.1790","56.6733","5.4017","31.8166"
"","8.1910","56.7754","5.4100","31.8739"
"","8.2030","56.8765","5.4186","31.9307"
"","8.2150","56.9841","5.4271","31.9911"
"","8.2270","57.0861","5.4353","32.0483"
"","8.2400","57.1865","5.4438","32.1047"
"","8.2540","57.2893","5.4528","32.1624"
"","8.2670","57.3968","5.4616","32.2228"
"","8.2790","57.5002","5.4700","32.2808"
"","8.2920","57.6070","5.4792","32.3408"
"","8.3050","57.7111","5.4881","32.3992"
"","8.3190","57.8183","5.4971","32.4594"
"","8.3330","57.9200","5.5061","32.5165"
"","8.3470","58.0255","5.5154","32.5757"
"","8.3600","58.1337","5.5241","32.6365"
"","8.3730","58.2399","5.5328","32.6961"
"","8.3880","58.3467","5.5423","32.7560"
"","8.4030","58.4482","5.5516","32.8130"
"","8.4180","58.5527","5.5612","32.8717"
"","8.4310","58.6567","5.5702","32.9301"
"","8.4420","58.7624","5.5780","32.9894"
"","8.4530","58.8634","5.5859","33.0461"
"","8.4650","58.9636","5.5941","33.1024"
"","8.4790","59.0692","5.6033","33.1617"
"","8.4930","59.1762","5.6125","33.2217"
"","8.5050","59.2804","5.6206","33.2802"
"","8.5170","59.3824","5.6289","33.3375"
"","8.5300","59.4875","5.6378","33.3965"
"","8.5440","59.5896","5.6468","33.4538"
"","8.5590","59.6942","5.6560","33.5125"
"","8.5730","59.7950","5.6649","33.5691"
"","8.5860","59.9002","5.6735","33.6282"
"","8.5980","60.0004","5.6817","33.6844"
"","8.6100","60.1018","5.6901","33.7414"
"","8.6230","60.2091","5.6990","33.8016"
"","8.6360","60.3163","5.7075","33.8618"
"","8.6500","60.4165","5.7166","33.9181"
"","8.6640","60.5240","5.7258","33.9784"
"","8.6770","60.6319","5.7346","34.0389"
"","8.6890","60.7347","5.7428","34.0967"
"","8.7020","60.8393","5.7515","34.1554"
"","8.7160","60.9435","5.7607","34.2139"
"","8.7300","61.0503","5.7702","34.2738"
"","8.7420","61.1570","5.7786","34.3337"
"","8.7530","61.2617","5.7864","34.3925"
"","8.7640","61.3624","5.7942","34.4491"
"","8.7770","61.4667","5.8030","34.5076"
"","8.7930","61.5699","5.8130","34.5655"
"","8.8080","61.6776","5.8223","34.6260"
"","8.8200","61.7824","5.8301","34.6849"
"","8.8320","61.8828","5.8382","34.7412"
"","8.8460","61.9891","5.8477","34.8009"
"","8.8590","62.0898","5.8562","34.8574"
"","8.8720","62.1912","5.8645","34.9144"
"","8.8850","62.2919","5.8730","34.9709"
"","8.8980","62.3949","5.8818","35.0287"
"","8.9100","62.4967","5.8901","35.0859"
"","8.9220","62.6024","5.8983","35.1452"
"","8.9350","62.7086","5.9070","35.2048"
"","8.9490","62.8118","5.9160","35.2628"
"","8.9630","62.9165","5.9252","35.3215"
"","8.9750","63.0228","5.9335","35.3812"
"","8.9860","63.1266","5.9413","35.4395"
"","8.9990","63.2336","5.9504","35.4996"
"","9.0130","63.3369","5.9596","35.5576"
"","9.0280","63.4388","5.9687","35.6148"
"","9.0430","63.5401","5.9780","35.6716"
"","9.0560","63.6421","5.9867","35.7289"
"","9.0680","63.7492","5.9951","35.7890"
"","9.0790","63.8524","6.0029","35.8470"
"","9.0910","63.9563","6.0112","35.9053"
"","9.1050","64.0630","6.0204","35.9652"
"","9.1200","64.1689","6.0301","36.0246"
"","9.1330","64.2718","6.0386","36.0824"
"","9.1460","64.3751","6.0473","36.1404"
"","9.1590","64.4759","6.0559","36.1970"
"","9.1730","64.5802","6.0651","36.2556"
"","9.1860","64.6832","6.0736","36.3134"
"","9.1980","64.7892","6.0819","36.3729"
"","9.2090","64.8901","6.0897","36.4295"
"","9.2200","64.9927","6.0977","36.4871"
"","9.2310","65.0927","6.1057","36.5433"
"","9.2440","65.1984","6.1147","36.6026"
"","9.2580","65.3002","6.1239","36.6597"
"","9.2730","65.4056","6.1333","36.7189"
"","9.2880","65.5116","6.1429","36.7784"
"","9.3020","65.6191","6.1521","36.8388"
"","9.3140","65.7226","6.1602","36.8969"
"","9.3260","65.8258","6.1681","36.9548"
"","9.3410","65.9318","6.1778","37.0143"
"","9.3560","66.0398","6.1875","37.0750"
"","9.3680","66.1475","6.1953","37.1354"
"","9.3800","66.2489","6.2033","37.1923"
"","9.3940","66.3507","6.2126","37.2495"
"","9.4080","66.4536","6.2216","37.3073"
"","9.4220","66.5600","6.2306","37.3670"
"","9.4350","66.6637","6.2392","37.4253"
"","9.4480","66.7671","6.2482","37.4833"
"","9.4600","66.8683","6.2567","37.5401"
"","9.4720","66.9725","6.2651","37.5986"
"","9.4850","67.0794","6.2736","37.6586"
"","9.4990","67.1814","6.2826","37.7159"
"","9.5130","67.2895","6.2918","37.7766"
"","9.5260","67.3974","6.3008","37.8371"
"","9.5380","67.5061","6.3091","37.8981"
"","9.5500","67.6106","6.3173","37.9568"
"","9.5640","67.7166","6.3264","38.0163"
"","9.5800","67.8210","6.3365","38.0749"
"","9.5930","67.9253","6.3450","38.1335"
"","9.6050","68.0260","6.3530","38.1900"
"","9.6180","68.1294","6.3619","38.2481"
"","9.6310","68.2325","6.3707","38.3060"
"","9.6440","68.3332","6.3793","38.3625"
"","9.6580","68.4348","6.3885","38.4195"
"","9.6720","68.5383","6.3982","38.4777"
"","9.6830","68.6406","6.4061","38.5351"
"","9.6930","68.7431","6.4133","38.5926"
"","9.7040","68.8463","6.4212","38.6506"
"","9.7190","68.9483","6.4312","38.7078"
"","9.7300","69.0116","6.4382","38.7433"
2,Time,Force,Flexure displacement,Flexure stress
,(s),(N),(mm),(MPa)
"","0.0000","-0.7699","-1.0474","-0.4322"
"","0.0200","-0.7691","-1.0473","-0.4318"
"","0.0400","-0.7671","-1.0467","-0.4307"
"","0.0600","-0.7691","-1.0435","-0.4318"
"","0.0800","-0.7682","-1.0336","-0.4313"
"","0.1000","-0.7537","-1.0187","-0.4231"
"","0.1200","-0.7543","-1.0030","-0.4235"
"","0.1400","-0.7551","-0.9883","-0.4239"
"","0.1600","-0.7618","-0.9754","-0.4277"
"","0.1800","-0.7577","-0.9640","-0.4254"
"","0.2000","-0.7837","-0.9525","-0.4400"
"","0.2200","-0.7602","-0.9398","-0.4268"
"","0.2400","-0.7556","-0.9260","-0.4242"
"","0.2600","-0.7602","-0.9128","-0.4268"
"","0.2800","-0.7485","-0.9000","-0.4202"
"","0.3000","-0.7716","-0.8868","-0.4332"
"","0.3200","-0.7640","-0.8733","-0.4289"
"","0.3400","-0.7540","-0.8605","-0.4233"
"","0.3600","-0.7725","-0.8483","-0.4337"
"","0.3800","-0.7564","-0.8353","-0.4246"
"","0.4000","-0.7545","-0.8215","-0.4236"
"","0.4200","-0.7616","-0.8079","-0.4275"
"","0.4400","-0.7512","-0.7942","-0.4217"
"","0.4600","-0.7579","-0.7801","-0.4255"
"","0.4800","-0.7734","-0.7660","-0.4342"
"","0.5000","-0.7618","-0.7528","-0.4277"
"","0.5200","-0.7693","-0.7404","-0.4319"
"","0.5400","-0.7614","-0.7278","-0.4274"
"","0.5600","-0.7644","-0.7146","-0.4292"
"","0.5800","-0.7709","-0.7016","-0.4328"
"","0.6000","-0.7642","-0.6885","-0.4290"
"","0.6200","-0.7597","-0.6745","-0.4265"
"","0.6400","-0.7600","-0.6605","-0.4267"
"","0.6600","-0.7595","-0.6480","-0.4264"
"","0.6800","-0.7653","-0.6354","-0.4297"
"","0.7000","-0.7714","-0.6215","-0.4331"
"","0.7200","-0.7670","-0.6073","-0.4306"
"","0.7400","-0.7638","-0.5941","-0.4288"
"","0.7600","-0.7612","-0.5808","-0.4273"
"","0.7800","-0.7657","-0.5672","-0.4299"
"","0.8000","-0.7632","-0.5539","-0.4285"
"","0.8200","-0.7573","-0.5413","-0.4252"
"","0.8400","-0.7653","-0.5284","-0.4296"
"","0.8600","-0.7513","-0.5146","-0.4218"
"","0.8800","-0.7515","-0.5009","-0.4219"
"","0.9000","-0.7629","-0.4878","-0.4283"
"","0.9200","-0.7611","-0.4742","-0.4273"
"","0.9400","-0.7677","-0.4600","-0.4310"
"","0.9600","-0.7589","-0.4466","-0.4260"
"","0.9800","-0.7660","-0.4340","-0.4300"
"","1.0000","-0.7622","-0.4208","-0.4279"
"","1.0200","-0.7661","-0.4071","-0.4301"
"","1.0400","-0.7703","-0.3940","-0.4324"
"","1.0600","-0.7569","-0.3813","-0.4249"
"","1.0800","-0.7564","-0.3680","-0.4246"
"","1.1000","-0.7516","-0.3543","-0.4220"
"","1.1200","-0.7243","-0.3410","-0.4066"
"","1.1400","-0.6753","-0.3282","-0.3791"
"","1.1600","-0.6305","-0.3147","-0.3540"
"","1.1800","-0.5606","-0.3004","-0.3147"
"","1.2000","-0.5032","-0.2868","-0.2825"
"","1.2200","-0.4378","-0.2739","-0.2458"
"","1.2400","-0.3607","-0.2607","-0.2025"
"","1.2600","-0.2956","-0.2474","-0.1659"
"","1.2800","-0.2128","-0.2348","-0.1195"
"","1.3000","-0.1471","-0.2220","-0.0826"
"","1.3200","-0.0596","-0.2082","-0.0335"
"","1.3400","0.0400","-0.1943","0.0224"
"","1.3600","0.1095","-0.1810","0.0615"
"","1.3800","0.1960","-0.1676","0.1100"
"","1.4000","0.2923","-0.1538","0.1641"
"","1.4200","0.3752","-0.1399","0.2106"
"","1.4400","0.4687","-0.1269","0.2631"
"","1.4600","0.5486","-0.1141","0.3080"
"","1.4800","0.6232","-0.1009","0.3498"
"","1.5000","0.7252","-0.0874","0.4071"
"","1.5200","0.7888","-0.0746","0.4428"
"","1.5400","0.8824","-0.0616","0.4954"
"","1.5600","0.9836","-0.0479","0.5522"
"","1.5800","1.0700","-0.0341","0.6007"
"","1.5990","1.1712","-0.0218","0.6575"
"","1.6190","1.2603","-0.0086","0.7075"
"","1.6390","1.3579","0.0052","0.7623"
"","1.6580","1.4591","0.0181","0.8192"
"","1.6780","1.5449","0.0307","0.8673"
"","1.6980","1.6342","0.0433","0.9175"
"","1.7170","1.7392","0.0559","0.9764"
"","1.7370","1.8423","0.0695","1.0343"
"","1.7570","1.9473","0.0825","1.0932"
"","1.7770","2.0493","0.0959","1.1505"
"","1.7970","2.1506","0.1102","1.2073"
"","1.8140","2.2515","0.1221","1.2640"
"","1.8340","2.3497","0.1350","1.3191"
"","1.8540","2.4299","0.1481","1.3641"
"","1.8710","2.5358","0.1600","1.4236"
"","1.8880","2.6396","0.1719","1.4819"
"","1.9080","2.7440","0.1850","1.5405"
"","1.9270","2.8457","0.1971","1.5976"
"","1.9440","2.9469","0.2083","1.6544"
"","1.9640","3.0518","0.2217","1.7133"
"","1.9820","3.1553","0.2336","1.7714"
"","2.0010","3.2591","0.2460","1.8297"
"","2.0190","3.3627","0.2582","1.8878"
"","2.0360","3.4688","0.2698","1.9474"
"","2.0540","3.5739","0.2818","2.0064"
"","2.0720","3.6768","0.2935","2.0642"
"","2.0900","3.7810","0.3055","2.1227"
"","2.1090","3.8864","0.3187","2.1818"
"","2.1270","3.9883","0.3308","2.2391"
"","2.1460","4.0933","0.3427","2.2980"
"","2.1660","4.1948","0.3554","2.3549"
"","2.1850","4.2976","0.3681","2.4127"
"","2.2000","4.4046","0.3784","2.4728"
"","2.2170","4.5085","0.3895","2.5311"
"","2.2370","4.6124","0.4027","2.5894"
"","2.2520","4.7132","0.4130","2.6460"
"","2.2690","4.8165","0.4249","2.7040"
"","2.2860","4.9169","0.4364","2.7604"
"","2.3020","5.0215","0.4468","2.8191"
"","2.3200","5.1226","0.4587","2.8759"
"","2.3370","5.2291","0.4704","2.9357"
"","2.3520","5.3307","0.4809","2.9927"
"","2.3700","5.4350","0.4933","3.0513"
"","2.3870","5.5361","0.5043","3.1080"
"","2.4020","5.6367","0.5140","3.1644"
"","2.4200","5.7414","0.5260","3.2233"
"","2.4380","5.8423","0.5380","3.2799"
"","2.4540","5.9474","0.5482","3.3389"
"","2.4720","6.0523","0.5597","3.3978"
"","2.4890","6.1544","0.5711","3.4551"
"","2.5050","6.2555","0.5822","3.5118"
"","2.5200","6.3585","0.5924","3.5697"
"","2.5370","6.4601","0.6034","3.6267"
"","2.5540","6.5622","0.6148","3.6841"
"","2.5690","6.6669","0.6253","3.7428"
"","2.5850","6.7718","0.6363","3.8017"
"","2.6030","6.8731","0.6478","3.8586"
"","2.6190","6.9736","0.6577","3.9150"
"","2.6360","7.0776","0.6688","3.9734"
"","2.6520","7.1815","0.6798","4.0317"
"","2.6670","7.2887","0.6903","4.0919"
"","2.6830","7.3915","0.7011","4.1496"
"","2.7010","7.4959","0.7127","4.2082"
"","2.7180","7.5983","0.7239","4.2657"
"","2.7330","7.7004","0.7340","4.3230"
"","2.7490","7.8040","0.7449","4.3812"
"","2.7650","7.9061","0.7554","4.4385"
"","2.7830","8.0101","0.7671","4.4969"
"","2.7990","8.1134","0.7780","4.5549"
"","2.8130","8.2152","0.7882","4.6120"
"","2.8270","8.3158","0.7983","4.6685"
"","2.8420","8.4211","0.8084","4.7276"
"","2.8600","8.5246","0.8201","4.7857"
"","2.8750","8.6279","0.8299","4.8437"
"","2.8900","8.7329","0.8398","4.9027"
"","2.9080","8.8364","0.8513","4.9608"
"","2.9260","8.9382","0.8623","5.0179"
"","2.9420","9.0424","0.8726","5.0764"
"","2.9590","9.1488","0.8841","5.1362"
"","2.9740","9.2512","0.8946","5.1937"
"","2.9880","9.3523","0.9044","5.2504"
"","3.0030","9.4533","0.9144","5.3071"
"","3.0210","9.5584","0.9262","5.3661"
"","3.0360","9.6657","0.9363","5.4263"
"","3.0520","9.7719","0.9474","5.4860"
"","3.0690","9.8739","0.9587","5.5432"
"","3.0860","9.9751","0.9695","5.6000"
"","3.1020","10.0819","0.9799","5.6600"
"","3.1170","10.1865","0.9902","5.7188"
"","3.1320","10.2874","1.0008","5.7754"
"","3.1470","10.3908","1.0109","5.8334"
"","3.1630","10.4966","1.0211","5.8928"
"","3.1800","10.5982","1.0320","5.9498"
"","3.1960","10.7021","1.0425","6.0082"
"","3.2110","10.8024","1.0525","6.0645"
"","3.2290","10.9044","1.0643","6.1218"
"","3.2440","11.0057","1.0743","6.1787"
"","3.2570","11.1064","1.0834","6.2352"
"","3.2710","11.2097","1.0936","6.2932"
"","3.2860","11.3114","1.1045","6.3502"
"","3.3000","11.4126","1.1143","6.4071"
"","3.3150","11.5165","1.1242","6.4654"
"","3.3340","11.6216","1.1363","6.5244"
"","3.3510","11.7280","1.1473","6.5841"
"","3.3660","11.8282","1.1570","6.6404"
"","3.3850","11.9329","1.1686","6.6992"
"","3.4040","12.0360","1.1801","6.7571"
"","3.4190","12.1379","1.1900","6.8143"
"","3.4330","12.2454","1.2000","6.8746"
"","3.4470","12.3457","1.2101","6.9309"
"","3.4630","12.4477","1.2212","6.9882"
"","3.4780","12.5527","1.2310","7.0472"
"","3.4940","12.6548","1.2416","7.1045"
"","3.5110","12.7599","1.2532","7.1634"
"","3.5250","12.8606","1.2627","7.2200"
"","3.5400","12.9645","1.2724","7.2783"
"","3.5600","13.0661","1.2849","7.3354"
"","3.5740","13.1676","1.2942","7.3923"
"","3.5880","13.2727","1.3038","7.4513"
"","3.6040","13.3769","1.3149","7.5099"
"","3.6200","13.4834","1.3255","7.5696"
"","3.6360","13.5861","1.3356","7.6273"
"","3.6550","13.6874","1.3477","7.6841"
"","3.6710","13.7928","1.3585","7.7433"
"","3.6850","13.8945","1.3682","7.8004"
"","3.7000","13.9994","1.3784","7.8593"
"","3.7160","14.1044","1.3892","7.9183"
"","3.7300","14.2106","1.3990","7.9779"
"","3.7420","14.3107","1.4077","8.0341"
"","3.7550","14.4145","1.4172","8.0923"
"","3.7730","14.5180","1.4295","8.1505"
"","3.7910","14.6188","1.4407","8.2071"
"","3.8070","14.7209","1.4507","8.2644"
"","3.8240","14.8219","1.4618","8.3211"
"","3.8380","14.9221","1.4709","8.3773"
"","3.8530","15.0236","1.4804","8.4343"
"","3.8720","15.1238","1.4922","8.4906"
"","3.8860","15.2242","1.5017","8.5469"
"","3.8990","15.3316","1.5109","8.6072"
"","3.9130","15.4321","1.5210","8.6636"
"","3.9280","15.5358","1.5314","8.7219"
"","3.9440","15.6414","1.5416","8.7812"
"","3.9620","15.7475","1.5532","8.8407"
"","3.9770","15.8524","1.5633","8.8996"
"","3.9920","15.9591","1.5737","8.9595"
"","4.0080","16.0642","1.5845","9.0185"
"","4.0240","16.1676","1.5949","9.0765"
"","4.0410","16.2700","1.6062","9.1340"
"","4.0560","16.3701","1.6164","9.1902"
"","4.0690","16.4748","1.6252","9.2490"
"","4.0850","16.5749","1.6357","9.3052"
"","4.1030","16.6773","1.6469","9.3627"
"","4.1180","16.7840","1.6565","9.4226"
"","4.1340","16.8862","1.6673","9.4800"
"","4.1500","16.9928","1.6784","9.5398"
"","4.1640","17.0974","1.6880","9.5985"
"","4.1780","17.1982","1.6974","9.6551"
"","4.1930","17.3041","1.7077","9.7146"
"","4.2070","17.4068","1.7176","9.7722"
"","4.2220","17.5136","1.7283","9.8322"
"","4.2380","17.6203","1.7393","9.8921"
"","4.2540","17.7243","1.7495","9.9505"
"","4.2710","17.8267","1.7601","10.0080"
"","4.2870","17.9275","1.7704","10.0645"
"","4.3020","18.0315","1.7803","10.1229"
"","4.3180","18.1351","1.7908","10.1811"
"","4.3350","18.2389","1.8017","10.2394"
"","4.3510","18.3449","1.8124","10.2989"
"","4.3660","18.4483","1.8229","10.3569"
"","4.3790","18.5492","1.8320","10.4136"
"","4.3940","18.6532","1.8420","10.4720"
"","4.4120","18.7535","1.8531","10.5283"
"","4.4280","18.8601","1.8633","10.5881"
"","4.4420","18.9662","1.8729","10.6477"
"","4.4580","19.0702","1.8843","10.7061"
"","4.4740","19.1772","1.8953","10.7661"
"","4.4880","19.2806","1.9044","10.8242"
"","4.5040","19.3830","1.9150","10.8817"
"","4.5200","19.4902","1.9258","10.9419"
"","4.5330","19.5918","1.9346","10.9989"
"","4.5480","19.6966","1.9447","11.0578"
"","4.5650","19.7981","1.9555","11.1147"
"","4.5820","19.8988","1.9662","11.1712"
"","4.5960","19.9988","1.9755","11.2274"
"","4.6090","20.1045","1.9847","11.2867"
"","4.6230","20.2076","1.9946","11.3446"
"","4.6390","20.3107","2.0053","11.4025"
"","4.6540","20.4141","2.0151","11.4605"
"","4.6680","20.5159","2.0243","11.5177"
"","4.6840","20.6167","2.0353","11.5743"
"","4.6990","20.7241","2.0456","11.6346"
"","4.7140","20.8254","2.0554","11.6915"
"","4.7310","20.9256","2.0662","11.7477"
"","4.7460","21.0267","2.0762","11.8044"
"","4.7600","21.1338","2.0859","11.8646"
"","4.7740","21.2341","2.0955","11.9209"
"","4.7900","21.3389","2.1061","11.9798"
"","4.8060","21.4447","2.1163","12.0391"
"","4.8240","21.5499","2.1281","12.0982"
"","4.8370","21.6518","2.1369","12.1554"
"","4.8500","21.7518","2.1458","12.2116"
"","4.8660","21.8519","2.1564","12.2677"
"","4.8810","21.9576","2.1660","12.3271"
"","4.8960","22.0627","2.1758","12.3861"
"","4.9120","22.1663","2.1866","12.4442"
"","4.9250","22.2671","2.1957","12.5008"
"","4.9380","22.3695","2.2048","12.5583"
"","4.9540","22.4727","2.2153","12.6162"
"","4.9700","22.5755","2.2256","12.6740"
"","4.9840","22.6796","2.2349","12.7324"
"","4.9990","22.7838","2.2451","12.7909"
"","5.0160","22.8902","2.2566","12.8506"
"","5.0310","22.9950","2.2662","12.9095"
"","5.0480","23.0982","2.2769","12.9674"
"","5.0630","23.1996","2.2868","13.0243"
"","5.0760","23.3003","2.2957","13.0809"
"","5.0900","23.4044","2.3053","13.1393"
"","5.1060","23.5079","2.3160","13.1974"
"","5.1210","23.6117","2.3260","13.2557"
"","5.1350","23.7180","2.3357","13.3153"
"","5.1480","23.8215","2.3448","13.3735"
"","5.1620","23.9229","2.3547","13.4304"
"","5.1780","24.0259","2.3654","13.4882"
"","5.1940","24.1321","2.3753","13.5478"
"","5.2110","24.2333","2.3860","13.6047"
"","5.2250","24.3346","2.3953","13.6615"
"","5.2380","24.4346","2.4044","13.7177"
"","5.2540","24.5389","2.4155","13.7762"
"","5.2690","24.6413","2.4253","13.8337"
"","5.2840","24.7470","2.4348","13.8931"
"","5.3000","24.8517","2.4454","13.9518"
"","5.3140","24.9558","2.4548","14.0103"
"","5.3280","25.0618","2.4642","14.0698"
"","5.3440","25.1632","2.4746","14.1267"
"","5.3610","25.2663","2.4856","14.1846"
"","5.3740","25.3708","2.4946","14.2433"
"","5.3870","25.4743","2.5039","14.3014"
"","5.4030","25.5800","2.5151","14.3607"
"","5.4180","25.6864","2.5248","14.4204"
"","5.4340","25.7893","2.5347","14.4782"
"","5.4520","25.8911","2.5461","14.5354"
"","5.4660","25.9933","2.5555","14.5927"
"","5.4800","26.0959","2.5649","14.6504"
"","5.4960","26.2007","2.5754","14.7092"
"","5.5120","26.3075","2.5858","14.7691"
"","5.5260","26.4141","2.5954","14.8290"
"","5.5390","26.5203","2.6046","14.8886"
"","5.5540","26.6264","2.6152","14.9482"
"","5.5690","26.7270","2.6253","15.0046"
"","5.5840","26.8282","2.6349","15.0615"
"","5.5990","26.9317","2.6447","15.1196"
"","5.6130","27.0366","2.6544","15.1784"
"","5.6270","27.1379","2.6643","15.2353"
"","5.6420","27.2445","2.6746","15.2951"
"","5.6560","27.3457","2.6837","15.3520"
"","5.6710","27.4460","2.6933","15.4083"
"","5.6880","27.5470","2.7047","15.4650"
"","5.7030","27.6536","2.7148","15.5248"
"","5.7160","27.7559","2.7235","15.5822"
"","5.7320","27.8596","2.7336","15.6405"
"","5.7500","27.9628","2.7449","15.6984"
"","5.7640","28.0629","2.7542","15.7546"
"","5.7770","28.1642","2.7632","15.8115"
"","5.7910","28.2649","2.7729","15.8680"
"","5.8070","28.3700","2.7837","15.9270"
"","5.8220","28.4727","2.7933","15.9847"
"","5.8360","28.5744","2.8024","16.0418"
"","5.8500","28.6787","2.8122","16.1003"
"","5.8640","28.7836","2.8225","16.1592"
"","5.8770","28.8886","2.8318","16.2181"
"","5.8900","28.9892","2.8404","16.2746"
"","5.9080","29.0896","2.8514","16.3310"
"","5.9260","29.1960","2.8624","16.3907"
"","5.9410","29.3015","2.8721","16.4500"
"","5.9550","29.4068","2.8814","16.5091"
"","5.9700","29.5069","2.8913","16.5653"
"","5.9860","29.6118","2.9019","16.6242"
"","6.0000","29.7182","2.9116","16.6839"
"","6.0130","29.8213","2.9207","16.7418"
"","6.0280","29.9263","2.9310","16.8007"
"","6.0440","30.0302","2.9413","16.8591"
"","6.0590","30.1351","2.9509","16.9179"
"","6.0730","30.2416","2.9604","16.9777"
"","6.0870","30.3452","2.9704","17.0359"
"","6.1000","30.4452","2.9799","17.0921"
"","6.1130","30.5485","2.9890","17.1500"
"","6.1270","30.6525","2.9982","17.2084"
"","6.1440","30.7564","3.0091","17.2667"
"","6.1590","30.8621","3.0189","17.3261"
"","6.1720","30.9622","3.0274","17.3823"
"","6.1870","31.0625","3.0372","17.4386"
"","6.2050","31.1651","3.0484","17.4962"
"","6.2200","31.2684","3.0578","17.5542"
"","6.2340","31.3726","3.0672","17.6127"
"","6.2490","31.4782","3.0778","17.6720"
"","6.2620","31.5816","3.0871","17.7300"
"","6.2750","31.6877","3.0960","17.7896"
"","6.2900","31.7931","3.1060","17.8487"
"","6.3040","31.8943","3.1153","17.9056"
"","6.3170","31.9951","3.1242","17.9622"
"","6.3310","32.0970","3.1337","18.0194"
"","6.3470","32.1982","3.1441","18.0762"
"","6.3640","32.2993","3.1547","18.1329"
"","6.3790","32.4047","3.1643","18.1921"
"","6.3920","32.5049","3.1730","18.2484"
"","6.4050","32.6058","3.1820","18.3050"
"","6.4190","32.7073","3.1919","18.3620"
"","6.4340","32.8099","3.2019","18.4196"
"","6.4490","32.9142","3.2114","18.4781"
"","6.4640","33.0151","3.2210","18.5348"
"","6.4790","33.1181","3.2311","18.5926"
"","6.4920","33.2205","3.2401","18.6501"
"","6.5050","33.3231","3.2490","18.7077"
"","6.5200","33.4234","3.2587","18.7640"
"","6.5360","33.5248","3.2693","18.8210"
"","6.5480","33.6287","3.2777","18.8793"
"","6.5600","33.7363","3.2863","18.9397"
"","6.5750","33.8382","3.2970","18.9969"
"","6.5900","33.9386","3.3070","19.0533"
"","6.6040","34.0439","3.3160","19.1123"
"","6.6180","34.1448","3.3252","19.1690"
"","6.6340","34.2497","3.3361","19.2279"
"","6.6480","34.3558","3.3455","19.2875"
"","6.6620","34.4583","3.3543","19.3450"
"","6.6820","34.5611","3.3662","19.4027"
"","6.6970","34.6628","3.3758","19.4598"
"","6.7100","34.7667","3.3847","19.5182"
"","6.7230","34.8686","3.3940","19.5753"
"","6.7360","34.9688","3.4032","19.6316"
"","6.7500","35.0750","3.4126","19.6912"
"","6.7640","35.1750","3.4218","19.7474"
"","6.7790","35.2767","3.4318","19.8045"
"","6.7930","35.3774","3.4414","19.8610"
"","6.8060","35.4804","3.4502","19.9188"
"","6.8220","35.5840","3.4605","19.9770"
"","6.8390","35.6874","3.4710","20.0350"
"","6.8530","35.7902","3.4802","20.0927"
"","6.8660","35.8966","3.4892","20.1525"
"","6.8790","36.0019","3.4985","20.2116"
"","6.8940","36.1074","3.5089","20.2708"
"","6.9080","36.2077","3.5179","20.3271"
"","6.9230","36.3140","3.5275","20.3868"
"","6.9390","36.4187","3.5379","20.4456"
"","6.9540","36.5192","3.5478","20.5020"
"","6.9670","36.6222","3.5564","20.5598"
"","6.9800","36.7246","3.5649","20.6173"
"","6.9950","36.8285","3.5749","20.6756"
"","7.0090","36.9289","3.5848","20.7320"
"","7.0210","37.0302","3.5937","20.7889"
"","7.0320","37.1325","3.6018","20.8463"
"","7.0440","37.2339","3.6104","20.9032"
"","7.0630","37.3373","3.6226","20.9613"
"","7.0790","37.4404","3.6323","21.0192"
"","7.0930","37.5431","3.6411","21.0768"
"","7.1080","37.6449","3.6512","21.1340"
"","7.1220","37.7495","3.6609","21.1927"
"","7.1340","37.8503","3.6690","21.2493"
"","7.1480","37.9526","3.6780","21.3067"
"","7.1660","38.0546","3.6895","21.3640"
"","7.1800","38.1550","3.6987","21.4203"
"","7.1920","38.2598","3.7068","21.4792"
"","7.2060","38.3658","3.7162","21.5387"
"","7.2230","38.4677","3.7273","21.5959"
"","7.2370","38.5708","3.7364","21.6538"
"","7.2500","38.6748","3.7453","21.7121"
"","7.2640","38.7778","3.7550","21.7700"
"","7.2790","38.8846","3.7652","21.8300"
"","7.2930","38.9854","3.7742","21.8865"
"","7.3070","39.0865","3.7830","21.9433"
"","7.3220","39.1902","3.7928","22.0015"
"","7.3360","39.2913","3.8025","22.0583"
"","7.3490","39.3981","3.8116","22.1182"
"","7.3630","39.5043","3.8210","22.1778"
"","7.3800","39.6054","3.8318","22.2346"
"","7.3950","39.7062","3.8412","22.2912"
"","7.4080","39.8079","3.8497","22.3483"
"","7.4210","39.9117","3.8585","22.4066"
"","7.4340","40.0134","3.8674","22.4637"
"","7.4480","40.1152","3.8769","22.5208"
"","7.4620","40.2173","3.8863","22.5781"
"","7.4760","40.3248","3.8960","22.6385"
"","7.4900","40.4318","3.9061","22.6986"
"","7.5030","40.5360","3.9156","22.7571"
"","7.5160","40.6402","3.9247","22.8155"
"","7.5290","40.7408","3.9332","22.8720"
"","7.5450","40.8468","3.9432","22.9316"
"","7.5610","40.9490","3.9535","22.9889"
"","7.5750","41.0513","3.9626","23.0464"
"","7.5890","41.1522","3.9715","23.1030"
"","7.6060","41.2554","3.9821","23.1610"
"","7.6210","41.3584","3.9916","23.2187"
"","7.6330","41.4604","3.9998","23.2760"
"","7.6450","41.5627","4.0085","23.3334"
"","7.6590","41.6698","4.0187","23.3936"
"","7.6720","41.7729","4.0278","23.4515"
"","7.6870","41.8732","4.0373","23.5077"
"","7.7030","41.9771","4.0472","23.5661"
"","7.7180","42.0835","4.0568","23.6258"
"","7.7310","42.1884","4.0658","23.6847"
"","7.7440","42.2943","4.0750","23.7442"
"","7.7580","42.3987","4.0846","23.8028"
"","7.7720","42.4996","4.0937","23.8594"
"","7.7870","42.6066","4.1035","23.9195"
"","7.8010","42.7106","4.1129","23.9779"
"","7.8150","42.8134","4.1226","24.0356"
"","7.8290","42.9206","4.1319","24.0958"
"","7.8440","43.0244","4.1414","24.1541"
"","7.8600","43.1244","4.1513","24.2102"
"","7.8740","43.2300","4.1606","24.2694"
"","7.8870","43.3355","4.1696","24.3287"
"","7.9000","43.4423","4.1788","24.3887"
"","7.9130","43.5432","4.1877","24.4453"
"","7.9270","43.6488","4.1971","24.5046"
"","7.9410","43.7539","4.2066","24.5636"
"","7.9540","43.8552","4.2156","24.6205"
"","7.9670","43.9614","4.2248","24.6801"
"","7.9800","44.0634","4.2337","24.7374"
"","7.9960","44.1658","4.2439","24.7948"
"","8.0120","44.2721","4.2539","24.8545"
"","8.0260","44.3772","4.2630","24.9135"
"","8.0400","44.4846","4.2725","24.9738"
"","8.0530","44.5877","4.2814","25.0317"
"","8.0660","44.6881","4.2900","25.0881"
"","8.0810","44.7897","4.2995","25.1451"
"","8.0950","44.8969","4.3086","25.2053"
"","8.1080","45.0016","4.3174","25.2641"
"","8.1210","45.1069","4.3264","25.3232"
"","8.1350","45.2105","4.3361","25.3813"
"","8.1500","45.3140","4.3459","25.4394"
"","8.1660","45.4183","4.3558","25.4980"
"","8.1810","45.5201","4.3654","25.5551"
"","8.1950","45.6280","4.3748","25.6157"
"","8.2070","45.7309","4.3832","25.6735"
"","8.2200","45.8359","4.3923","25.7324"
"","8.2340","45.9408","4.4018","25.7913"
"","8.2470","46.0459","4.4105","25.8503"
"","8.2590","46.1509","4.4187","25.9093"
"","8.2730","46.2563","4.4284","25.9685"
"","8.2880","46.3630","4.4386","26.0284"
"","8.3020","46.4672","4.4478","26.0868"
"","8.3160","46.5691","4.4564","26.1441"
"","8.3340","46.6745","4.4674","26.2032"
"","8.3490","46.7817","4.4773","26.2634"
"","8.3600","46.8828","4.4850","26.3202"
"","8.3710","46.9846","4.4930","26.3773"
"","8.3830","47.0856","4.5015","26.4340"
"","8.3970","47.1895","4.5109","26.4924"
"","8.4110","47.2951","4.5203","26.5516"
"","8.4240","47.3959","4.5290","26.6082"
"","8.4380","47.4989","4.5386","26.6661"
"","8.4530","47.6056","4.5486","26.7260"
"","8.4670","47.7068","4.5575","26.7828"
"","8.4820","47.8073","4.5670","26.8392"
"","8.4960","47.9103","4.5762","26.8970"
"","8.5090","48.0173","4.5851","26.9571"
"","8.5220","48.1236","4.5942","27.0168"
"","8.5350","48.2257","4.6029","27.0741"
"","8.5490","48.3275","4.6119","27.1312"
"","8.5650","48.4308","4.6222","27.1892"
"","8.5790","48.5390","4.6316","27.2500"
"","8.5920","48.6451","4.6406","27.3095"
"","8.6060","48.7498","4.6500","27.3683"
"","8.6210","48.8552","4.6596","27.4275"
"","8.6360","48.9582","4.6691","27.4853"
"","8.6490","49.0596","4.6777","27.5423"
"","8.6620","49.1610","4.6867","27.5992"
"","8.6750","49.2687","4.6961","27.6596"
"","8.6870","49.3702","4.7045","27.7166"
"","8.7010","49.4761","4.7138","27.7760"
"","8.7170","49.5811","4.7239","27.8350"
"","8.7320","49.6815","4.7336","27.8914"
"","8.7460","49.7885","4.7430","27.9514"
"","8.7590","49.8923","4.7519","28.0097"
"","8.7730","49.9985","4.7610","28.0693"
"","8.7880","50.1038","4.7704","28.1284"
"","8.8020","50.2073","4.7793","28.1865"
"","8.8150","50.3111","4.7881","28.2448"
"","8.8290","50.4168","4.7979","28.3042"
"","8.8430","50.5246","4.8075","28.3647"
"","8.8560","50.6274","4.8162","28.4224"
"","8.8710","50.7335","4.8260","28.4820"
"","8.8850","50.8415","4.8356","28.5426"
"","8.8970","50.9447","4.8440","28.6005"
"","8.9090","51.0488","4.8525","28.6590"
"","8.9230","51.1519","4.8621","28.7169"
"","8.9380","51.2581","4.8718","28.7765"
"","8.9520","51.3632","4.8806","28.8355"
"","8.9680","51.4683","4.8909","28.8945"
"","8.9820","51.5731","4.9002","28.9533"
"","8.9940","51.6735","4.9085","29.0097"
"","9.0080","51.7779","4.9178","29.0683"
"","9.0220","51.8822","4.9267","29.1268"
"","9.0360","51.9875","4.9358","29.1860"
"","9.0490","52.0892","4.9445","29.2431"
"","9.0630","52.1915","4.9542","29.3005"
"","9.0760","52.2937","4.9631","29.3579"
"","9.0880","52.3951","4.9710","29.4148"
"","9.1030","52.4952","4.9805","29.4710"
"","9.1180","52.5970","4.9904","29.5282"
"","9.1300","52.7031","4.9988","29.5877"
"","9.1420","52.8092","5.0074","29.6473"
"","9.1550","52.9094","5.0166","29.7035"
"","9.1700","53.0163","5.0264","29.7635"
"","9.1850","53.1184","5.0356","29.8208"
"","9.2000","53.2211","5.0451","29.8785"
"","9.2130","53.3254","5.0536","29.9371"
"","9.2250","53.4281","5.0616","29.9947"
"","9.2400","53.5295","5.0716","30.0517"
"","9.2560","53.6340","5.0818","30.1103"
"","9.2680","53.7355","5.0896","30.1673"
"","9.2800","53.8386","5.0979","30.2252"
"","9.2920","53.9412","5.1065","30.2828"
"","9.3040","54.0421","5.1151","30.3394"
"","9.3170","54.1466","5.1239","30.3981"
"","9.3320","54.2481","5.1335","30.4550"
"","9.3470","54.3506","5.1433","30.5126"
"","9.3590","54.4569","5.1515","30.5723"
"","9.3700","54.5586","5.1592","30.6294"
"","9.3830","54.6629","5.1683","30.6880"
"","9.3970","54.7647","5.1778","30.7451"
"","9.4110","54.8704","5.1869","30.8044"
"","9.4250","54.9726","5.1959","30.8618"
"","9.4390","55.0797","5.2053","30.9219"
"","9.4530","55.1851","5.2147","30.9811"
"","9.4660","55.2879","5.2233","31.0388"
"","9.4800","55.3926","5.2322","31.0976"
"","9.4940","55.4930","5.2409","31.1540"
"","9.5080","55.5966","5.2500","31.2121"
"","9.5210","55.7016","5.2589","31.2711"
"","9.5330","55.8049","5.2672","31.3291"
"","9.5460","55.9128","5.2762","31.3896"
"","9.5600","56.0189","5.2856","31.4492"
"","9.5740","56.1233","5.2947","31.5078"
"","9.5870","56.2253","5.3035","31.5651"
"","9.5990","56.3273","5.3119","31.6223"
"","9.6110","56.4326","5.3205","31.6815"
"","9.6230","56.5385","5.3290","31.7409"
"","9.6370","56.6452","5.3382","31.8008"
"","9.6530","56.7453","5.3480","31.8570"
"","9.6690","56.8467","5.3577","31.9139"
"","9.6820","56.9502","5.3659","31.9720"
"","9.6950","57.0544","5.3746","32.0306"
"","9.7090","57.1593","5.3839","32.0894"
"","9.7230","57.2600","5.3930","32.1460"
"","9.7370","57.3673","5.4023","32.2062"
"","9.7490","57.4689","5.4105","32.2633"
"","9.7610","57.5738","5.4190","32.3221"
"","9.7730","57.6779","5.4276","32.3806"
"","9.7860","57.7827","5.4364","32.4394"
"","9.8000","57.8904","5.4454","32.4999"
"","9.8130","57.9980","5.4539","32.5603"
"","9.8260","58.0989","5.4629","32.6169"
"","9.8390","58.2034","5.4722","32.6756"
"","9.8500","58.3057","5.4800","32.7330"
"","9.8620","58.4115","5.4882","32.7924"
"","9.8770","58.5124","5.4979","32.8490"
"","9.8930","58.6182","5.5082","32.9084"
"","9.9060","58.7195","5.5167","32.9653"
"","9.9180","58.8203","5.5248","33.0219"
"","9.9310","58.9256","5.5334","33.0811"
"","9.9450","59.0292","5.5422","33.1392"
"","9.9590","59.1301","5.5509","33.1959"
"","9.9730","59.2344","5.5599","33.2544"
"","9.9860","59.3403","5.5687","33.3139"
"","9.9980","59.4447","5.5771","33.3725"
"","10.0110","59.5521","5.5863","33.4328"
"","10.0240","59.6572","5.5951","33.4918"
"","10.0380","59.7622","5.6042","33.5507"
"","10.0530","59.8680","5.6141","33.6101"
"","10.0660","59.9760","5.6230","33.6707"
"","10.0780","60.0809","5.6314","33.7296"
"","10.0910","60.1830","5.6403","33.7869"
"","10.1070","60.2887","5.6504","33.8463"
"","10.1220","60.3949","5.6597","33.9059"
"","10.1350","60.4963","5.6680","33.9629"
"","10.1480","60.5997","5.6768","34.0209"
"","10.1590","60.7014","5.6845","34.0780"
"","10.1700","60.8101","5.6922","34.1390"
"","10.1820","60.9118","5.7004","34.1961"
"","10.1960","61.0119","5.7097","34.2523"
"","10.2110","61.1171","5.7194","34.3114"
"","10.2240","61.2200","5.7279","34.3691"
"","10.2360","61.3241","5.7360","34.4275"
"","10.2490","61.4285","5.7449","34.4862"
"","10.2640","61.5333","5.7548","34.5450"
"","10.2780","61.6397","5.7641","34.6047"
"","10.2900","61.7409","5.7723","34.6615"
"","10.3020","61.8474","5.7807","34.7214"
"","10.3140","61.9538","5.7894","34.7811"
"","10.3270","62.0575","5.7984","34.8393"
"","10.3410","62.1588","5.8075","34.8961"
"","10.3550","62.2655","5.8162","34.9561"
"","10.3690","62.3709","5.8251","35.0153"
"","10.3830","62.4764","5.8344","35.0745"
"","10.3960","62.5845","5.8432","35.1352"
"","10.4090","62.6887","5.8518","35.1936"
"","10.4230","62.7917","5.8606","35.2515"
"","10.4380","62.8966","5.8702","35.3104"
"","10.4520","62.9998","5.8795","35.3683"
"","10.4640","63.1023","5.8877","35.4259"
"","10.4770","63.2093","5.8967","35.4859"
"","10.4910","63.3136","5.9061","35.5445"
"","10.5040","63.4144","5.9146","35.6010"
"","10.5170","63.5201","5.9231","35.6604"
"","10.5300","63.6270","5.9319","35.7204"
"","10.5420","63.7325","5.9403","35.7796"
"","10.5540","63.8377","5.9486","35.8387"
"","10.5680","63.9422","5.9578","35.8974"
"","10.5830","64.0449","5.9670","35.9550"
"","10.5980","64.1508","5.9764","36.0145"
"","10.6110","64.2570","5.9850","36.0741"
"","10.6230","64.3606","5.9935","36.1323"
"","10.6350","64.4626","6.0021","36.1895"
"","10.6480","64.5706","6.0111","36.2501"
"","10.6610","64.6751","6.0196","36.3088"
"","10.6750","64.7802","6.0287","36.3678"
"","10.6890","64.8870","6.0379","36.4278"
"","10.7020","64.9936","6.0467","36.4876"
"","10.7140","65.0952","6.0547","36.5447"
"","10.7270","65.1977","6.0633","36.6022"
"","10.7410","65.3041","6.0725","36.6620"
"","10.7530","65.4051","6.0806","36.7186"
"","10.7650","65.5085","6.0891","36.7767"
"","10.7770","65.6134","6.0978","36.8356"
"","10.7890","65.7224","6.1065","36.8968"
"","10.8000","65.8232","6.1142","36.9534"
"","10.8130","65.9286","6.1228","37.0126"
"","10.8290","66.0329","6.1330","37.0711"
"","10.8440","66.1343","6.1425","37.1281"
"","10.8570","66.2380","6.1509","37.1862"
"","10.8700","66.3403","6.1594","37.2437"
"","10.8840","66.4425","6.1685","37.3010"
"","10.8980","66.5466","6.1775","37.3595"
"","10.9120","66.6492","6.1865","37.4171"
"","10.9250","66.7496","6.1950","37.4735"
"","10.9370","66.8500","6.2031","37.5298"
"","10.9500","66.9556","6.2118","37.5891"
"","10.9640","67.0595","6.2209","37.6475"
"","10.9780","67.1622","6.2299","37.7051"
"","10.9910","67.2692","6.2384","37.7652"
"","11.0030","67.3754","6.2467","37.8248"
"","11.0150","67.4832","6.2553","37.8853"
"","11.0270","67.5857","6.2638","37.9429"
"","11.0410","67.6874","6.2732","38.0000"
"","11.0540","67.7887","6.2816","38.0568"
"","11.0670","67.8902","6.2900","38.1138"
"","11.0810","67.9921","6.2995","38.1710"
"","11.0850","68.0223","6.3023","38.1880"
3,Time,Force,Flexure displacement,Flexure stress
,(s),(N),(mm),(MPa)
"","0.0000","-0.1270","0.0018","-0.0713"
"","0.0200","-0.1289","0.0018","-0.0724"
"","0.0400","-0.1047","0.0027","-0.0588"
"","0.0600","-0.0572","0.0078","-0.0321"
"","0.0800","0.0359","0.0194","0.0201"
"","0.0960","0.1391","0.0308","0.0781"
"","0.1160","0.2331","0.0455","0.1309"
"","0.1360","0.3375","0.0597","0.1895"
"","0.1560","0.4222","0.0727","0.2371"
"","0.1760","0.4842","0.0846","0.2718"
"","0.1960","0.5749","0.0974","0.3228"
"","0.2140","0.6768","0.1098","0.3799"
"","0.2340","0.7775","0.1233","0.4365"
"","0.2540","0.8590","0.1358","0.4822"
"","0.2740","0.9603","0.1488","0.5391"
"","0.2920","1.0618","0.1613","0.5961"
"","0.3120","1.1629","0.1751","0.6529"
"","0.3320","1.2675","0.1880","0.7116"
"","0.3520","1.3717","0.2007","0.7701"
"","0.3720","1.4708","0.2140","0.8257"
"","0.3890","1.5743","0.2253","0.8838"
"","0.4090","1.6706","0.2382","0.9379"
"","0.4290","1.7755","0.2513","0.9968"
"","0.4460","1.8795","0.2629","1.0551"
"","0.4650","1.9829","0.2759","1.1132"
"","0.4820","2.0830","0.2871","1.1694"
"","0.4980","2.1850","0.2976","1.2267"
"","0.5180","2.2901","0.3112","1.2857"
"","0.5340","2.3918","0.3222","1.3427"
"","0.5510","2.4953","0.3333","1.4009"
"","0.5710","2.5787","0.3457","1.4477"
"","0.5880","2.6808","0.3567","1.5050"
"","0.6050","2.7834","0.3681","1.5626"
"","0.6240","2.8881","0.3809","1.6214"
"","0.6420","2.9903","0.3927","1.6787"
"","0.6590","3.0920","0.4039","1.7358"
"","0.6750","3.1931","0.4151","1.7926"
"","0.6920","3.2978","0.4271","1.8514"
"","0.7100","3.4020","0.4391","1.9099"
"","0.7270","3.5081","0.4501","1.9695"
"","0.7450","3.6132","0.4621","2.0285"
"","0.7610","3.7154","0.4732","2.0859"
"","0.7780","3.8193","0.4851","2.1442"
"","0.7960","3.9233","0.4972","2.2026"
"","0.8140","4.0248","0.5090","2.2596"
"","0.8310","4.1276","0.5201","2.3173"
"","0.8480","4.2332","0.5315","2.3765"
"","0.8650","4.3386","0.5426","2.4357"
"","0.8840","4.4401","0.5544","2.4927"
"","0.9010","4.5458","0.5655","2.5521"
"","0.9170","4.6478","0.5765","2.6093"
"","0.9320","4.7520","0.5869","2.6678"
"","0.9480","4.8582","0.5976","2.7274"
"","0.9650","4.9600","0.6088","2.7845"
"","0.9810","5.0615","0.6197","2.8415"
"","0.9970","5.1616","0.6309","2.8978"
"","1.0140","5.2625","0.6422","2.9544"
"","1.0330","5.3659","0.6540","3.0124"
"","1.0490","5.4667","0.6642","3.0690"
"","1.0650","5.5727","0.6750","3.1285"
"","1.0790","5.6794","0.6849","3.1884"
"","1.0940","5.7844","0.6953","3.2474"
"","1.1120","5.8871","0.7071","3.3050"
"","1.1300","5.9925","0.7187","3.3642"
"","1.1460","6.0929","0.7294","3.4206"
"","1.1640","6.1951","0.7416","3.4779"
"","1.1800","6.3016","0.7522","3.5377"
"","1.1950","6.4037","0.7618","3.5951"
"","1.2120","6.5053","0.7731","3.6521"
"","1.2270","6.6053","0.7837","3.7083"
"","1.2410","6.7077","0.7940","3.7657"
"","1.2560","6.8127","0.8046","3.8247"
"","1.2730","6.9175","0.8157","3.8835"
"","1.2890","7.0198","0.8261","3.9409"
"","1.3040","7.1244","0.8360","3.9997"
"","1.3200","7.2289","0.8464","4.0583"
"","1.3390","7.3319","0.8582","4.1161"
"","1.3550","7.4392","0.8683","4.1764"
"","1.3700","7.5437","0.8783","4.2351"
"","1.3860","7.6504","0.8895","4.2950"
"","1.4010","7.7562","0.9001","4.3544"
"","1.4160","7.8622","0.9102","4.4139"
"","1.4320","7.9627","0.9206","4.4703"
"","1.4500","8.0646","0.9324","4.5275"
"","1.4640","8.1658","0.9420","4.5843"
"","1.4780","8.2703","0.9516","4.6430"
"","1.4950","8.3707","0.9626","4.6993"
"","1.5130","8.4755","0.9739","4.7582"
"","1.5280","8.5782","0.9838","4.8158"
"","1.5420","8.6846","0.9936","4.8756"
"","1.5570","8.7857","1.0042","4.9323"
"","1.5730","8.8886","1.0148","4.9901"
"","1.5890","8.9916","1.0250","5.0479"
"","1.6070","9.0928","1.0366","5.1047"
"","1.6230","9.1964","1.0471","5.1629"
"","1.6370","9.2980","1.0564","5.2199"
"","1.6530","9.4039","1.0669","5.2794"
"","1.6680","9.5061","1.0771","5.3367"
"","1.6810","9.6073","1.0864","5.3936"
"","1.6950","9.7131","1.0967","5.4530"
"","1.7100","9.8176","1.1075","5.5116"
"","1.7250","9.9178","1.1178","5.5679"
"","1.7400","10.0212","1.1274","5.6259"
"","1.7580","10.1230","1.1388","5.6831"
"","1.7750","10.2248","1.1498","5.7402"
"","1.7900","10.3263","1.1595","5.7972"
"","1.8070","10.4285","1.1699","5.8546"
"","1.8260","10.5306","1.1815","5.9119"
"","1.8410","10.6339","1.1915","5.9699"
"","1.8540","10.7351","1.2007","6.0267"
"","1.8680","10.8373","1.2108","6.0841"
"","1.8830","10.9400","1.2212","6.1418"
"","1.8980","11.0447","1.2310","6.2006"
"","1.9140","11.1470","1.2415","6.2580"
"","1.9290","11.2500","1.2518","6.3158"
"","1.9450","11.3547","1.2627","6.3746"
"","1.9610","11.4567","1.2731","6.4318"
"","1.9780","11.5587","1.2838","6.4891"
"","1.9950","11.6629","1.2950","6.5476"
"","2.0090","11.7635","1.3046","6.6041"
"","2.0230","11.8659","1.3143","6.6615"
"","2.0390","11.9705","1.3250","6.7203"
"","2.0560","12.0737","1.3356","6.7782"
"","2.0730","12.1752","1.3462","6.8352"
"","2.0890","12.2816","1.3569","6.8949"
"","2.1030","12.3826","1.3666","6.9516"
"","2.1170","12.4858","1.3763","7.0096"
"","2.1310","12.5927","1.3857","7.0696"
"","2.1470","12.6981","1.3967","7.1287"
"","2.1610","12.7988","1.4069","7.1853"
"","2.1740","12.9014","1.4165","7.2429"
"","2.1880","13.0047","1.4263","7.3009"
"","2.2050","13.1051","1.4372","7.3572"
"","2.2220","13.2074","1.4477","7.4147"
"","2.2370","13.3084","1.4573","7.4714"
"","2.2530","13.4135","1.4677","7.5304"
"","2.2690","13.5178","1.4779","7.5889"
"","2.2850","13.6201","1.4879","7.6464"
"","2.3020","13.7255","1.4990","7.7055"
"","2.3160","13.8307","1.5089","7.7646"
"","2.3290","13.9352","1.5183","7.8232"
"","2.3420","14.0359","1.5276","7.8798"
"","2.3570","14.1367","1.5375","7.9364"
"","2.3760","14.2425","1.5495","7.9958"
"","2.3910","14.3471","1.5593","8.0545"
"","2.4050","14.4507","1.5688","8.1127"
"","2.4210","14.5559","1.5797","8.1717"
"","2.4370","14.6560","1.5902","8.2280"
"","2.4510","14.7562","1.5993","8.2842"
"","2.4660","14.8564","1.6094","8.3404"
"","2.4810","14.9586","1.6197","8.3978"
"","2.4950","15.0613","1.6292","8.4554"
"","2.5100","15.1642","1.6389","8.5132"
"","2.5270","15.2697","1.6496","8.5725"
"","2.5440","15.3744","1.6607","8.6312"
"","2.5570","15.4760","1.6697","8.6883"
"","2.5710","15.5833","1.6795","8.7485"
"","2.5850","15.6837","1.6890","8.8049"
"","2.6020","15.7882","1.7001","8.8636"
"","2.6170","15.8890","1.7103","8.9201"
"","2.6300","15.9910","1.7194","8.9774"
"","2.6450","16.0973","1.7301","9.0371"
"","2.6590","16.1988","1.7397","9.0941"
"","2.6740","16.3041","1.7494","9.1532"
"","2.6920","16.4065","1.7608","9.2106"
"","2.7080","16.5093","1.7712","9.2684"
"","2.7220","16.6105","1.7805","9.3252"
"","2.7380","16.7139","1.7909","9.3832"
"","2.7560","16.8155","1.8025","9.4403"
"","2.7690","16.9187","1.8111","9.4982"
"","2.7820","17.0222","1.8202","9.5563"
"","2.7970","17.1260","1.8307","9.6146"
"","2.8130","17.2302","1.8414","9.6731"
"","2.8280","17.3305","1.8507","9.7294"
"","2.8460","17.4356","1.8621","9.7884"
"","2.8610","17.5430","1.8723","9.8487"
"","2.8740","17.6479","1.8815","9.9076"
"","2.8890","17.7528","1.8919","9.9665"
"","2.9050","17.8584","1.9025","10.0258"
"","2.9200","17.9588","1.9123","10.0821"
"","2.9350","18.0658","1.9225","10.1422"
"","2.9500","18.1709","1.9328","10.2012"
"","2.9650","18.2763","1.9430","10.2604"
"","2.9800","18.3791","1.9527","10.3181"
"","2.9970","18.4823","1.9632","10.3760"
"","3.0120","18.5863","1.9730","10.4344"
"","3.0260","18.6919","1.9826","10.4937"
"","3.0400","18.7928","1.9925","10.5503"
"","3.0540","18.8936","2.0021","10.6069"
"","3.0690","18.9977","2.0119","10.6653"
"","3.0850","19.1011","2.0224","10.7234"
"","3.1000","19.2045","2.0326","10.7815"
"","3.1140","19.3108","2.0423","10.8411"
"","3.1290","19.4149","2.0524","10.8996"
"","3.1440","19.5166","2.0620","10.9567"
"","3.1590","19.6211","2.0718","11.0154"
"","3.1740","19.7229","2.0819","11.0725"
"","3.1890","19.8299","2.0923","11.1326"
"","3.2030","19.9322","2.1017","11.1900"
"","3.2190","20.0327","2.1119","11.2464"
"","3.2350","20.1355","2.1221","11.3041"
"","3.2480","20.2395","2.1308","11.3625"
"","3.2610","20.3421","2.1397","11.4201"
"","3.2770","20.4470","2.1504","11.4790"
"","3.2930","20.5482","2.1608","11.5358"
"","3.3070","20.6500","2.1699","11.5930"
"","3.3220","20.7511","2.1798","11.6497"
"","3.3380","20.8579","2.1909","11.7097"
"","3.3520","20.9642","2.2008","11.7694"
"","3.3650","21.0697","2.2096","11.8286"
"","3.3800","21.1714","2.2192","11.8857"
"","3.3970","21.2771","2.2303","11.9451"
"","3.4110","21.3815","2.2398","12.0036"
"","3.4240","21.4822","2.2489","12.0602"
"","3.4390","21.5839","2.2589","12.1173"
"","3.4570","21.6906","2.2702","12.1772"
"","3.4710","21.7916","2.2789","12.2339"
"","3.4860","21.8959","2.2889","12.2924"
"","3.5010","21.9966","2.2991","12.3490"
"","3.5150","22.1000","2.3086","12.4070"
"","3.5300","22.2062","2.3186","12.4667"
"","3.5450","22.3096","2.3287","12.5247"
"","3.5580","22.4105","2.3379","12.5813"
"","3.5710","22.5123","2.3472","12.6385"
"","3.5850","22.6165","2.3570","12.6970"
"","3.6000","22.7185","2.3668","12.7542"
"","3.6180","22.8227","2.3779","12.8128"
"","3.6350","22.9297","2.3886","12.8728"
"","3.6480","23.0321","2.3974","12.9303"
"","3.6620","23.1390","2.4073","12.9903"
"","3.6770","23.2452","2.4175","13.0499"
"","3.6910","23.3468","2.4265","13.1070"
"","3.7060","23.4525","2.4362","13.1663"
"","3.7230","23.5579","2.4474","13.2255"
"","3.7380","23.6615","2.4576","13.2837"
"","3.7510","23.7621","2.4663","13.3401"
"","3.7660","23.8675","2.4759","13.3993"
"","3.7820","23.9682","2.4863","13.4558"
"","3.7960","24.0698","2.4960","13.5129"
"","3.8080","24.1721","2.5046","13.5703"
"","3.8210","24.2764","2.5138","13.6288"
"","3.8370","24.3767","2.5243","13.6851"
"","3.8530","24.4780","2.5342","13.7420"
"","3.8670","24.5789","2.5430","13.7987"
"","3.8830","24.6798","2.5535","13.8553"
"","3.8990","24.7872","2.5643","13.9156"
"","3.9130","24.8892","2.5735","13.9729"
"","3.9280","24.9925","2.5833","14.0309"
"","3.9430","25.0988","2.5933","14.0906"
"","3.9560","25.1995","2.6024","14.1471"
"","3.9690","25.3044","2.6117","14.2060"
"","3.9830","25.4068","2.6213","14.2634"
"","3.9990","25.5129","2.6316","14.3231"
"","4.0150","25.6195","2.6420","14.3829"
"","4.0290","25.7266","2.6516","14.4430"
"","4.0430","25.8327","2.6616","14.5025"
"","4.0570","25.9334","2.6715","14.5591"
"","4.0730","26.0371","2.6819","14.6173"
"","4.0880","26.1391","2.6914","14.6746"
"","4.1020","26.2459","2.7006","14.7345"
"","4.1170","26.3504","2.7107","14.7932"
"","4.1310","26.4526","2.7202","14.8506"
"","4.1460","26.5562","2.7298","14.9087"
"","4.1640","26.6577","2.7409","14.9657"
"","4.1800","26.7644","2.7514","15.0256"
"","4.1920","26.8656","2.7596","15.0824"
"","4.2050","26.9684","2.7688","15.1402"
"","4.2200","27.0725","2.7791","15.1986"
"","4.2350","27.1733","2.7888","15.2552"
"","4.2500","27.2795","2.7985","15.3148"
"","4.2640","27.3849","2.8081","15.3740"
"","4.2760","27.4849","2.8167","15.4301"
"","4.2890","27.5912","2.8263","15.4898"
"","4.3030","27.6963","2.8360","15.5488"
"","4.3180","27.7981","2.8454","15.6059"
"","4.3360","27.9003","2.8562","15.6633"
"","4.3520","28.0035","2.8662","15.7213"
"","4.3660","28.1068","2.8754","15.7793"
"","4.3800","28.2124","2.8846","15.8385"
"","4.3970","28.3179","2.8957","15.8977"
"","4.4110","28.4230","2.9051","15.9568"
"","4.4230","28.5264","2.9136","16.0148"
"","4.4370","28.6328","2.9235","16.0746"
"","4.4510","28.7349","2.9330","16.1319"
"","4.4660","28.8372","2.9427","16.1893"
"","4.4820","28.9421","2.9531","16.2482"
"","4.4960","29.0490","2.9628","16.3082"
"","4.5090","29.1544","2.9721","16.3674"
"","4.5220","29.2603","2.9815","16.4268"
"","4.5360","29.3643","2.9911","16.4852"
"","4.5520","29.4700","3.0014","16.5446"
"","4.5670","29.5709","3.0110","16.6012"
"","4.5810","29.6720","3.0201","16.6580"
"","4.5950","29.7727","3.0294","16.7145"
"","4.6110","29.8758","3.0397","16.7724"
"","4.6260","29.9809","3.0490","16.8314"
"","4.6410","30.0833","3.0584","16.8889"
"","4.6560","30.1868","3.0686","16.9470"
"","4.6690","30.2936","3.0778","17.0070"
"","4.6810","30.3949","3.0864","17.0638"
"","4.6940","30.4963","3.0954","17.1207"
"","4.7090","30.6017","3.1055","17.1799"
"","4.7240","30.7068","3.1155","17.2389"
"","4.7380","30.8126","3.1250","17.2983"
"","4.7520","30.9161","3.1344","17.3564"
"","4.7670","31.0194","3.1441","17.4144"
"","4.7830","31.1228","3.1541","17.4725"
"","4.7990","31.2286","3.1643","17.5319"
"","4.8130","31.3349","3.1737","17.5915"
"","4.8260","31.4402","3.1828","17.6507"
"","4.8410","31.5451","3.1933","17.7095"
"","4.8550","31.6471","3.2026","17.7668"
"","4.8690","31.7506","3.2115","17.8249"
"","4.8850","31.8538","3.2219","17.8828"
"","4.8990","31.9548","3.2313","17.9396"
"","4.9110","32.0563","3.2397","17.9965"
"","4.9240","32.1586","3.2486","18.0540"
"","4.9390","32.2619","3.2584","18.1119"
"","4.9530","32.3625","3.2676","18.1684"
"","4.9670","32.4678","3.2771","18.2276"
"","4.9810","32.5750","3.2870","18.2877"
"","4.9950","32.6825","3.2968","18.3481"
"","5.0090","32.7878","3.3062","18.4072"
"","5.0250","32.8928","3.3165","18.4661"
"","5.0400","32.9995","3.3264","18.5260"
"","5.0530","33.1031","3.3352","18.5842"
"","5.0690","33.2089","3.3460","18.6436"
"","5.0850","33.3096","3.3560","18.7001"
"","5.1000","33.4144","3.3649","18.7589"
"","5.1150","33.5163","3.3744","18.8162"
"","5.1290","33.6171","3.3841","18.8727"
"","5.1410","33.7200","3.3928","18.9305"
"","5.1530","33.8265","3.4015","18.9903"
"","5.1660","33.9273","3.4103","19.0469"
"","5.1820","34.0316","3.4208","19.1055"
"","5.1970","34.1373","3.4306","19.1648"
"","5.2100","34.2394","3.4395","19.2221"
"","5.2230","34.3422","3.4483","19.2798"
"","5.2400","34.4445","3.4593","19.3373"
"","5.2550","34.5465","3.4686","19.3945"
"","5.2680","34.6477","3.4769","19.4513"
"","5.2810","34.7517","3.4858","19.5097"
"","5.2950","34.8540","3.4957","19.5672"
"","5.3090","34.9590","3.5055","19.6261"
"","5.3220","35.0648","3.5142","19.6855"
"","5.3370","35.1699","3.5237","19.7445"
"","5.3540","35.2710","3.5347","19.8013"
"","5.3680","35.3789","3.5439","19.8618"
"","5.3810","35.4848","3.5526","19.9213"
"","5.3960","35.5878","3.5624","19.9791"
"","5.4110","35.6893","3.5723","20.0361"
"","5.4250","35.7969","3.5819","20.0965"
"","5.4370","35.9047","3.5906","20.1570"
"","5.4490","36.0120","3.5995","20.2173"
"","5.4630","36.1140","3.6096","20.2745"
"","5.4770","36.2144","3.6190","20.3309"
"","5.4910","36.3163","3.6277","20.3881"
"","5.5070","36.4178","3.6376","20.4451"
"","5.5220","36.5201","3.6473","20.5025"
"","5.5350","36.6263","3.6562","20.5621"
"","5.5460","36.7268","3.6637","20.6186"
"","5.5590","36.8268","3.6722","20.6747"
"","5.5770","36.9320","3.6837","20.7338"
"","5.5920","37.0382","3.6935","20.7934"
"","5.6040","37.1404","3.7015","20.8508"
"","5.6180","37.2409","3.7110","20.9072"
"","5.6360","37.3471","3.7228","20.9668"
"","5.6490","37.4490","3.7311","21.0240"
"","5.6610","37.5569","3.7390","21.0846"
"","5.6740","37.6608","3.7480","21.1429"
"","5.6880","37.7637","3.7578","21.2007"
"","5.7020","37.8691","3.7672","21.2598"
"","5.7170","37.9714","3.7767","21.3173"
"","5.7330","38.0739","3.7868","21.3748"
"","5.7460","38.1756","3.7955","21.4319"
"","5.7580","38.2768","3.8038","21.4887"
"","5.7720","38.3841","3.8136","21.5490"
"","5.7860","38.4909","3.8229","21.6089"
"","5.8010","38.5962","3.8324","21.6680"
"","5.8180","38.7019","3.8432","21.7274"
"","5.8310","38.8048","3.8519","21.7851"
"","5.8430","38.9053","3.8601","21.8416"
"","5.8560","39.0114","3.8690","21.9012"
"","5.8690","39.1129","3.8778","21.9581"
"","5.8840","39.2166","3.8878","22.0163"
"","5.8980","39.3229","3.8976","22.0760"
"","5.9100","39.4318","3.9062","22.1371"
"","5.9220","39.5340","3.9149","22.1945"
"","5.9350","39.6346","3.9240","22.2510"
"","5.9500","39.7399","3.9338","22.3101"
"","5.9650","39.8460","3.9433","22.3697"
"","5.9800","39.9495","3.9529","22.4278"
"","5.9950","40.0513","3.9626","22.4850"
"","6.0100","40.1530","3.9722","22.5420"
"","6.0250","40.2578","3.9816","22.6008"
"","6.0390","40.3579","3.9905","22.6571"
"","6.0520","40.4611","3.9993","22.7150"
"","6.0650","40.5695","4.0086","22.7758"
"","6.0770","40.6731","4.0174","22.8340"
"","6.0890","40.7734","4.0258","22.8903"
"","6.1020","40.8763","4.0343","22.9481"
"","6.1190","40.9801","4.0447","23.0063"
"","6.1350","41.0868","4.0548","23.0662"
"","6.1470","41.1881","4.0630","23.1231"
"","6.1590","41.2893","4.0714","23.1800"
"","6.1720","41.3893","4.0806","23.2361"
"","6.1860","41.4942","4.0899","23.2950"
"","6.2000","41.5974","4.0990","23.3529"
"","6.2140","41.7021","4.1083","23.4117"
"","6.2270","41.8027","4.1172","23.4682"
"","6.2400","41.9053","4.1261","23.5258"
"","6.2550","42.0095","4.1359","23.5843"
"","6.2710","42.1145","4.1458","23.6432"
"","6.2850","42.2196","4.1546","23.7022"
"","6.2990","42.3226","4.1640","23.7600"
"","6.3120","42.4302","4.1731","23.8204"
"","6.3240","42.5336","4.1815","23.8785"
"","6.3380","42.6392","4.1910","23.9378"
"","6.3520","42.7439","4.2004","23.9966"
"","6.3650","42.8477","4.2093","24.0548"
"","6.3780","42.9515","4.2185","24.1131"
"","6.3910","43.0584","4.2277","24.1732"
"","6.4050","43.1630","4.2371","24.2319"
"","6.4200","43.2641","4.2466","24.2886"
"","6.4350","43.3680","4.2559","24.3469"
"","6.4480","43.4726","4.2644","24.4057"
"","6.4610","43.5798","4.2733","24.4659"
"","6.4760","43.6850","4.2835","24.5249"
"","6.4910","43.7871","4.2932","24.5823"
"","6.5050","43.8888","4.3021","24.6393"
"","6.5190","43.9963","4.3113","24.6997"
"","6.5320","44.1006","4.3202","24.7582"
"","6.5450","44.2037","4.3292","24.8161"
"","6.5590","44.3059","4.3387","24.8735"
"","6.5740","44.4128","4.3482","24.9335"
"","6.5890","44.5143","4.3575","24.9905"
"","6.6030","44.6178","4.3666","25.0486"
"","6.6160","44.7216","4.3756","25.1069"
"","6.6280","44.8232","4.3841","25.1639"
"","6.6410","44.9256","4.3932","25.2214"
"","6.6550","45.0295","4.4026","25.2797"
"","6.6680","45.1329","4.4113","25.3377"
"","6.6800","45.2348","4.4195","25.3950"
"","6.6930","45.3399","4.4285","25.4540"
"","6.7070","45.4453","4.4380","25.5132"
"","6.7210","45.5514","4.4472","25.5727"
"","6.7360","45.6547","4.4564","25.6307"
"","6.7520","45.7602","4.4662","25.6899"
"","6.7680","45.8671","4.4766","25.7500"
"","6.7800","45.9711","4.4851","25.8083"
"","6.7910","46.0764","4.4930","25.8675"
"","6.8030","46.1792","4.5016","25.9252"
"","6.8160","46.2794","4.5104","25.9814"
"","6.8300","46.3799","4.5198","26.0378"
"","6.8430","46.4843","4.5285","26.0964"
"","6.8560","46.5921","4.5374","26.1569"
"","6.8710","46.6938","4.5474","26.2141"
"","6.8870","46.8007","4.5576","26.2741"
"","6.9000","46.9084","4.5657","26.3345"
"","6.9130","47.0102","4.5742","26.3917"
"","6.9280","47.1149","4.5845","26.4505"
"","6.9410","47.2219","4.5935","26.5105"
"","6.9530","47.3258","4.6016","26.5689"
"","6.9680","47.4313","4.6112","26.6281"
"","6.9830","47.5325","4.6208","26.6849"
"","6.9960","47.6407","4.6295","26.7457"
"","7.0080","47.7490","4.6378","26.8064"
"","7.0210","47.8545","4.6467","26.8657"
"","7.0370","47.9569","4.6572","26.9232"
"","7.0520","48.0635","4.6668","26.9830"
"","7.0640","48.1683","4.6746","27.0419"
"","7.0770","48.2695","4.6835","27.0986"
"","7.0910","48.3755","4.6935","27.1582"
"","7.1030","48.4797","4.7019","27.2167"
"","7.1150","48.5814","4.7100","27.2738"
"","7.1300","48.6875","4.7195","27.3333"
"","7.1460","48.7927","4.7297","27.3924"
"","7.1590","48.8990","4.7383","27.4520"
"","7.1710","49.0053","4.7465","27.5117"
"","7.1840","49.1061","4.7553","27.5683"
"","7.1990","49.2082","4.7649","27.6257"
"","7.2140","49.3114","4.7743","27.6836"
"","7.2270","49.4164","4.7828","27.7426"
"","7.2400","49.5227","4.7917","27.8022"
"","7.2540","49.6270","4.8014","27.8608"
"","7.2670","49.7275","4.8102","27.9172"
"","7.2800","49.8342","4.8187","27.9771"
"","7.2930","49.9392","4.8273","28.0360"
"","7.3070","50.0448","4.8370","28.0953"
"","7.3210","50.1501","4.8469","28.1544"
"","7.3330","50.2554","4.8553","28.2135"
"","7.3450","50.3608","4.8634","28.2727"
"","7.3600","50.4643","4.8730","28.3309"
"","7.3770","50.5714","4.8838","28.3909"
"","7.3900","50.6783","4.8923","28.4510"
"","7.4010","50.7827","4.8997","28.5096"
"","7.4150","50.8879","4.9092","28.5686"
"","7.4320","50.9937","4.9201","28.6280"
"","7.4440","51.0951","4.9276","28.6850"
"","7.4560","51.1977","4.9352","28.7426"
"","7.4710","51.3035","4.9452","28.8020"
"","7.4850","51.4066","4.9550","28.8598"
"","7.4970","51.5121","4.9633","28.9191"
"","7.5100","51.6189","4.9719","28.9791"
"","7.5240","51.7220","4.9811","29.0369"
"","7.5380","51.8244","4.9906","29.0944"
"","7.5510","51.9323","4.9999","29.1550"
"","7.5620","52.0371","5.0080","29.2138"
"","7.5730","52.1402","5.0158","29.2717"
"","7.5870","52.2454","5.0250","29.3308"
"","7.6050","52.3467","5.0360","29.3876"
"","7.6190","52.4520","5.0447","29.4467"
"","7.6310","52.5563","5.0525","29.5053"
"","7.6440","52.6606","5.0612","29.5639"
"","7.6590","52.7675","5.0711","29.6239"
"","7.6730","52.8677","5.0801","29.6801"
"","7.6870","52.9738","5.0892","29.7397"
"","7.6990","53.0785","5.0974","29.7984"
"","7.7100","53.1824","5.1052","29.8568"
"","7.7230","53.2893","5.1144","29.9168"
"","7.7360","53.3915","5.1231","29.9742"
"","7.7490","53.4922","5.1314","30.0307"
"","7.7650","53.5972","5.1416","30.0897"
"","7.7790","53.7002","5.1510","30.1475"
"","7.7900","53.8031","5.1587","30.2053"
"","7.8010","53.9046","5.1665","30.2622"
"","7.8140","54.0103","5.1755","30.3216"
"","7.8280","54.1119","5.1848","30.3786"
"","7.8420","54.2197","5.1938","30.4391"
"","7.8550","54.3259","5.2025","30.4988"
"","7.8680","54.4324","5.2113","30.5585"
"","7.8810","54.5397","5.2202","30.6188"
"","7.8950","54.6451","5.2293","30.6779"
"","7.9090","54.7506","5.2381","30.7372"
"","7.9230","54.8556","5.2471","30.7961"
"","7.9370","54.9590","5.2565","30.8541"
"","7.9490","55.0592","5.2648","30.9104"
"","7.9610","55.1616","5.2731","30.9679"
"","7.9740","55.2693","5.2819","31.0284"
"","7.9870","55.3715","5.2904","31.0858"
"","8.0010","55.4734","5.2997","31.1429"
"","8.0140","55.5783","5.3086","31.2019"
"","8.0250","55.6848","5.3164","31.2617"
"","8.0360","55.7853","5.3243","31.3181"
"","8.0490","55.8887","5.3332","31.3761"
"","8.0630","55.9889","5.3421","31.4324"
"","8.0790","56.0930","5.3517","31.4908"
"","8.0930","56.1968","5.3603","31.5491"
"","8.1070","56.3030","5.3695","31.6087"
"","8.1210","56.4108","5.3789","31.6692"
"","8.1330","56.5123","5.3868","31.7262"
"","8.1470","56.6175","5.3958","31.7852"
"","8.1610","56.7247","5.4050","31.8455"
"","8.1730","56.8333","5.4134","31.9064"
"","8.1840","56.9399","5.4213","31.9662"
"","8.1960","57.0457","5.4298","32.0256"
"","8.2110","57.1498","5.4399","32.0841"
"","8.2250","57.2552","5.4489","32.1432"
"","8.2370","57.3571","5.4567","32.2005"
"","8.2490","57.4581","5.4648","32.2572"
"","8.2620","57.5594","5.4738","32.3141"
"","8.2750","57.6609","5.4828","32.3711"
"","8.2880","57.7697","5.4915","32.4321"
"","8.3000","57.8739","5.4992","32.4906"
"","8.3150","57.9788","5.5090","32.5495"
"","8.3290","58.0831","5.5183","32.6081"
"","8.3410","58.1890","5.5265","32.6675"
"","8.3530","58.2931","5.5345","32.7260"
"","8.3670","58.3953","5.5433","32.7833"
"","8.3830","58.5005","5.5533","32.8424"
"","8.3960","58.6039","5.5618","32.9005"
"","8.4070","58.7095","5.5694","32.9597"
"","8.4180","58.8154","5.5773","33.0192"
"","8.4300","58.9156","5.5859","33.0754"
"","8.4430","59.0200","5.5949","33.1340"
"","8.4560","59.1275","5.6036","33.1944"
"","8.4690","59.2328","5.6122","33.2535"
"","8.4820","59.3364","5.6210","33.3116"
"","8.4950","59.4400","5.6301","33.3698"
"","8.5080","59.5447","5.6389","33.4286"
"","8.5210","59.6447","5.6472","33.4848"
"","8.5350","59.7474","5.6557","33.5424"
"","8.5500","59.8514","5.6651","33.6008"
"","8.5630","59.9535","5.6737","33.6581"
"","8.5750","60.0544","5.6819","33.7147"
"","8.5870","60.1588","5.6903","33.7734"
"","8.6000","60.2620","5.6991","33.8313"
"","8.6130","60.3628","5.7075","33.8879"
"","8.6260","60.4640","5.7158","33.9447"
"","8.6390","60.5708","5.7243","34.0047"
"","8.6520","60.6754","5.7330","34.0634"
"","8.6650","60.7772","5.7419","34.1205"
"","8.6770","60.8828","5.7501","34.1798"
"","8.6890","60.9895","5.7579","34.2397"
"","8.7030","61.0956","5.7672","34.2993"
"","8.7160","61.1975","5.7762","34.3565"
"","8.7270","61.2991","5.7840","34.4135"
"","8.7380","61.4024","5.7919","34.4715"
"","8.7510","61.5067","5.8010","34.5301"
"","8.7650","61.6122","5.8101","34.5893"
"","8.7790","61.7169","5.8190","34.6481"
"","8.7930","61.8226","5.8282","34.7074"
"","8.8060","61.9257","5.8369","34.7653"
"","8.8190","62.0339","5.8456","34.8260"
"","8.8320","62.1406","5.8541","34.8859"
"","8.8470","62.2451","5.8635","34.9446"
"","8.8610","62.3473","5.8725","35.0020"
"","8.8730","62.4561","5.8805","35.0631"
"","8.8850","62.5599","5.8887","35.1213"
"","8.8990","62.6671","5.8983","35.1815"
"","8.9120","62.7744","5.9070","35.2417"
"","8.9240","62.8767","5.9147","35.2992"
"","8.9370","62.9800","5.9233","35.3572"
"","8.9500","63.0829","5.9322","35.4149"
"","8.9620","63.1871","5.9407","35.4734"
"","8.9730","63.2913","5.9485","35.5320"
"","8.9860","63.3931","5.9572","35.5891"
"","9.0020","63.4944","5.9671","35.6460"
"","9.0160","63.5988","5.9757","35.7046"
"","9.0280","63.7056","5.9835","35.7645"
"","9.0400","63.8131","5.9918","35.8249"
"","9.0530","63.9152","6.0010","35.8822"
"","9.0660","64.0214","6.0099","35.9418"
"","9.0780","64.1257","6.0177","36.0004"
"","9.0910","64.2280","6.0259","36.0578"
"","9.1070","64.3309","6.0362","36.1156"
"","9.1210","64.4319","6.0453","36.1723"
"","9.1340","64.5383","6.0539","36.2320"
"","9.1470","64.6459","6.0624","36.2924"
"","9.1600","64.7494","6.0709","36.3505"
"","9.1720","64.8502","6.0791","36.4071"
"","9.1830","64.9523","6.0869","36.4645"
"","9.1940","65.0582","6.0949","36.5239"
"","9.2060","65.1651","6.1038","36.5839"
"","9.2170","65.2654","6.1117","36.6402"
"","9.2290","65.3695","6.1200","36.6987"
"","9.2430","65.4730","6.1291","36.7568"
"","9.2570","65.5780","6.1382","36.8157"
"","9.2690","65.6822","6.1459","36.8742"
"","9.2820","65.7900","6.1545","36.9348"
"","9.2960","65.8972","6.1638","36.9949"
"","9.3090","65.9972","6.1722","37.0511"
"","9.3220","66.1007","6.1806","37.1092"
"","9.3350","66.2015","6.1890","37.1657"
"","9.3490","66.3036","6.1982","37.2231"
"","9.3620","66.4083","6.2069","37.2818"
"","9.3750","66.5131","6.2154","37.3407"
"","9.3890","66.6192","6.2243","37.4002"
"","9.4030","66.7268","6.2333","37.4607"
"","9.4160","66.8345","6.2420","37.5211"
"","9.4270","66.9348","6.2497","37.5774"
"","9.4390","67.0417","6.2583","37.6374"
"","9.4510","67.1442","6.2666","37.6950"
"","9.4640","67.2493","6.2751","37.7540"
"","9.4790","67.3526","6.2846","37.8120"
"","9.4930","67.4549","6.2938","37.8694"
"","9.5050","67.5620","6.3021","37.9295"
"","9.5160","67.6662","6.3097","37.9880"
"","9.5290","67.7701","6.3186","38.0464"
"","9.5440","67.8760","6.3282","38.1058"
"","9.5580","67.9790","6.3370","38.1637"
"","9.5710","68.0837","6.3455","38.2224"
"","9.5840","68.1865","6.3543","38.2802"
"","9.5970","68.2923","6.3633","38.3395"
"","9.6090","68.3981","6.3715","38.3989"
"","9.6210","68.5038","6.3795","38.4583"
"","9.6340","68.6051","6.3882","38.5151"
"","9.6470","68.7064","6.3972","38.5720"
"","9.6590","68.8141","6.4058","38.6325"
"","9.6700","68.9223","6.4139","38.6932"
"","9.6810","69.0259","6.4216","38.7514"
"","9.6960","69.1304","6.4316","38.8100"
"","9.7110","69.2360","6.4410","38.8694"
"","9.7230","69.3383","6.4487","38.9268"
"","9.7360","69.4439","6.4572","38.9861"
"","9.7510","69.5509","6.4670","39.0461"
"","9.7660","69.6553","6.4765","39.1047"
"","9.7800","69.7559","6.4851","39.1612"
"","9.7940","69.8591","6.4939","39.2192"
"","9.8070","69.9662","6.5026","39.2793"
"","9.8180","70.0676","6.5104","39.3362"
"","9.8290","70.1702","6.5182","39.3938"
"","9.8410","70.2737","6.5265","39.4519"
"","9.8540","70.3754","6.5351","39.5090"
"","9.8690","70.4793","6.5446","39.5674"
"","9.8840","70.5861","6.5544","39.6273"
"","9.8970","70.6923","6.5631","39.6869"
"","9.9090","70.7984","6.5714","39.7465"
"","9.9210","70.8995","6.5795","39.8032"
"","9.9350","71.0037","6.5889","39.8617"
"","9.9490","71.1106","6.5981","39.9217"
"","9.9600","71.2142","6.6054","39.9799"
"","9.9720","71.3151","6.6134","40.0366"
"","9.9870","71.4206","6.6236","40.0958"
"","10.0000","71.5209","6.6322","40.1521"
"","10.0130","71.6277","6.6405","40.2120"
"","10.0260","71.7288","6.6487","40.2688"
"","10.0400","71.8298","6.6578","40.3255"
"","10.0530","71.9341","6.6666","40.3840"
"","10.0640","72.0357","6.6743","40.4411"
"","10.0750","72.1361","6.6820","40.4974"
"","10.0870","72.2365","6.6903","40.5538"
"","10.1010","72.3433","6.6999","40.6138"
"","10.1130","72.4449","6.7083","40.6708"
"","10.1250","72.5518","6.7167","40.7308"
"","10.1370","72.6597","6.7251","40.7914"
"","10.1500","72.7625","6.7340","40.8491"
"","10.1640","72.8631","6.7429","40.9056"
"","10.1790","72.9682","6.7520","40.9646"
"","10.1940","73.0704","6.7614","41.0220"
"","10.2080","73.1770","6.7708","41.0818"
"","10.2200","73.2819","6.7792","41.1407"
"","10.2320","73.3852","6.7874","41.1987"
"","10.2450","73.4877","6.7959","41.2563"
"","10.2600","73.5931","6.8053","41.3154"
"","10.2750","73.7002","6.8151","41.3756"
"","10.2890","73.8067","6.8246","41.4353"
"","10.3000","73.9074","6.8322","41.4919"
"","10.3120","74.0134","6.8403","41.5514"
"","10.3270","74.1199","6.8500","41.6112"
"","10.3420","74.2228","6.8597","41.6689"
"","10.3540","74.3249","6.8678","41.7263"
"","10.3650","74.4277","6.8754","41.7840"
"","10.3770","74.5291","6.8839","41.8409"
"","10.3910","74.6351","6.8934","41.9004"
"","10.4050","74.7432","6.9027","41.9611"
"","10.4170","74.8454","6.9106","42.0185"
"","10.4310","74.9457","6.9201","42.0748"
"","10.4480","75.0515","6.9316","42.1342"
"","10.4590","75.1401","6.9390","42.1839"
4,Time,Force,Flexure displacement,Flexure stress
,(s),(N),(mm),(MPa)
"","0.0000","0.0066","0.0000","0.0037"
"","0.0200","0.0015","0.0000","0.0009"
"","0.0400","0.0032","0.0005","0.0018"
"","0.0600","0.0108","0.0023","0.0061"
"","0.0800","0.0113","0.0090","0.0063"
"","0.1000","0.0359","0.0227","0.0202"
"","0.1200","0.0596","0.0391","0.0335"
"","0.1400","0.0803","0.0538","0.0451"
"","0.1600","0.0982","0.0661","0.0551"
"","0.1800","0.1103","0.0784","0.0619"
"","0.2000","0.1318","0.0915","0.0740"
"","0.2200","0.1494","0.1043","0.0839"
"","0.2400","0.1582","0.1162","0.0888"
"","0.2600","0.1741","0.1290","0.0978"
"","0.2800","0.2046","0.1424","0.1148"
"","0.3000","0.2127","0.1555","0.1194"
"","0.3200","0.2424","0.1682","0.1361"
"","0.3400","0.2582","0.1819","0.1449"
"","0.3600","0.2757","0.1964","0.1548"
"","0.3800","0.3030","0.2102","0.1701"
"","0.4000","0.3182","0.2228","0.1786"
"","0.4200","0.3411","0.2350","0.1915"
"","0.4400","0.3480","0.2480","0.1954"
"","0.4600","0.3697","0.2611","0.2076"
"","0.4800","0.3908","0.2741","0.2194"
"","0.5000","0.4142","0.2877","0.2325"
"","0.5200","0.4484","0.3017","0.2517"
"","0.5400","0.4644","0.3150","0.2607"
"","0.5600","0.4750","0.3276","0.2667"
"","0.5800","0.4905","0.3405","0.2753"
"","0.6000","0.5102","0.3537","0.2865"
"","0.6200","0.5317","0.3668","0.2985"
"","0.6400","0.5502","0.3800","0.3089"
"","0.6600","0.5768","0.3941","0.3238"
"","0.6800","0.5966","0.4081","0.3350"
"","0.7000","0.6254","0.4209","0.3511"
"","0.7200","0.6351","0.4333","0.3566"
"","0.7400","0.6609","0.4465","0.3710"
"","0.7600","0.6851","0.4603","0.3846"
"","0.7800","0.7118","0.4736","0.3996"
"","0.8000","0.7292","0.4871","0.4094"
"","0.8200","0.7511","0.5016","0.4217"
"","0.8400","0.7823","0.5160","0.4392"
"","0.8600","0.7923","0.5287","0.4448"
"","0.8800","0.8001","0.5409","0.4492"
"","0.9000","0.8368","0.5539","0.4698"
"","0.9200","0.8497","0.5672","0.4770"
"","0.9400","0.8744","0.5803","0.4909"
"","0.9600","0.9071","0.5939","0.5093"
"","0.9800","0.9123","0.6080","0.5122"
"","1.0000","0.9393","0.6216","0.5273"
"","1.0200","0.9708","0.6342","0.5450"
"","1.0400","0.9800","0.6469","0.5502"
"","1.0600","1.0095","0.6604","0.5667"
"","1.0800","1.0326","0.6743","0.5797"
"","1.1000","1.0465","0.6876","0.5875"
"","1.1200","1.0658","0.7010","0.5984"
"","1.1400","1.0990","0.7147","0.6170"
"","1.1600","1.1102","0.7277","0.6232"
"","1.1800","1.1324","0.7400","0.6357"
"","1.2000","1.1553","0.7529","0.6486"
"","1.2200","1.1686","0.7667","0.6560"
"","1.2400","1.2056","0.7803","0.6768"
"","1.2600","1.2165","0.7938","0.6830"
"","1.2800","1.2448","0.8081","0.6988"
"","1.3000","1.2775","0.8226","0.7172"
"","1.3200","1.2940","0.8359","0.7264"
"","1.3400","1.3240","0.8481","0.7433"
"","1.3600","1.3373","0.8606","0.7508"
"","1.3800","1.3548","0.8740","0.7606"
"","1.4000","1.3885","0.8872","0.7795"
"","1.4200","1.4019","0.9000","0.7870"
"","1.4400","1.4217","0.9138","0.7982"
"","1.4600","1.4584","0.9283","0.8187"
"","1.4800","1.4759","0.9414","0.8286"
"","1.5000","1.4888","0.9537","0.8358"
"","1.5200","1.5073","0.9669","0.8462"
"","1.5400","1.5303","0.9808","0.8591"
"","1.5600","1.5523","0.9943","0.8715"
"","1.5800","1.5861","1.0075","0.8904"
"","1.6000","1.6063","1.0211","0.9018"
"","1.6200","1.6162","1.0348","0.9073"
"","1.6400","1.6554","1.0476","0.9293"
"","1.6600","1.6626","1.0600","0.9334"
"","1.6800","1.6913","1.0731","0.9495"
"","1.7000","1.7132","1.0872","0.9618"
"","1.7200","1.7321","1.1014","0.9724"
"","1.7400","1.7530","1.1153","0.9841"
"","1.7600","1.7847","1.1294","1.0020"
"","1.7800","1.8125","1.1430","1.0175"
"","1.8000","1.8195","1.1554","1.0215"
"","1.8200","1.8447","1.1677","1.0356"
"","1.8400","1.8685","1.1808","1.0490"
"","1.8600","1.8890","1.1940","1.0605"
"","1.8800","1.9170","1.2069","1.0762"
"","1.9000","1.9323","1.2206","1.0848"
"","1.9200","1.9480","1.2347","1.0936"
"","1.9400","1.9807","1.2482","1.1120"
"","1.9600","1.9928","1.2607","1.1187"
"","1.9800","2.0243","1.2735","1.1365"
"","2.0000","2.0584","1.2874","1.1556"
"","2.0200","2.0649","1.3014","1.1593"
"","2.0400","2.0894","1.3145","1.1730"
"","2.0600","2.1014","1.3275","1.1797"
"","2.0800","2.1268","1.3408","1.1940"
"","2.1000","2.1534","1.3537","1.2089"
"","2.1200","2.1693","1.3663","1.2178"
"","2.1400","2.1918","1.3798","1.2305"
"","2.1600","2.2224","1.3941","1.2477"
"","2.1800","2.2609","1.4079","1.2693"
"","2.2000","2.2765","1.4213","1.2781"
"","2.2200","2.2923","1.4352","1.2869"
"","2.2400","2.3155","1.4491","1.2999"
"","2.2600","2.3300","1.4622","1.3081"
"","2.2800","2.3498","1.4746","1.3192"
"","2.3000","2.3725","1.4876","1.3319"
"","2.3200","2.4066","1.5013","1.3511"
"","2.3400","2.4291","1.5144","1.3637"
"","2.3600","2.4502","1.5271","1.3756"
"","2.3800","2.4647","1.5403","1.3837"
"","2.4000","2.4910","1.5539","1.3984"
"","2.4200","2.5233","1.5671","1.4166"
"","2.4400","2.5421","1.5803","1.4271"
"","2.4600","2.5565","1.5943","1.4352"
"","2.4800","2.5818","1.6082","1.4494"
"","2.5000","2.6018","1.6211","1.4606"
"","2.5200","2.6258","1.6338","1.4742"
"","2.5400","2.6551","1.6471","1.4906"
"","2.5600","2.6660","1.6608","1.4967"
"","2.5800","2.6886","1.6739","1.5094"
"","2.6000","2.7087","1.6868","1.5207"
"","2.6200","2.7317","1.7001","1.5336"
"","2.6400","2.7634","1.7138","1.5514"
"","2.6600","2.7869","1.7269","1.5646"
"","2.6800","2.8073","1.7405","1.5760"
"","2.7000","2.8309","1.7551","1.5893"
"","2.7200","2.8555","1.7690","1.6031"
"","2.7400","2.8686","1.7815","1.6105"
"","2.7600","2.8965","1.7941","1.6261"
"","2.7800","2.9089","1.8075","1.6331"
"","2.8000","2.9299","1.8207","1.6449"
"","2.8200","2.9651","1.8334","1.6646"
"","2.8400","2.9688","1.8466","1.6667"
"","2.8600","2.9975","1.8603","1.6828"
"","2.8800","3.0280","1.8741","1.7000"
"","2.9000","3.0482","1.8874","1.7113"
"","2.9200","3.0763","1.9009","1.7270"
"","2.9400","3.0913","1.9148","1.7355"
"","2.9600","3.1217","1.9281","1.7526"
"","2.9800","3.1301","1.9407","1.7572"
"","3.0000","3.1460","1.9538","1.7662"
"","3.0200","3.1839","1.9676","1.7874"
"","3.0400","3.1932","1.9812","1.7927"
"","3.0600","3.2229","1.9942","1.8093"
"","3.0800","3.2457","2.0072","1.8221"
"","3.1000","3.2585","2.0203","1.8293"
"","3.1200","3.2873","2.0331","1.8455"
"","3.1400","3.3140","2.0464","1.8605"
"","3.1600","3.3292","2.0608","1.8690"
"","3.1800","3.3612","2.0754","1.8870"
"","3.2000","3.3854","2.0889","1.9006"
"","3.2200","3.3967","2.1015","1.9069"
"","3.2400","3.4216","2.1144","1.9209"
"","3.2600","3.4323","2.1277","1.9269"
"","3.2800","3.4499","2.1407","1.9368"
"","3.3000","3.4843","2.1537","1.9561"
"","3.3200","3.4980","2.1673","1.9638"
"","3.3400","3.5262","2.1810","1.9796"
"","3.3600","3.5494","2.1940","1.9926"
"","3.3800","3.5536","2.2071","1.9950"
"","3.4000","3.5885","2.2209","2.0146"
"","3.4200","3.6042","2.2345","2.0234"
"","3.4400","3.6223","2.2473","2.0336"
"","3.4600","3.6590","2.2605","2.0542"
"","3.4800","3.6759","2.2744","2.0637"
"","3.5000","3.7042","2.2882","2.0795"
"","3.5200","3.7251","2.3011","2.0913"
"","3.5400","3.7391","2.3139","2.0991"
"","3.5600","3.7683","2.3273","2.1155"
"","3.5800","3.7724","2.3408","2.1179"
"","3.6000","3.8099","2.3538","2.1389"
"","3.6200","3.8237","2.3674","2.1466"
"","3.6400","3.8496","2.3817","2.1612"
"","3.6600","3.8844","2.3957","2.1807"
"","3.6800","3.8927","2.4088","2.1854"
"","3.7000","3.9161","2.4218","2.1985"
"","3.7200","3.9373","2.4349","2.2104"
"","3.7400","3.9504","2.4475","2.2177"
"","3.7600","3.9720","2.4599","2.2299"
"","3.7800","3.9934","2.4734","2.2419"
"","3.8000","4.0158","2.4876","2.2545"
"","3.8200","4.0396","2.5016","2.2678"
"","3.8400","4.0648","2.5147","2.2820"
"","3.8600","4.0860","2.5278","2.2939"
"","3.8800","4.0989","2.5411","2.3011"
"","3.9000","4.1275","2.5538","2.3172"
"","3.9200","4.1403","2.5664","2.3244"
"","3.9400","4.1724","2.5801","2.3424"
"","3.9600","4.1939","2.5947","2.3545"
"","3.9800","4.2069","2.6083","2.3618"
"","4.0000","4.2303","2.6207","2.3749"
"","4.0200","4.2510","2.6336","2.3866"
"","4.0400","4.2739","2.6471","2.3994"
"","4.0600","4.2960","2.6602","2.4118"
"","4.0800","4.3103","2.6738","2.4198"
"","4.1000","4.3465","2.6881","2.4402"
"","4.1200","4.3682","2.7025","2.4523"
"","4.1400","4.3827","2.7158","2.4605"
"","4.1600","4.4025","2.7285","2.4716"
"","4.1800","4.4245","2.7412","2.4839"
"","4.2000","4.4459","2.7542","2.4960"
"","4.2200","4.4639","2.7669","2.5061"
"","4.2400","4.4837","2.7800","2.5171"
"","4.2600","4.5093","2.7942","2.5315"
"","4.2800","4.5333","2.8086","2.5450"
"","4.3000","4.5546","2.8220","2.5570"
"","4.3200","4.5691","2.8349","2.5651"
"","4.3400","4.5956","2.8477","2.5800"
"","4.3600","4.6064","2.8601","2.5860"
"","4.3800","4.6299","2.8725","2.5992"
"","4.4000","4.6441","2.8863","2.6072"
"","4.4200","4.6692","2.9010","2.6213"
"","4.4400","4.6973","2.9151","2.6371"
"","4.4600","4.7123","2.9275","2.6455"
"","4.4800","4.7356","2.9399","2.6586"
"","4.5000","4.7546","2.9533","2.6692"
"","4.5200","4.7746","2.9670","2.6805"
"","4.5400","4.7992","2.9805","2.6943"
"","4.5600","4.8270","2.9945","2.7099"
"","4.5800","4.8481","3.0089","2.7217"
"","4.6000","4.8674","3.0224","2.7326"
"","4.6200","4.8852","3.0346","2.7425"
"","4.6400","4.8959","3.0471","2.7486"
"","4.6600","4.9272","3.0604","2.7661"
"","4.6800","4.9437","3.0738","2.7754"
"","4.7000","4.9626","3.0869","2.7860"
"","4.7200","4.9822","3.1009","2.7970"
"","4.7400","5.0031","3.1153","2.8087"
"","4.7600","5.0343","3.1284","2.8263"
"","4.7800","5.0423","3.1407","2.8307"
"","4.8000","5.0672","3.1537","2.8448"
"","4.8200","5.0881","3.1675","2.8565"
"","4.8400","5.1086","3.1810","2.8680"
"","4.8600","5.1270","3.1942","2.8783"
"","4.8800","5.1504","3.2079","2.8914"
"","4.9000","5.1669","3.2214","2.9007"
"","4.9200","5.1864","3.2341","2.9116"
"","4.9400","5.2100","3.2466","2.9249"
"","4.9600","5.2273","3.2599","2.9346"
"","4.9800","5.2514","3.2736","2.9482"
"","5.0000","5.2684","3.2870","2.9577"
"","5.0200","5.2946","3.3009","2.9724"
"","5.0400","5.3123","3.3155","2.9823"
"","5.0600","5.3373","3.3296","2.9964"
"","5.0800","5.3627","3.3424","3.0106"
"","5.1000","5.3765","3.3547","3.0184"
"","5.1200","5.4010","3.3674","3.0321"
"","5.1400","5.4100","3.3806","3.0372"
"","5.1600","5.4276","3.3936","3.0471"
"","5.1800","5.4512","3.4070","3.0603"
"","5.2000","5.4751","3.4210","3.0737"
"","5.2200","5.4960","3.4348","3.0854"
"","5.2400","5.5095","3.4475","3.0930"
"","5.2600","5.5333","3.4603","3.1064"
"","5.2800","5.5469","3.4739","3.1141"
"","5.3000","5.5803","3.4877","3.1328"
"","5.3200","5.5966","3.5008","3.1419"
"","5.3400","5.6088","3.5143","3.1488"
"","5.3600","5.6363","3.5280","3.1642"
"","5.3800","5.6505","3.5410","3.1722"
"","5.4000","5.6693","3.5534","3.1828"
"","5.4200","5.6820","3.5664","3.1899"
"","5.4400","5.7122","3.5803","3.2069"
"","5.4600","5.7353","3.5943","3.2198"
"","5.4800","5.7540","3.6079","3.2303"
"","5.5000","5.7726","3.6219","3.2407"
"","5.5200","5.7951","3.6360","3.2534"
"","5.5400","5.8133","3.6491","3.2636"
"","5.5600","5.8331","3.6618","3.2747"
"","5.5800","5.8525","3.6749","3.2856"
"","5.6000","5.8711","3.6880","3.2960"
"","5.6200","5.8927","3.7001","3.3082"
"","5.6400","5.9108","3.7124","3.3183"
"","5.6600","5.9338","3.7263","3.3312"
"","5.6800","5.9551","3.7409","3.3432"
"","5.7000","5.9664","3.7545","3.3495"
"","5.7200","5.9873","3.7672","3.3613"
"","5.7400","6.0052","3.7803","3.3714"
"","5.7600","6.0403","3.7944","3.3910"
"","5.7800","6.0584","3.8080","3.4012"
"","5.8000","6.0605","3.8209","3.4024"
"","5.8200","6.0848","3.8342","3.4160"
"","5.8400","6.1126","3.8478","3.4316"
"","5.8600","6.1257","3.8604","3.4390"
"","5.8800","6.1418","3.8731","3.4481"
"","5.9000","6.1666","3.8868","3.4620"
"","5.9200","6.1831","3.9009","3.4712"
"","5.9400","6.2120","3.9145","3.4874"
"","5.9600","6.2258","3.9283","3.4952"
"","5.9800","6.2367","3.9425","3.5013"
"","6.0000","6.2716","3.9562","3.5209"
"","6.0200","6.2953","3.9688","3.5342"
"","6.0400","6.3016","3.9812","3.5378"
"","6.0600","6.3191","3.9941","3.5476"
"","6.0800","6.3433","4.0073","3.5611"
"","6.1000","6.3659","4.0202","3.5738"
"","6.1200","6.3813","4.0335","3.5825"
"","6.1400","6.4026","4.0473","3.5945"
"","6.1600","6.4239","4.0608","3.6064"
"","6.1800","6.4443","4.0735","3.6179"
"","6.2000","6.4623","4.0870","3.6280"
"","6.2200","6.4887","4.1014","3.6428"
"","6.2400","6.5085","4.1150","3.6539"
"","6.2600","6.5199","4.1276","3.6603"
"","6.2800","6.5397","4.1407","3.6714"
"","6.3000","6.5526","4.1541","3.6786"
"","6.3200","6.5772","4.1669","3.6924"
"","6.3400","6.5984","4.1796","3.7043"
"","6.3600","6.6093","4.1934","3.7105"
"","6.3800","6.6380","4.2077","3.7266"
"","6.4000","6.6488","4.2211","3.7327"
"","6.4200","6.6775","4.2339","3.7488"
"","6.4400","6.7011","4.2474","3.7620"
"","6.4600","6.7137","4.2617","3.7691"
"","6.4800","6.7490","4.2752","3.7889"
"","6.5000","6.7526","4.2880","3.7910"
"","6.5200","6.7744","4.3010","3.8032"
"","6.5400","6.7965","4.3143","3.8156"
"","6.5600","6.8146","4.3270","3.8257"
"","6.5800","6.8278","4.3397","3.8331"
"","6.6000","6.8497","4.3534","3.8454"
"","6.6200","6.8776","4.3674","3.8611"
"","6.6400","6.8905","4.3806","3.8684"
"","6.6600","6.9051","4.3939","3.8766"
"","6.6800","6.9296","4.4079","3.8903"
"","6.7000","6.9495","4.4217","3.9015"
"","6.7200","6.9725","4.4343","3.9144"
"","6.7400","6.9868","4.4469","3.9224"
"","6.7600","7.0121","4.4605","3.9366"
"","6.7800","7.0249","4.4743","3.9438"
"","6.8000","7.0464","4.4875","3.9559"
"","6.8200","7.0669","4.5008","3.9674"
"","6.8400","7.0865","4.5145","3.9784"
"","6.8600","7.1082","4.5276","3.9906"
"","6.8800","7.1239","4.5400","3.9994"
"","6.9000","7.1465","4.5534","4.0121"
"","6.9200","7.1759","4.5678","4.0286"
"","6.9400","7.1913","4.5821","4.0372"
"","6.9600","7.2132","4.5952","4.0495"
"","6.9800","7.2197","4.6081","4.0532"
"","7.0000","7.2437","4.6214","4.0666"
"","7.0200","7.2703","4.6346","4.0816"
"","7.0400","7.2933","4.6472","4.0945"
"","7.0600","7.3184","4.6602","4.1086"
"","7.0800","7.3343","4.6741","4.1175"
"","7.1000","7.3570","4.6877","4.1303"
"","7.1200","7.3645","4.7005","4.1345"
"","7.1400","7.3876","4.7137","4.1475"
"","7.1600","7.4121","4.7274","4.1612"
"","7.1800","7.4305","4.7405","4.1715"
"","7.2000","7.4510","4.7535","4.1830"
"","7.2200","7.4723","4.7674","4.1950"
"","7.2400","7.4937","4.7817","4.2070"
"","7.2600","7.5152","4.7951","4.2190"
"","7.2800","7.5254","4.8077","4.2248"
"","7.3000","7.5516","4.8205","4.2395"
"","7.3200","7.5788","4.8339","4.2548"
"","7.3400","7.5962","4.8471","4.2645"
"","7.3600","7.6128","4.8604","4.2739"
"","7.3800","7.6348","4.8746","4.2862"
"","7.4000","7.6539","4.8890","4.2970"
"","7.4200","7.6744","4.9022","4.3085"
"","7.4400","7.7029","4.9149","4.3244"
"","7.4600","7.7167","4.9280","4.3322"
"","7.4800","7.7382","4.9414","4.3442"
"","7.5000","7.7562","4.9540","4.3543"
"","7.5200","7.7648","4.9669","4.3592"
"","7.5400","7.7927","4.9806","4.3748"
"","7.5600","7.8228","4.9946","4.3917"
"","7.5800","7.8451","5.0080","4.4043"
"","7.6000","7.8672","5.0212","4.4167"
"","7.6200","7.8861","5.0349","4.4273"
"","7.6400","7.9062","5.0483","4.4386"
"","7.6600","7.9306","5.0606","4.4523"
"","7.6800","7.9429","5.0731","4.4592"
"","7.7000","7.9675","5.0869","4.4730"
"","7.7200","7.9871","5.1011","4.4840"
"","7.7400","8.0096","5.1142","4.4966"
"","7.7600","8.0285","5.1272","4.5072"
"","7.7800","8.0491","5.1404","4.5188"
"","7.8000","8.0775","5.1536","4.5348"
"","7.8200","8.0911","5.1667","4.5424"
"","7.8400","8.1149","5.1809","4.5557"
"","7.8600","8.1413","5.1956","4.5705"
"","7.8800","8.1625","5.2095","4.5825"
"","7.9000","8.1806","5.2218","4.5926"
"","7.9200","8.1961","5.2341","4.6013"
"","7.9400","8.2195","5.2470","4.6144"
"","7.9600","8.2425","5.2599","4.6274"
"","7.9800","8.2631","5.2727","4.6389"
"","8.0000","8.2793","5.2866","4.6480"
"","8.0200","8.2985","5.3013","4.6588"
"","8.0400","8.3261","5.3153","4.6743"
"","8.0600","8.3502","5.3281","4.6878"
"","8.0800","8.3564","5.3411","4.6913"
"","8.1000","8.3903","5.3544","4.7103"
"","8.1200","8.4060","5.3673","4.7192"
"","8.1400","8.4273","5.3801","4.7311"
"","8.1600","8.4551","5.3936","4.7467"
"","8.1800","8.4773","5.4075","4.7592"
"","8.2000","8.4964","5.4208","4.7699"
"","8.2200","8.5175","5.4334","4.7818"
"","8.2400","8.5307","5.4464","4.7892"
"","8.2600","8.5518","5.4600","4.8010"
"","8.2800","8.5843","5.4734","4.8192"
"","8.3000","8.5983","5.4871","4.8271"
"","8.3200","8.6233","5.5015","4.8411"
"","8.3400","8.6485","5.5156","4.8553"
"","8.3600","8.6625","5.5283","4.8632"
"","8.3800","8.6946","5.5409","4.8812"
"","8.4000","8.7073","5.5541","4.8883"
"","8.4200","8.7332","5.5672","4.9029"
"","8.4400","8.7446","5.5798","4.9093"
"","8.4600","8.7644","5.5932","4.9204"
"","8.4800","8.7915","5.6076","4.9356"
"","8.5000","8.8089","5.6219","4.9454"
"","8.5200","8.8316","5.6349","4.9581"
"","8.5400","8.8548","5.6477","4.9711"
"","8.5600","8.8735","5.6611","4.9816"
"","8.5800","8.8933","5.6745","4.9927"
"","8.6000","8.9086","5.6873","5.0013"
"","8.6200","8.9256","5.7007","5.0109"
"","8.6400","8.9610","5.7149","5.0307"
"","8.6600","8.9646","5.7283","5.0327"
"","8.6800","8.9773","5.7404","5.0399"
"","8.7000","9.0010","5.7530","5.0532"
"","8.7200","9.0164","5.7667","5.0618"
"","8.7400","9.0427","5.7805","5.0766"
"","8.7600","9.0642","5.7940","5.0887"
"","8.7800","9.0850","5.8081","5.1004"
"","8.8000","9.1072","5.8224","5.1128"
"","8.8200","9.1366","5.8357","5.1293"
"","8.8400","9.1392","5.8479","5.1308"
"","8.8600","9.1572","5.8605","5.1409"
"","8.8800","9.1834","5.8741","5.1556"
"","8.9000","9.1961","5.8874","5.1627"
"","8.9200","9.2247","5.9001","5.1788"
"","8.9400","9.2347","5.9136","5.1844"
"","8.9600","9.2573","5.9279","5.1971"
"","8.9800","9.2818","5.9411","5.2108"
"","9.0000","9.2942","5.9536","5.2178"
"","9.0200","9.3114","5.9669","5.2275"
"","9.0400","9.3402","5.9808","5.2436"
"","9.0600","9.3562","5.9943","5.2526"
"","9.0800","9.3759","6.0079","5.2637"
"","9.1000","9.3995","6.0215","5.2769"
"","9.1200","9.4073","6.0347","5.2813"
"","9.1400","9.4332","6.0474","5.2958"
"","9.1600","9.4534","6.0602","5.3072"
"","9.1800","9.4656","6.0737","5.3140"
"","9.2000","9.4872","6.0876","5.3261"
"","9.2200","9.5035","6.1009","5.3353"
"","9.2400","9.5140","6.1147","5.3412"
"","9.2600","9.5475","6.1293","5.3600"
"","9.2800","9.5655","6.1434","5.3701"
"","9.3000","9.5872","6.1556","5.3823"
"","9.3200","9.6063","6.1677","5.3930"
"","9.3400","9.6207","6.1807","5.4011"
"","9.3600","9.6365","6.1940","5.4100"
"","9.3800","9.6621","6.2070","5.4243"
"","9.4000","9.6725","6.2205","5.4302"
"","9.4200","9.6952","6.2343","5.4429"
"","9.4400","9.7165","6.2478","5.4549"
"","9.4600","9.7314","6.2606","5.4632"
"","9.4800","9.7502","6.2738","5.4738"
"","9.5000","9.7679","6.2878","5.4838"
"","9.5200","9.7928","6.3014","5.4977"
"","9.5400","9.8133","6.3144","5.5092"
"","9.5600","9.8276","6.3277","5.5173"
"","9.5800","9.8472","6.3413","5.5282"
"","9.6000","9.8588","6.3544","5.5348"
"","9.6200","9.8811","6.3665","5.5473"
"","9.6400","9.8991","6.3794","5.5574"
"","9.6600","9.9198","6.3935","5.5690"
"","9.6800","9.9360","6.4073","5.5781"
"","9.7000","9.9540","6.4208","5.5882"
"","9.7200","9.9800","6.4348","5.6028"
"","9.7400","9.9986","6.4490","5.6133"
"","9.7600","10.0155","6.4622","5.6228"
"","9.7800","10.0273","6.4746","5.6294"
"","9.8000","10.0498","6.4877","5.6420"
"","9.8200","10.0694","6.5015","5.6530"
"","9.8400","10.0896","6.5146","5.6644"
"","9.8600","10.1043","6.5273","5.6726"
"","9.8800","10.1291","6.5407","5.6865"
"","9.9000","10.1482","6.5546","5.6973"
"","9.9200","10.1586","6.5677","5.7031"
"","9.9400","10.1775","6.5806","5.7137"
"","9.9600","10.2033","6.5941","5.7282"
"","9.9800","10.2107","6.6080","5.7323"
"","10.0000","10.2286","6.6214","5.7424"
"","10.0200","10.2553","6.6345","5.7574"
"","10.0400","10.2746","6.6474","5.7682"
"","10.0600","10.2815","6.6603","5.7721"
"","10.0800","10.3053","6.6732","5.7854"
"","10.1000","10.3201","6.6865","5.7937"
"","10.1200","10.3386","6.7004","5.8041"
"","10.1400","10.3597","6.7143","5.8160"
"","10.1600","10.3689","6.7273","5.8211"
"","10.1800","10.3932","6.7406","5.8348"
"","10.2000","10.4103","6.7548","5.8444"
"","10.2200","10.4335","6.7686","5.8574"
"","10.2400","10.4539","6.7813","5.8689"
"","10.2600","10.4634","6.7943","5.8742"
"","10.2800","10.4866","6.8080","5.8872"
"","10.3000","10.5147","6.8213","5.9030"
"","10.3200","10.5214","6.8338","5.9068"
"","10.3310","10.5299","6.8409","5.9115"
5,Time,Force,Flexure displacement,Flexure stress
,(s),(N),(mm),(MPa)
"","0.0000","-0.1518","-1.6846","-0.0852"
"","0.0200","-0.1331","-1.6846","-0.0747"
"","0.0400","-0.1484","-1.6830","-0.0833"
"","0.0600","-0.1463","-1.6761","-0.0821"
"","0.0800","-0.1391","-1.6634","-0.0781"
"","0.1000","-0.1461","-1.6489","-0.0820"
"","0.1200","-0.1469","-1.6346","-0.0825"
"","0.1400","-0.1507","-1.6213","-0.0846"
"","0.1600","-0.1523","-1.6088","-0.0855"
"","0.1800","-0.1483","-1.5958","-0.0833"
"","0.2000","-0.1438","-1.5819","-0.0807"
"","0.2200","-0.1444","-1.5685","-0.0811"
"","0.2400","-0.1379","-1.5563","-0.0774"
"","0.2600","-0.1453","-1.5439","-0.0816"
"","0.2800","-0.1486","-1.5304","-0.0834"
"","0.3000","-0.1409","-1.5165","-0.0791"
"","0.3200","-0.1477","-1.5034","-0.0829"
"","0.3400","-0.1506","-1.4904","-0.0845"
"","0.3600","-0.1466","-1.4768","-0.0823"
"","0.3800","-0.1552","-1.4635","-0.0872"
"","0.4000","-0.1439","-1.4511","-0.0808"
"","0.4200","-0.1428","-1.4385","-0.0802"
"","0.4400","-0.1394","-1.4246","-0.0783"
"","0.4600","-0.1419","-1.4102","-0.0797"
"","0.4800","-0.1442","-1.3962","-0.0810"
"","0.5000","-0.1478","-1.3823","-0.0829"
"","0.5200","-0.1483","-1.3681","-0.0833"
"","0.5400","-0.1390","-1.3550","-0.0781"
"","0.5600","-0.1441","-1.3432","-0.0809"
"","0.5800","-0.1528","-1.3312","-0.0858"
"","0.6000","-0.1553","-1.3179","-0.0872"
"","0.6200","-0.1457","-1.3041","-0.0818"
"","0.6400","-0.1402","-1.2906","-0.0787"
"","0.6600","-0.1445","-1.2767","-0.0811"
"","0.6800","-0.1246","-1.2630","-0.0700"
"","0.7000","-0.1618","-1.2500","-0.0909"
"","0.7200","-0.1473","-1.2376","-0.0827"
"","0.7400","-0.1430","-1.2243","-0.0803"
"","0.7600","-0.1463","-1.2101","-0.0821"
"","0.7800","-0.1383","-1.1965","-0.0776"
"","0.8000","-0.1478","-1.1838","-0.0830"
"","0.8200","-0.1417","-1.1705","-0.0795"
"","0.8400","-0.1501","-1.1569","-0.0843"
"","0.8600","-0.1409","-1.1440","-0.0791"
"","0.8800","-0.1439","-1.1315","-0.0808"
"","0.9000","-0.1485","-1.1180","-0.0834"
"","0.9200","-0.1490","-1.1038","-0.0836"
"","0.9400","-0.1488","-1.0901","-0.0835"
"","0.9600","-0.1512","-1.0766","-0.0849"
"","0.9800","-0.1430","-1.0626","-0.0803"
"","1.0000","-0.1416","-1.0490","-0.0795"
"","1.0200","-0.1482","-1.0365","-0.0832"
"","1.0400","-0.1463","-1.0240","-0.0821"
"","1.0600","-0.1412","-1.0105","-0.0793"
"","1.0800","-0.1381","-0.9965","-0.0775"
"","1.1000","-0.1442","-0.9835","-0.0810"
"","1.1200","-0.1470","-0.9710","-0.0825"
"","1.1400","-0.1537","-0.9578","-0.0863"
"","1.1600","-0.1443","-0.9442","-0.0810"
"","1.1800","-0.1384","-0.9310","-0.0777"
"","1.2000","-0.1513","-0.9177","-0.0849"
"","1.2200","-0.1367","-0.9035","-0.0768"
"","1.2400","-0.1525","-0.8895","-0.0856"
"","1.2600","-0.1449","-0.8767","-0.0813"
"","1.2800","-0.1376","-0.8637","-0.0773"
"","1.3000","-0.1468","-0.8503","-0.0824"
"","1.3200","-0.1441","-0.8369","-0.0809"
"","1.3400","-0.1463","-0.8242","-0.0821"
"","1.3600","-0.1453","-0.8115","-0.0816"
"","1.3800","-0.1486","-0.7980","-0.0834"
"","1.4000","-0.1359","-0.7841","-0.0763"
"","1.4200","-0.1472","-0.7707","-0.0826"
"","1.4400","-0.1441","-0.7570","-0.0809"
"","1.4600","-0.1385","-0.7428","-0.0777"
"","1.4800","-0.1425","-0.7293","-0.0800"
"","1.5000","-0.1383","-0.7169","-0.0776"
"","1.5200","-0.1418","-0.7037","-0.0796"
"","1.5400","-0.1434","-0.6900","-0.0805"
"","1.5600","-0.1484","-0.6768","-0.0833"
"","1.5800","-0.1508","-0.6643","-0.0847"
"","1.6000","-0.1423","-0.6511","-0.0799"
"","1.6200","-0.1452","-0.6374","-0.0815"
"","1.6400","-0.1464","-0.6240","-0.0822"
"","1.6600","-0.1489","-0.6109","-0.0836"
"","1.6800","-0.1401","-0.5973","-0.0787"
"","1.7000","-0.1387","-0.5830","-0.0779"
"","1.7200","-0.1397","-0.5693","-0.0784"
"","1.7400","-0.1501","-0.5566","-0.0843"
"","1.7600","-0.1531","-0.5438","-0.0859"
"","1.7800","-0.1397","-0.5302","-0.0784"
"","1.8000","-0.1340","-0.5169","-0.0752"
"","1.8200","-0.1343","-0.5044","-0.0754"
"","1.8400","-0.1353","-0.4915","-0.0759"
"","1.8600","-0.1438","-0.4779","-0.0807"
"","1.8800","-0.1396","-0.4644","-0.0784"
"","1.9000","-0.1383","-0.4507","-0.0777"
"","1.9200","-0.1509","-0.4364","-0.0847"
"","1.9400","-0.1451","-0.4222","-0.0814"
"","1.9600","-0.1478","-0.4092","-0.0830"
"","1.9800","-0.1529","-0.3965","-0.0858"
"","2.0000","-0.1490","-0.3832","-0.0836"
"","2.0200","-0.1447","-0.3699","-0.0813"
"","2.0400","-0.1397","-0.3575","-0.0784"
"","2.0600","-0.1356","-0.3447","-0.0761"
"","2.0800","-0.1380","-0.3308","-0.0775"
"","2.1000","-0.1348","-0.3167","-0.0757"
"","2.1200","-0.1388","-0.3036","-0.0779"
"","2.1400","-0.1503","-0.2903","-0.0844"
"","2.1600","-0.1479","-0.2766","-0.0831"
"","2.1800","-0.1490","-0.2631","-0.0837"
"","2.2000","-0.1591","-0.2503","-0.0893"
"","2.2200","-0.1475","-0.2371","-0.0828"
"","2.2400","-0.1528","-0.2234","-0.0858"
"","2.2600","-0.1486","-0.2099","-0.0834"
"","2.2800","-0.1307","-0.1972","-0.0734"
"","2.3000","-0.1464","-0.1844","-0.0822"
"","2.3200","-0.1410","-0.1707","-0.0791"
"","2.3400","-0.1371","-0.1571","-0.0770"
"","2.3600","-0.1565","-0.1438","-0.0879"
"","2.3800","-0.1453","-0.1300","-0.0816"
"","2.4000","-0.1522","-0.1156","-0.0854"
"","2.4200","-0.1455","-0.1020","-0.0817"
"","2.4400","-0.1391","-0.0895","-0.0781"
"","2.4600","-0.1529","-0.0764","-0.0858"
"","2.4800","-0.1427","-0.0630","-0.0801"
"","2.5000","-0.1424","-0.0504","-0.0799"
"","2.5200","-0.1419","-0.0379","-0.0797"
"","2.5400","-0.1254","-0.0242","-0.0704"
"","2.5600","-0.1197","-0.0099","-0.0672"
"","2.5800","-0.1163","0.0037","-0.0653"
"","2.6000","-0.1026","0.0168","-0.0576"
"","2.6200","-0.0963","0.0300","-0.0541"
"","2.6400","-0.0925","0.0433","-0.0519"
"","2.6600","-0.0806","0.0561","-0.0452"
"","2.6800","-0.0802","0.0689","-0.0450"
"","2.7000","-0.0715","0.0827","-0.0401"
"","2.7200","-0.0485","0.0969","-0.0272"
"","2.7400","-0.0434","0.1098","-0.0243"
"","2.7600","-0.0463","0.1224","-0.0260"
"","2.7800","-0.0341","0.1358","-0.0191"
"","2.8000","-0.0308","0.1494","-0.0173"
"","2.8200","-0.0181","0.1625","-0.0101"
"","2.8400","-0.0100","0.1760","-0.0056"
"","2.8600","0.0015","0.1903","0.0008"
"","2.8800","0.0131","0.2047","0.0074"
"","2.9000","0.0250","0.2179","0.0140"
"","2.9200","0.0363","0.2303","0.0204"
"","2.9400","0.0507","0.2430","0.0284"
"","2.9600","0.0729","0.2564","0.0410"
"","2.9800","0.0934","0.2693","0.0524"
"","3.0000","0.0994","0.2827","0.0558"
"","3.0200","0.1244","0.2967","0.0698"
"","3.0400","0.1363","0.3104","0.0765"
"","3.0600","0.1597","0.3232","0.0896"
"","3.0800","0.1711","0.3359","0.0961"
"","3.1000","0.1907","0.3489","0.1070"
"","3.1200","0.2135","0.3621","0.1199"
"","3.1400","0.2262","0.3751","0.1270"
"","3.1600","0.2503","0.3889","0.1405"
"","3.1800","0.2670","0.4032","0.1499"
"","3.2000","0.2870","0.4166","0.1611"
"","3.2200","0.3013","0.4291","0.1691"
"","3.2400","0.3225","0.4420","0.1811"
"","3.2600","0.3501","0.4557","0.1966"
"","3.2800","0.3574","0.4691","0.2006"
"","3.3000","0.3813","0.4822","0.2141"
"","3.3200","0.3987","0.4964","0.2238"
"","3.3400","0.4243","0.5111","0.2382"
"","3.3600","0.4471","0.5244","0.2510"
"","3.3800","0.4485","0.5366","0.2518"
"","3.4000","0.4733","0.5494","0.2657"
"","3.4200","0.5025","0.5627","0.2821"
"","3.4400","0.5120","0.5758","0.2874"
"","3.4600","0.5354","0.5890","0.3006"
"","3.4800","0.5622","0.6030","0.3156"
"","3.5000","0.5788","0.6170","0.3249"
"","3.5200","0.6137","0.6300","0.3446"
"","3.5400","0.6274","0.6424","0.3522"
"","3.5600","0.6420","0.6556","0.3604"
"","3.5800","0.6724","0.6695","0.3775"
"","3.6000","0.7010","0.6831","0.3935"
"","3.6200","0.7107","0.6963","0.3990"
"","3.6400","0.7384","0.7099","0.4146"
"","3.6600","0.7594","0.7233","0.4263"
"","3.6800","0.7752","0.7357","0.4352"
"","3.7000","0.8022","0.7484","0.4503"
"","3.7200","0.8126","0.7621","0.4562"
"","3.7400","0.8399","0.7760","0.4715"
"","3.7600","0.8754","0.7894","0.4914"
"","3.7800","0.8881","0.8032","0.4986"
"","3.8000","0.9139","0.8176","0.5131"
"","3.8200","0.9367","0.8314","0.5258"
"","3.8400","0.9545","0.8438","0.5358"
"","3.8600","0.9638","0.8562","0.5411"
"","3.8800","0.9912","0.8692","0.5565"
"","3.9000","1.0172","0.8827","0.5711"
"","3.9200","1.0353","0.8955","0.5812"
"","3.9400","1.0521","0.9088","0.5907"
"","3.9600","1.0809","0.9233","0.6068"
"","3.9800","1.1036","0.9370","0.6196"
"","4.0000","1.1279","0.9493","0.6332"
"","4.0200","1.1435","0.9621","0.6420"
"","4.0400","1.1741","0.9760","0.6592"
"","4.0600","1.1954","0.9898","0.6711"
"","4.0800","1.2146","1.0030","0.6819"
"","4.1000","1.2336","1.0164","0.6925"
"","4.1200","1.2537","1.0301","0.7039"
"","4.1400","1.2783","1.0433","0.7176"
"","4.1600","1.3007","1.0557","0.7302"
"","4.1800","1.3220","1.0685","0.7422"
"","4.2000","1.3447","1.0823","0.7549"
"","4.2200","1.3660","1.0965","0.7669"
"","4.2400","1.3946","1.1104","0.7830"
"","4.2600","1.4204","1.1245","0.7974"
"","4.2800","1.4454","1.1385","0.8114"
"","4.3000","1.4594","1.1513","0.8193"
"","4.3200","1.4796","1.1634","0.8307"
"","4.3400","1.5046","1.1762","0.8447"
"","4.3600","1.5233","1.1895","0.8552"
"","4.3800","1.5519","1.2025","0.8712"
"","4.4000","1.5731","1.2158","0.8831"
"","4.4200","1.6012","1.2299","0.8989"
"","4.4400","1.6204","1.2438","0.9097"
"","4.4600","1.6369","1.2564","0.9190"
"","4.4800","1.6607","1.2689","0.9323"
"","4.5000","1.6812","1.2824","0.9438"
"","4.5200","1.7052","1.2967","0.9573"
"","4.5400","1.7299","1.3102","0.9712"
"","4.5600","1.7455","1.3231","0.9799"
"","4.5800","1.7717","1.3363","0.9946"
"","4.6000","1.8014","1.3496","1.0113"
"","4.6200","1.8124","1.3621","1.0175"
"","4.6400","1.8347","1.3751","1.0300"
"","4.6600","1.8570","1.3892","1.0425"
"","4.6800","1.8866","1.4032","1.0591"
"","4.7000","1.9079","1.4166","1.0711"
"","4.7200","1.9309","1.4304","1.0840"
"","4.7400","1.9579","1.4446","1.0992"
"","4.7600","1.9778","1.4580","1.1103"
"","4.7800","1.9901","1.4704","1.1172"
"","4.8000","2.0059","1.4831","1.1261"
"","4.8200","2.0373","1.4966","1.1437"
"","4.8400","2.0615","1.5100","1.1573"
"","4.8600","2.0976","1.5226","1.1776"
"","4.8800","2.1109","1.5356","1.1851"
"","4.9000","2.1317","1.5490","1.1968"
"","4.9200","2.1500","1.5624","1.2070"
"","4.9400","2.1729","1.5756","1.2199"
"","4.9600","2.2062","1.5893","1.2386"
"","4.9800","2.2214","1.6035","1.2471"
"","5.0000","2.2335","1.6168","1.2539"
"","5.0200","2.2594","1.6294","1.2684"
"","5.0400","2.2842","1.6425","1.2824"
"","5.0600","2.3178","1.6561","1.3012"
"","5.0800","2.3395","1.6694","1.3134"
"","5.1000","2.3552","1.6822","1.3222"
"","5.1200","2.3767","1.6953","1.3343"
"","5.1400","2.4067","1.7090","1.3511"
"","5.1600","2.4200","1.7224","1.3586"
"","5.1800","2.4457","1.7357","1.3730"
"","5.2000","2.4664","1.7500","1.3846"
"","5.2200","2.4864","1.7644","1.3959"
"","5.2400","2.5181","1.7772","1.4136"
"","5.2600","2.5375","1.7895","1.4246"
"","5.2800","2.5556","1.8027","1.4347"
"","5.3000","2.5818","1.8162","1.4494"
"","5.3200","2.6019","1.8291","1.4607"
"","5.3400","2.6193","1.8420","1.4705"
"","5.3600","2.6440","1.8555","1.4844"
"","5.3800","2.6646","1.8694","1.4959"
"","5.4000","2.6878","1.8829","1.5090"
"","5.4200","2.7072","1.8963","1.5198"
"","5.4400","2.7372","1.9100","1.5367"
"","5.4600","2.7640","1.9236","1.5517"
"","5.4800","2.7827","1.9364","1.5622"
"","5.5000","2.7987","1.9492","1.5712"
"","5.5200","2.8133","1.9628","1.5794"
"","5.5400","2.8411","1.9765","1.5950"
"","5.5600","2.8706","1.9897","1.6115"
"","5.5800","2.8825","2.0027","1.6182"
"","5.6000","2.9119","2.0158","1.6348"
"","5.6200","2.9382","2.0287","1.6495"
"","5.6400","2.9512","2.0417","1.6568"
"","5.6600","2.9822","2.0558","1.6742"
"","5.6800","3.0011","2.0705","1.6848"
"","5.7000","3.0227","2.0844","1.6970"
"","5.7200","3.0412","2.0972","1.7074"
"","5.7400","3.0575","2.1099","1.7165"
"","5.7600","3.0916","2.1231","1.7356"
"","5.7800","3.1138","2.1362","1.7481"
"","5.8000","3.1282","2.1491","1.7562"
"","5.8200","3.1443","2.1625","1.7652"
"","5.8400","3.1702","2.1763","1.7798"
"","5.8600","3.1940","2.1897","1.7931"
"","5.8800","3.2164","2.2026","1.8057"
"","5.9000","3.2434","2.2162","1.8208"
"","5.9200","3.2644","2.2300","1.8326"
"","5.9400","3.2852","2.2430","1.8443"
"","5.9600","3.3019","2.2559","1.8537"
"","5.9800","3.3243","2.2696","1.8663"
"","6.0000","3.3504","2.2835","1.8809"
"","6.0200","3.3749","2.2966","1.8947"
"","6.0400","3.3933","2.3093","1.9050"
"","6.0600","3.4132","2.3225","1.9162"
"","6.0800","3.4324","2.3362","1.9270"
"","6.1000","3.4599","2.3494","1.9424"
"","6.1200","3.4819","2.3626","1.9548"
"","6.1400","3.5126","2.3767","1.9720"
"","6.1600","3.5291","2.3911","1.9812"
"","6.1800","3.5469","2.4044","1.9913"
"","6.2000","3.5721","2.4174","2.0054"
"","6.2200","3.5899","2.4303","2.0154"
"","6.2400","3.6057","2.4432","2.0242"
"","6.2600","3.6364","2.4557","2.0415"
"","6.2800","3.6512","2.4689","2.0498"
"","6.3000","3.6807","2.4830","2.0663"
"","6.3200","3.7028","2.4971","2.0788"
"","6.3400","3.7250","2.5103","2.0912"
"","6.3600","3.7329","2.5233","2.0957"
"","6.3800","3.7670","2.5365","2.1148"
"","6.4000","3.7896","2.5495","2.1275"
"","6.4200","3.7999","2.5620","2.1333"
"","6.4400","3.8269","2.5754","2.1485"
"","6.4600","3.8535","2.5898","2.1634"
"","6.4800","3.8724","2.6037","2.1740"
"","6.5000","3.8951","2.6163","2.1867"
"","6.5200","3.9031","2.6289","2.1912"
"","6.5400","3.9287","2.6423","2.2056"
"","6.5600","3.9505","2.6556","2.2178"
"","6.5800","3.9732","2.6688","2.2306"
"","6.6000","3.9986","2.6829","2.2448"
"","6.6200","4.0205","2.6975","2.2571"
"","6.6400","4.0486","2.7113","2.2729"
"","6.6600","4.0646","2.7241","2.2819"
"","6.6800","4.0890","2.7369","2.2956"
"","6.7000","4.1025","2.7498","2.3032"
"","6.7200","4.1329","2.7625","2.3202"
"","6.7400","4.1453","2.7753","2.3272"
"","6.7600","4.1607","2.7892","2.3359"
"","6.7800","4.1857","2.8037","2.3499"
"","6.8000","4.2102","2.8175","2.3636"
"","6.8200","4.2339","2.8304","2.3769"
"","6.8400","4.2574","2.8433","2.3901"
"","6.8600","4.2799","2.8558","2.4028"
"","6.8800","4.2953","2.8681","2.4114"
"","6.9000","4.3202","2.8812","2.4254"
"","6.9200","4.3397","2.8958","2.4363"
"","6.9400","4.3608","2.9103","2.4482"
"","6.9600","4.3843","2.9232","2.4613"
"","6.9800","4.3980","2.9355","2.4690"
"","7.0000","4.4175","2.9485","2.4800"
"","7.0200","4.4419","2.9624","2.4937"
"","7.0400","4.4700","2.9759","2.5095"
"","7.0600","4.4790","2.9897","2.5145"
"","7.0800","4.5121","3.0040","2.5331"
"","7.1000","4.5320","3.0179","2.5443"
"","7.1200","4.5454","3.0305","2.5518"
"","7.1400","4.5677","3.0428","2.5643"
"","7.1600","4.5828","3.0558","2.5728"
"","7.1800","4.6146","3.0692","2.5907"
"","7.2000","4.6309","3.0822","2.5998"
"","7.2200","4.6476","3.0958","2.6092"
"","7.2400","4.6737","3.1102","2.6238"
"","7.2600","4.6906","3.1239","2.6333"
"","7.2800","4.7156","3.1364","2.6474"
"","7.3000","4.7264","3.1492","2.6534"
"","7.3200","4.7555","3.1629","2.6697"
"","7.3400","4.7781","3.1765","2.6825"
"","7.3600","4.7992","3.1897","2.6943"
"","7.3800","4.8168","3.2032","2.7042"
"","7.4000","4.8467","3.2169","2.7210"
"","7.4200","4.8638","3.2297","2.7305"
"","7.4400","4.8705","3.2419","2.7343"
"","7.4600","4.8974","3.2550","2.7494"
"","7.4800","4.9176","3.2688","2.7608"
"","7.5000","4.9467","3.2825","2.7771"
"","7.5200","4.9660","3.2962","2.7879"
"","7.5400","4.9819","3.3106","2.7968"
"","7.5600","5.0061","3.3251","2.8104"
"","7.5800","5.0420","3.3384","2.8306"
"","7.6000","5.0578","3.3505","2.8395"
"","7.6200","5.0661","3.3630","2.8441"
"","7.6400","5.0849","3.3761","2.8547"
"","7.6600","5.1041","3.3892","2.8654"
"","7.6800","5.1311","3.4024","2.8806"
"","7.7000","5.1565","3.4162","2.8949"
"","7.7200","5.1792","3.4302","2.9076"
"","7.7400","5.1848","3.4432","2.9107"
"","7.7600","5.2158","3.4557","2.9282"
"","7.7800","5.2330","3.4690","2.9378"
"","7.8000","5.2555","3.4829","2.9505"
"","7.8200","5.2723","3.4964","2.9599"
"","7.8400","5.2895","3.5098","2.9695"
"","7.8600","5.3198","3.5234","2.9866"
"","7.8800","5.3258","3.5366","2.9899"
"","7.9000","5.3509","3.5491","3.0040"
"","7.9200","5.3648","3.5618","3.0118"
"","7.9400","5.3861","3.5756","3.0238"
"","7.9600","5.4208","3.5898","3.0433"
"","7.9800","5.4317","3.6033","3.0494"
"","8.0000","5.4555","3.6171","3.0627"
"","8.0200","5.4787","3.6312","3.0757"
"","8.0400","5.5020","3.6448","3.0888"
"","8.0600","5.5208","3.6574","3.0994"
"","8.0800","5.5457","3.6704","3.1134"
"","8.1000","5.5623","3.6835","3.1227"
"","8.1200","5.5789","3.6959","3.1320"
"","8.1400","5.5946","3.7079","3.1408"
"","8.1600","5.6063","3.7213","3.1474"
"","8.1800","5.6394","3.7359","3.1660"
"","8.2000","5.6614","3.7500","3.1783"
"","8.2200","5.6797","3.7628","3.1886"
"","8.2400","5.6941","3.7757","3.1967"
"","8.2600","5.7162","3.7896","3.2091"
"","8.2800","5.7376","3.8034","3.2211"
"","8.3000","5.7586","3.8163","3.2329"
"","8.3200","5.7823","3.8294","3.2462"
"","8.3400","5.8045","3.8430","3.2587"
"","8.3600","5.8224","3.8560","3.2687"
"","8.3800","5.8383","3.8684","3.2777"
"","8.4000","5.8597","3.8817","3.2897"
"","8.4200","5.8756","3.8960","3.2986"
"","8.4400","5.9091","3.9099","3.3174"
"","8.4600","5.9211","3.9235","3.3241"
"","8.4800","5.9417","3.9376","3.3357"
"","8.5000","5.9727","3.9516","3.3531"
"","8.5200","5.9818","3.9646","3.3582"
"","8.5400","6.0098","3.9769","3.3739"
"","8.5600","6.0229","3.9897","3.3813"
"","8.5800","6.0335","4.0029","3.3873"
"","8.6000","6.0576","4.0159","3.4007"
"","8.6200","6.0799","4.0288","3.4133"
"","8.6400","6.0982","4.0425","3.4235"
"","8.6600","6.1264","4.0562","3.4394"
"","8.6800","6.1384","4.0691","3.4461"
"","8.7000","6.1590","4.0822","3.4577"
"","8.7200","6.1832","4.0964","3.4712"
"","8.7400","6.2028","4.1105","3.4823"
"","8.7600","6.2252","4.1232","3.4949"
"","8.7800","6.2435","4.1361","3.5051"
"","8.8000","6.2663","4.1496","3.5179"
"","8.8200","6.2885","4.1627","3.5304"
"","8.8400","6.2996","4.1753","3.5366"
"","8.8600","6.3122","4.1887","3.5437"
"","8.8800","6.3319","4.2029","3.5547"
"","8.9000","6.3589","4.2167","3.5699"
"","8.9200","6.3851","4.2296","3.5846"
"","8.9400","6.4028","4.2428","3.5946"
"","8.9600","6.4220","4.2568","3.6053"
"","8.9800","6.4478","4.2708","3.6198"
"","9.0000","6.4620","4.2836","3.6278"
"","9.0200","6.4816","4.2965","3.6388"
"","9.0400","6.4995","4.3098","3.6488"
"","9.0600","6.5194","4.3228","3.6600"
"","9.0800","6.5482","4.3352","3.6762"
"","9.1000","6.5669","4.3485","3.6867"
"","9.1200","6.5898","4.3626","3.6995"
"","9.1400","6.6056","4.3762","3.7084"
"","9.1600","6.6270","4.3893","3.7204"
"","9.1800","6.6488","4.4032","3.7327"
"","9.2000","6.6746","4.4172","3.7471"
"","9.2200","6.6886","4.4301","3.7550"
"","9.2400","6.7016","4.4425","3.7623"
"","9.2600","6.7160","4.4558","3.7704"
"","9.2800","6.7510","4.4697","3.7900"
"","9.3000","6.7686","4.4830","3.7999"
"","9.3200","6.7882","4.4961","3.8109"
"","9.3400","6.8125","4.5098","3.8246"
"","9.3600","6.8281","4.5232","3.8333"
"","9.3800","6.8549","4.5358","3.8484"
"","9.4000","6.8685","4.5486","3.8560"
"","9.4200","6.8859","4.5627","3.8658"
"","9.4400","6.9116","4.5772","3.8802"
"","9.4600","6.9368","4.5908","3.8943"
"","9.4800","6.9487","4.6037","3.9010"
"","9.5000","6.9779","4.6168","3.9174"
"","9.5200","6.9910","4.6301","3.9248"
"","9.5400","7.0117","4.6428","3.9364"
"","9.5600","7.0360","4.6556","3.9500"
"","9.5800","7.0565","4.6692","3.9616"
"","9.6000","7.0805","4.6831","3.9750"
"","9.6200","7.1040","4.6960","3.9882"
"","9.6400","7.1104","4.7092","3.9918"
"","9.6600","7.1386","4.7231","4.0076"
"","9.6800","7.1568","4.7364","4.0178"
"","9.7000","7.1807","4.7489","4.0313"
"","9.7200","7.2013","4.7624","4.0428"
"","9.7400","7.2198","4.7767","4.0532"
"","9.7600","7.2457","4.7905","4.0678"
"","9.7800","7.2680","4.8033","4.0803"
"","9.8000","7.2770","4.8161","4.0853"
"","9.8200","7.3111","4.8294","4.1044"
"","9.8400","7.3265","4.8427","4.1131"
"","9.8600","7.3441","4.8558","4.1230"
"","9.8800","7.3734","4.8697","4.1394"
"","9.9000","7.3936","4.8843","4.1508"
"","9.9200","7.4229","4.8979","4.1673"
"","9.9400","7.4355","4.9104","4.1743"
"","9.9600","7.4510","4.9232","4.1830"
"","9.9800","7.4693","4.9366","4.1933"
"","10.0000","7.4911","4.9496","4.2055"
"","10.0200","7.5119","4.9622","4.2172"
"","10.0400","7.5340","4.9757","4.2296"
"","10.0600","7.5590","4.9898","4.2436"
"","10.0800","7.5786","5.0034","4.2547"
"","10.1000","7.5999","5.0165","4.2666"
"","10.1200","7.6277","5.0301","4.2822"
"","10.1400","7.6485","5.0438","4.2939"
"","10.1600","7.6765","5.0563","4.3096"
"","10.1800","7.6761","5.0685","4.3094"
"","10.2000","7.7103","5.0819","4.3286"
"","10.2200","7.7318","5.0963","4.3406"
"","10.2400","7.7492","5.1100","4.3504"
"","10.2600","7.7716","5.1229","4.3630"
"","10.2800","7.7896","5.1359","4.3731"
"","10.3000","7.8119","5.1492","4.3856"
"","10.3200","7.8331","5.1622","4.3975"
"","10.3400","7.8602","5.1759","4.4127"
"","10.3600","7.8793","5.1906","4.4235"
"","10.3800","7.9128","5.2048","4.4423"
"","10.4000","7.9369","5.2177","4.4558"
"","10.4200","7.9485","5.2301","4.4623"
"","10.4400","7.9733","5.2428","4.4763"
"","10.4600","7.9926","5.2558","4.4871"
"","10.4800","8.0068","5.2684","4.4951"
"","10.5000","8.0293","5.2818","4.5077"
"","10.5200","8.0563","5.2963","4.5228"
"","10.5400","8.0724","5.3105","4.5319"
"","10.5600","8.1064","5.3234","4.5509"
"","10.5800","8.1212","5.3363","4.5593"
"","10.6000","8.1400","5.3498","4.5698"
"","10.6200","8.1583","5.3629","4.5801"
"","10.6400","8.1817","5.3755","4.5932"
"","10.6600","8.1972","5.3887","4.6019"
"","10.6800","8.2266","5.4026","4.6184"
"","10.7000","8.2471","5.4163","4.6299"
"","10.7200","8.2701","5.4291","4.6429"
"","10.7400","8.2931","5.4420","4.6558"
"","10.7600","8.3091","5.4555","4.6647"
"","10.7800","8.3389","5.4689","4.6815"
"","10.8000","8.3586","5.4822","4.6925"
"","10.8200","8.3853","5.4964","4.7076"
"","10.8400","8.4041","5.5108","4.7181"
"","10.8600","8.4201","5.5242","4.7271"
"","10.8800","8.4384","5.5367","4.7373"
"","10.9000","8.4568","5.5497","4.7477"
"","10.9200","8.4849","5.5629","4.7635"
"","10.9400","8.4994","5.5754","4.7716"
"","10.9600","8.5263","5.5884","4.7867"
"","10.9800","8.5440","5.6026","4.7966"
"","11.0000","8.5693","5.6171","4.8108"
"","11.0200","8.5925","5.6304","4.8239"
"","11.0400","8.6046","5.6429","4.8307"
"","11.0600","8.6253","5.6560","4.8423"
"","11.0800","8.6590","5.6697","4.8612"
"","11.1000","8.6719","5.6827","4.8684"
"","11.1200","8.6772","5.6959","4.8714"
"","11.1400","8.7081","5.7099","4.8888"
"","11.1600","8.7324","5.7237","4.9024"
"","11.1800","8.7503","5.7362","4.9124"
"","11.2000","8.7721","5.7485","4.9247"
"","11.2200","8.7822","5.7619","4.9304"
"","11.2400","8.8082","5.7757","4.9450"
"","11.2600","8.8360","5.7893","4.9606"
"","11.2800","8.8542","5.8033","4.9708"
"","11.3000","8.8736","5.8177","4.9817"
"","11.3200","8.9013","5.8315","4.9972"
"","11.3400","8.9122","5.8441","5.0033"
"","11.3600","8.9338","5.8565","5.0154"
"","11.3800","8.9498","5.8697","5.0245"
"","11.4000","8.9756","5.8831","5.0389"
"","11.4200","8.9846","5.8959","5.0440"
"","11.4400","9.0120","5.9091","5.0594"
"","11.4600","9.0265","5.9233","5.0675"
"","11.4800","9.0494","5.9370","5.0803"
"","11.5000","9.0753","5.9494","5.0949"
"","11.5200","9.0815","5.9623","5.0984"
"","11.5400","9.1159","5.9762","5.1177"
"","11.5600","9.1185","5.9898","5.1192"
"","11.5800","9.1434","6.0033","5.1331"
"","11.6000","9.1696","6.0170","5.1478"
"","11.6200","9.1873","6.0303","5.1578"
"","11.6400","9.2108","6.0431","5.1710"
"","11.6600","9.2295","6.0556","5.1815"
"","11.6800","9.2511","6.0689","5.1936"
"","11.7000","9.2648","6.0829","5.2013"
"","11.7200","9.2964","6.0964","5.2190"
"","11.7400","9.3051","6.1098","5.2239"
"","11.7600","9.3267","6.1241","5.2360"
"","11.7800","9.3563","6.1386","5.2526"
"","11.8000","9.3638","6.1515","5.2569"
"","11.8200","9.3854","6.1635","5.2690"
"","11.8400","9.3985","6.1762","5.2763"
"","11.8600","9.4219","6.1895","5.2895"
"","11.8800","9.4429","6.2025","5.3013"
"","11.9000","9.4611","6.2156","5.3115"
"","11.9200","9.4822","6.2294","5.3233"
"","11.9400","9.5130","6.2433","5.3406"
"","11.9600","9.5184","6.2563","5.3437"
"","11.9800","9.5422","6.2692","5.3570"
"","12.0000","9.5573","6.2829","5.3655"
"","12.0200","9.5773","6.2967","5.3768"
"","12.0400","9.6061","6.3098","5.3929"
"","12.0600","9.6175","6.3230","5.3993"
"","12.0800","9.6427","6.3366","5.4134"
"","12.1000","9.6555","6.3499","5.4206"
"","12.1200","9.6832","6.3623","5.4362"
"","12.1400","9.6936","6.3752","5.4420"
"","12.1600","9.7118","6.3892","5.4523"
"","12.1800","9.7391","6.4032","5.4675"
"","12.2000","9.7537","6.4165","5.4758"
"","12.2200","9.7771","6.4302","5.4889"
"","12.2400","9.7915","6.4444","5.4970"
"","12.2600","9.8260","6.4579","5.5163"
"","12.2800","9.8323","6.4703","5.5199"
"","12.3000","9.8517","6.4830","5.5308"
"","12.3200","9.8730","6.4965","5.5427"
"","12.3400","9.8802","6.5098","5.5468"
"","12.3600","9.9115","6.5223","5.5643"
"","12.3800","9.9269","6.5354","5.5730"
"","12.4000","9.9353","6.5493","5.5777"
"","12.4200","9.9688","6.5630","5.5965"
"","12.4400","9.9827","6.5760","5.6043"
"","12.4600","9.9965","6.5892","5.6121"
"","12.4800","10.0367","6.6030","5.6346"
"","12.5000","10.0511","6.6166","5.6427"
"","12.5200","10.0654","6.6298","5.6508"
"","12.5400","10.0876","6.6428","5.6632"
"","12.5600","10.0894","6.6558","5.6642"
"","12.5800","10.1248","6.6687","5.6841"
"","12.6000","10.1398","6.6818","5.6925"
"","12.6200","10.1648","6.6956","5.7066"
"","12.6400","10.1825","6.7096","5.7165"
"","12.6600","10.1970","6.7229","5.7246"
"","12.6800","10.2120","6.7359","5.7331"
"","12.7000","10.2386","6.7498","5.7480"
"","12.7200","10.2566","6.7639","5.7581"
"","12.7400","10.2722","6.7769","5.7668"
"","12.7600","10.2971","6.7897","5.7809"
"","12.7800","10.3194","6.8033","5.7933"
"","12.8000","10.3311","6.8168","5.7999"
"","12.8200","10.3525","6.8295","5.8119"
"","12.8400","10.3565","6.8423","5.8142"
"","12.8600","10.3844","6.8558","5.8298"
"","12.8800","10.4091","6.8695","5.8437"
"","12.9000","10.4260","6.8827","5.8532"
"","12.9200","10.4437","6.8960","5.8631"
"","12.9400","10.4480","6.9100","5.8655"
6,Time,Force,Flexure displacement,Flexure stress
,(s),(N),(mm),(MPa)
"","0.0000","-0.1491","-0.4199","-0.0837"
"","0.0200","-0.1369","-0.4198","-0.0769"
"","0.0400","-0.1351","-0.4192","-0.0758"
"","0.0600","-0.1475","-0.4155","-0.0828"
"","0.0800","-0.1540","-0.4051","-0.0864"
"","0.1000","-0.1576","-0.3897","-0.0885"
"","0.1200","-0.1624","-0.3739","-0.0912"
"","0.1400","-0.1388","-0.3607","-0.0779"
"","0.1600","-0.1493","-0.3490","-0.0838"
"","0.1800","-0.1374","-0.3364","-0.0771"
"","0.2000","-0.1373","-0.3231","-0.0771"
"","0.2200","-0.1425","-0.3102","-0.0800"
"","0.2400","-0.1470","-0.2977","-0.0825"
"","0.2600","-0.1539","-0.2846","-0.0864"
"","0.2800","-0.1437","-0.2710","-0.0807"
"","0.3000","-0.1404","-0.2579","-0.0788"
"","0.3200","-0.1425","-0.2452","-0.0800"
"","0.3400","-0.1460","-0.2319","-0.0820"
"","0.3600","-0.1468","-0.2182","-0.0824"
"","0.3800","-0.1416","-0.2051","-0.0795"
"","0.4000","-0.1483","-0.1926","-0.0833"
"","0.4200","-0.1442","-0.1794","-0.0810"
"","0.4400","-0.1418","-0.1657","-0.0796"
"","0.4600","-0.1416","-0.1523","-0.0795"
"","0.4800","-0.1459","-0.1390","-0.0819"
"","0.5000","-0.1432","-0.1248","-0.0804"
"","0.5200","-0.1397","-0.1105","-0.0785"
"","0.5400","-0.1531","-0.0976","-0.0859"
"","0.5600","-0.1439","-0.0850","-0.0808"
"","0.5800","-0.1450","-0.0717","-0.0814"
"","0.6000","-0.1481","-0.0585","-0.0832"
"","0.6200","-0.1386","-0.0461","-0.0778"
"","0.6400","-0.1385","-0.0333","-0.0777"
"","0.6600","-0.1438","-0.0193","-0.0807"
"","0.6800","-0.1427","-0.0050","-0.0801"
"","0.7000","-0.1350","0.0083","-0.0758"
"","0.7200","-0.1504","0.0213","-0.0844"
"","0.7400","-0.1513","0.0346","-0.0849"
"","0.7600","-0.1452","0.0479","-0.0815"
"","0.7800","-0.1468","0.0606","-0.0824"
"","0.8000","-0.1499","0.0737","-0.0842"
"","0.8200","-0.1469","0.0877","-0.0825"
"","0.8400","-0.1486","0.1016","-0.0834"
"","0.8600","-0.1485","0.1142","-0.0834"
"","0.8800","-0.1441","0.1271","-0.0809"
"","0.9000","-0.1524","0.1407","-0.0856"
"","0.9200","-0.1453","0.1541","-0.0816"
"","0.9400","-0.1371","0.1672","-0.0769"
"","0.9600","-0.1421","0.1810","-0.0798"
"","0.9800","-0.1457","0.1957","-0.0818"
"","1.0000","-0.1452","0.2097","-0.0815"
"","1.0200","-0.1515","0.2224","-0.0851"
"","1.0400","-0.1496","0.2346","-0.0840"
"","1.0600","-0.1484","0.2476","-0.0833"
"","1.0800","-0.1472","0.2608","-0.0826"
"","1.1000","-0.1440","0.2737","-0.0809"
"","1.1200","-0.1472","0.2874","-0.0827"
"","1.1400","-0.1404","0.3016","-0.0788"
"","1.1600","-0.1418","0.3150","-0.0796"
"","1.1800","-0.1357","0.3276","-0.0762"
"","1.2000","-0.1445","0.3404","-0.0811"
"","1.2200","-0.1426","0.3536","-0.0801"
"","1.2400","-0.1440","0.3667","-0.0809"
"","1.2600","-0.1422","0.3799","-0.0798"
"","1.2800","-0.1280","0.3940","-0.0719"
"","1.3000","-0.1287","0.4081","-0.0723"
"","1.3200","-0.1167","0.4209","-0.0655"
"","1.3400","-0.1128","0.4332","-0.0634"
"","1.3600","-0.1039","0.4464","-0.0583"
"","1.3800","-0.0895","0.4603","-0.0502"
"","1.4000","-0.0837","0.4736","-0.0470"
"","1.4200","-0.0757","0.4870","-0.0425"
"","1.4400","-0.0676","0.5016","-0.0380"
"","1.4600","-0.0576","0.5160","-0.0323"
"","1.4800","-0.0584","0.5288","-0.0328"
"","1.5000","-0.0484","0.5411","-0.0272"
"","1.5200","-0.0537","0.5541","-0.0301"
"","1.5400","-0.0400","0.5674","-0.0225"
"","1.5600","-0.0354","0.5804","-0.0199"
"","1.5800","-0.0247","0.5939","-0.0139"
"","1.6000","-0.0039","0.6080","-0.0022"
"","1.6200","0.0039","0.6218","0.0022"
"","1.6400","0.0292","0.6343","0.0164"
"","1.6600","0.0277","0.6469","0.0156"
"","1.6800","0.0474","0.6605","0.0266"
"","1.7000","0.0567","0.6743","0.0318"
"","1.7200","0.0798","0.6876","0.0448"
"","1.7400","0.1027","0.7010","0.0576"
"","1.7600","0.1256","0.7147","0.0705"
"","1.7800","0.1338","0.7277","0.0751"
"","1.8000","0.1461","0.7401","0.0820"
"","1.8200","0.1713","0.7531","0.0961"
"","1.8400","0.1860","0.7670","0.1044"
"","1.8600","0.2060","0.7807","0.1156"
"","1.8800","0.2248","0.7941","0.1262"
"","1.9000","0.2371","0.8083","0.1331"
"","1.9200","0.2571","0.8227","0.1443"
"","1.9400","0.2721","0.8359","0.1528"
"","1.9600","0.2900","0.8482","0.1628"
"","1.9800","0.3001","0.8607","0.1685"
"","2.0000","0.3281","0.8741","0.1842"
"","2.0200","0.3470","0.8873","0.1948"
"","2.0400","0.3660","0.9000","0.2055"
"","2.0600","0.3842","0.9139","0.2157"
"","2.0800","0.4045","0.9284","0.2271"
"","2.1000","0.4220","0.9415","0.2369"
"","2.1200","0.4341","0.9538","0.2437"
"","2.1400","0.4588","0.9670","0.2576"
"","2.1600","0.4836","0.9809","0.2715"
"","2.1800","0.5018","0.9943","0.2817"
"","2.2000","0.5167","1.0075","0.2901"
"","2.2200","0.5405","1.0210","0.3035"
"","2.2400","0.5634","1.0346","0.3163"
"","2.2600","0.5820","1.0475","0.3267"
"","2.2800","0.6035","1.0600","0.3388"
"","2.3000","0.6207","1.0733","0.3485"
"","2.3200","0.6428","1.0874","0.3608"
"","2.3400","0.6610","1.1014","0.3711"
"","2.3600","0.6870","1.1154","0.3857"
"","2.3800","0.7148","1.1296","0.4013"
"","2.4000","0.7390","1.1432","0.4149"
"","2.4200","0.7565","1.1555","0.4247"
"","2.4400","0.7712","1.1679","0.4330"
"","2.4600","0.7920","1.1809","0.4447"
"","2.4800","0.8114","1.1942","0.4555"
"","2.5000","0.8312","1.2071","0.4666"
"","2.5200","0.8459","1.2206","0.4749"
"","2.5400","0.8810","1.2348","0.4946"
"","2.5600","0.8962","1.2483","0.5031"
"","2.5800","0.9172","1.2607","0.5149"
"","2.6000","0.9428","1.2735","0.5293"
"","2.6200","0.9594","1.2874","0.5386"
"","2.6400","0.9811","1.3014","0.5508"
"","2.6600","1.0093","1.3145","0.5666"
"","2.6800","1.0276","1.3276","0.5769"
"","2.7000","1.0487","1.3410","0.5888"
"","2.7200","1.0700","1.3540","0.6007"
"","2.7400","1.0868","1.3665","0.6101"
"","2.7600","1.1064","1.3799","0.6211"
"","2.7800","1.1282","1.3941","0.6334"
"","2.8000","1.1556","1.4079","0.6488"
"","2.8200","1.1806","1.4214","0.6628"
"","2.8400","1.2085","1.4355","0.6785"
"","2.8600","1.2262","1.4494","0.6884"
"","2.8800","1.2454","1.4623","0.6992"
"","2.9000","1.2700","1.4747","0.7130"
"","2.9200","1.2827","1.4878","0.7201"
"","2.9400","1.3125","1.5015","0.7368"
"","2.9600","1.3335","1.5147","0.7486"
"","2.9800","1.3473","1.5274","0.7564"
"","3.0000","1.3797","1.5404","0.7746"
"","3.0200","1.4008","1.5539","0.7864"
"","3.0400","1.4270","1.5671","0.8012"
"","3.0600","1.4420","1.5803","0.8095"
"","3.0800","1.4663","1.5941","0.8232"
"","3.1000","1.4862","1.6081","0.8343"
"","3.1200","1.5087","1.6210","0.8470"
"","3.1400","1.5291","1.6338","0.8584"
"","3.1600","1.5578","1.6473","0.8746"
"","3.1800","1.5799","1.6610","0.8870"
"","3.2000","1.5961","1.6739","0.8961"
"","3.2200","1.6129","1.6868","0.9055"
"","3.2400","1.6366","1.7001","0.9188"
"","3.2600","1.6683","1.7138","0.9366"
"","3.2800","1.6844","1.7271","0.9456"
"","3.3000","1.7073","1.7407","0.9585"
"","3.3200","1.7252","1.7553","0.9685"
"","3.3400","1.7547","1.7691","0.9851"
"","3.3600","1.7744","1.7813","0.9962"
"","3.3800","1.7893","1.7939","1.0045"
"","3.4000","1.8171","1.8074","1.0201"
"","3.4200","1.8347","1.8208","1.0300"
"","3.4400","1.8660","1.8336","1.0476"
"","3.4600","1.8755","1.8467","1.0529"
"","3.4800","1.8985","1.8604","1.0658"
"","3.5000","1.9230","1.8742","1.0796"
"","3.5200","1.9408","1.8876","1.0896"
"","3.5400","1.9709","1.9010","1.1065"
"","3.5600","1.9907","1.9148","1.1176"
"","3.5800","2.0232","1.9281","1.1359"
"","3.6000","2.0385","1.9407","1.1444"
"","3.6200","2.0508","1.9539","1.1513"
"","3.6400","2.0767","1.9677","1.1658"
"","3.6600","2.1057","1.9813","1.1821"
"","3.6800","2.1178","1.9943","1.1890"
"","3.7000","2.1359","2.0072","1.1991"
"","3.7200","2.1644","2.0203","1.2151"
"","3.7400","2.1882","2.0332","1.2285"
"","3.7600","2.2176","2.0464","1.2449"
"","3.7800","2.2309","2.0609","1.2524"
"","3.8000","2.2632","2.0755","1.2706"
"","3.8200","2.2750","2.0890","1.2772"
"","3.8400","2.2925","2.1016","1.2870"
"","3.8600","2.3239","2.1145","1.3046"
"","3.8800","2.3383","2.1278","1.3127"
"","3.9000","2.3646","2.1407","1.3275"
"","3.9200","2.3798","2.1537","1.3360"
"","3.9400","2.4019","2.1672","1.3484"
"","3.9600","2.4223","2.1810","1.3599"
"","3.9800","2.4463","2.1941","1.3733"
"","4.0000","2.4619","2.2072","1.3821"
"","4.0200","2.4836","2.2210","1.3943"
"","4.0400","2.5159","2.2346","1.4124"
"","4.0600","2.5291","2.2474","1.4198"
"","4.0800","2.5594","2.2607","1.4368"
"","4.1000","2.5782","2.2746","1.4474"
"","4.1200","2.6114","2.2883","1.4661"
"","4.1400","2.6252","2.3011","1.4738"
"","4.1600","2.6373","2.3138","1.4806"
"","4.1800","2.6715","2.3272","1.4998"
"","4.2000","2.6803","2.3409","1.5047"
"","4.2200","2.7066","2.3540","1.5195"
"","4.2400","2.7301","2.3675","1.5327"
"","4.2600","2.7516","2.3819","1.5448"
"","4.2800","2.7723","2.3959","1.5564"
"","4.3000","2.7900","2.4090","1.5663"
"","4.3200","2.8062","2.4219","1.5754"
"","4.3400","2.8360","2.4349","1.5922"
"","4.3600","2.8621","2.4476","1.6068"
"","4.3800","2.8772","2.4601","1.6153"
"","4.4000","2.9008","2.4736","1.6285"
"","4.4200","2.9202","2.4878","1.6394"
"","4.4400","2.9404","2.5018","1.6508"
"","4.4600","2.9638","2.5149","1.6639"
"","4.4800","2.9865","2.5279","1.6766"
"","4.5000","3.0134","2.5411","1.6917"
"","4.5200","3.0307","2.5538","1.7015"
"","4.5400","3.0536","2.5665","1.7143"
"","4.5600","3.0719","2.5802","1.7246"
"","4.5800","3.0872","2.5947","1.7332"
"","4.6000","3.1098","2.6082","1.7458"
"","4.6200","3.1379","2.6206","1.7616"
"","4.6400","3.1533","2.6335","1.7703"
"","4.6600","3.1803","2.6471","1.7854"
"","4.6800","3.2060","2.6603","1.7999"
"","4.7000","3.2188","2.6739","1.8071"
"","4.7200","3.2540","2.6883","1.8268"
"","4.7400","3.2730","2.7027","1.8375"
"","4.7600","3.2873","2.7159","1.8455"
"","4.7800","3.3078","2.7286","1.8570"
"","4.8000","3.3253","2.7413","1.8668"
"","4.8200","3.3451","2.7542","1.8780"
"","4.8400","3.3785","2.7668","1.8967"
"","4.8600","3.3904","2.7799","1.9034"
"","4.8800","3.4146","2.7942","1.9169"
"","4.9000","3.4324","2.8086","1.9270"
"","4.9200","3.4595","2.8220","1.9422"
"","4.9400","3.4773","2.8349","1.9522"
"","4.9600","3.4953","2.8477","1.9623"
"","4.9800","3.5202","2.8602","1.9762"
"","5.0000","3.5411","2.8727","1.9880"
"","5.0200","3.5548","2.8864","1.9957"
"","5.0400","3.5862","2.9010","2.0133"
"","5.0600","3.6000","2.9149","2.0211"
"","5.0800","3.6211","2.9274","2.0329"
"","5.1000","3.6388","2.9400","2.0428"
"","5.1200","3.6537","2.9534","2.0512"
"","5.1400","3.6810","2.9672","2.0665"
"","5.1600","3.7089","2.9806","2.0822"
"","5.1800","3.7274","2.9947","2.0926"
"","5.2000","3.7509","3.0091","2.1058"
"","5.2200","3.7679","3.0226","2.1153"
"","5.2400","3.7783","3.0349","2.1212"
"","5.2600","3.8046","3.0474","2.1359"
"","5.2800","3.8243","3.0606","2.1469"
"","5.3000","3.8479","3.0739","2.1602"
"","5.3200","3.8739","3.0870","2.1748"
"","5.3400","3.8895","3.1009","2.1836"
"","5.3600","3.9202","3.1152","2.2008"
"","5.3800","3.9404","3.1285","2.2122"
"","5.4000","3.9494","3.1408","2.2172"
"","5.4200","3.9727","3.1538","2.2303"
"","5.4400","3.9948","3.1676","2.2427"
"","5.4600","4.0178","3.1811","2.2556"
"","5.4800","4.0385","3.1943","2.2673"
"","5.5000","4.0617","3.2079","2.2803"
"","5.5200","4.0768","3.2214","2.2888"
"","5.5400","4.0935","3.2340","2.2981"
"","5.5600","4.1176","3.2464","2.3116"
"","5.5800","4.1400","3.2598","2.3242"
"","5.6000","4.1645","3.2738","2.3380"
"","5.6200","4.1836","3.2873","2.3487"
"","5.6400","4.1987","3.3012","2.3572"
"","5.6600","4.2223","3.3157","2.3704"
"","5.6800","4.2468","3.3299","2.3842"
"","5.7000","4.2722","3.3425","2.3984"
"","5.7200","4.2784","3.3546","2.4019"
"","5.7400","4.3053","3.3674","2.4170"
"","5.7600","4.3216","3.3808","2.4262"
"","5.7800","4.3399","3.3939","2.4365"
"","5.8000","4.3657","3.4072","2.4509"
"","5.8200","4.3801","3.4212","2.4590"
"","5.8400","4.4090","3.4349","2.4752"
"","5.8600","4.4303","3.4476","2.4872"
"","5.8800","4.4395","3.4604","2.4923"
"","5.9000","4.4692","3.4740","2.5090"
"","5.9200","4.4962","3.4878","2.5242"
"","5.9400","4.5172","3.5010","2.5360"
"","5.9600","4.5317","3.5144","2.5441"
"","5.9800","4.5536","3.5281","2.5564"
"","6.0000","4.5713","3.5411","2.5663"
"","6.0200","4.5882","3.5535","2.5759"
"","6.0400","4.6074","3.5665","2.5866"
"","6.0600","4.6295","3.5806","2.5990"
"","6.0800","4.6564","3.5946","2.6141"
"","6.1000","4.6755","3.6080","2.6248"
"","6.1200","4.6948","3.6219","2.6357"
"","6.1400","4.7117","3.6360","2.6451"
"","6.1600","4.7359","3.6492","2.6588"
"","6.1800","4.7570","3.6619","2.6706"
"","6.2000","4.7795","3.6751","2.6832"
"","6.2200","4.7948","3.6882","2.6918"
"","6.2400","4.8110","3.7003","2.7009"
"","6.2600","4.8290","3.7126","2.7110"
"","6.2800","4.8546","3.7265","2.7254"
"","6.3000","4.8824","3.7411","2.7410"
"","6.3200","4.8991","3.7545","2.7504"
"","6.3400","4.9190","3.7672","2.7615"
"","6.3600","4.9320","3.7805","2.7688"
"","6.3800","4.9659","3.7946","2.7879"
"","6.4000","4.9845","3.8082","2.7983"
"","6.4200","4.9938","3.8210","2.8035"
"","6.4400","5.0110","3.8342","2.8132"
"","6.4600","5.0301","3.8477","2.8239"
"","6.4800","5.0591","3.8604","2.8402"
"","6.5000","5.0763","3.8729","2.8498"
"","6.5200","5.1051","3.8866","2.8660"
"","6.5400","5.1231","3.9008","2.8761"
"","6.5600","5.1456","3.9144","2.8888"
"","6.5800","5.1639","3.9282","2.8990"
"","6.6000","5.1771","3.9424","2.9064"
"","6.6200","5.2043","3.9563","2.9217"
"","6.6400","5.2170","3.9690","2.9288"
"","6.6600","5.2333","3.9814","2.9380"
"","6.6800","5.2573","3.9943","2.9515"
"","6.7000","5.2771","4.0075","2.9626"
"","6.7200","5.2955","4.0204","2.9729"
"","6.7400","5.3210","4.0336","2.9872"
"","6.7600","5.3437","4.0475","3.0000"
"","6.7800","5.3634","4.0609","3.0110"
"","6.8000","5.3802","4.0736","3.0205"
"","6.8200","5.3959","4.0870","3.0293"
"","6.8400","5.4081","4.1014","3.0361"
"","6.8600","5.4344","4.1150","3.0509"
"","6.8800","5.4558","4.1276","3.0629"
"","6.9000","5.4770","4.1408","3.0748"
"","6.9200","5.4964","4.1543","3.0857"
"","6.9400","5.5219","4.1671","3.1000"
"","6.9600","5.5372","4.1798","3.1086"
"","6.9800","5.5568","4.1935","3.1196"
"","7.0000","5.5728","4.2077","3.1286"
"","7.0200","5.5959","4.2212","3.1415"
"","7.0400","5.6264","4.2341","3.1587"
"","7.0600","5.6386","4.2475","3.1655"
"","7.0800","5.6621","4.2618","3.1787"
"","7.1000","5.6824","4.2753","3.1901"
"","7.1200","5.6976","4.2881","3.1986"
"","7.1400","5.7170","4.3013","3.2096"
"","7.1600","5.7526","4.3147","3.2295"
"","7.1800","5.7708","4.3273","3.2398"
"","7.2000","5.7901","4.3399","3.2506"
"","7.2200","5.8092","4.3536","3.2613"
"","7.2400","5.8248","4.3676","3.2701"
"","7.2600","5.8511","4.3808","3.2848"
"","7.2800","5.8633","4.3941","3.2917"
"","7.3000","5.8853","4.4081","3.3040"
"","7.3200","5.9065","4.4218","3.3159"
"","7.3400","5.9199","4.4343","3.3234"
"","7.3600","5.9402","4.4470","3.3348"
"","7.3800","5.9663","4.4606","3.3495"
"","7.4000","5.9885","4.4744","3.3619"
"","7.4200","6.0120","4.4875","3.3752"
"","7.4400","6.0303","4.5008","3.3855"
"","7.4600","6.0594","4.5146","3.4018"
"","7.4800","6.0827","4.5277","3.4148"
"","7.5000","6.0855","4.5401","3.4164"
"","7.5200","6.1035","4.5531","3.4265"
"","7.5400","6.1366","4.5673","3.4451"
"","7.5600","6.1593","4.5817","3.4578"
"","7.5800","6.1773","4.5951","3.4679"
"","7.6000","6.1875","4.6082","3.4737"
"","7.6200","6.2159","4.6215","3.4896"
"","7.6400","6.2370","4.6346","3.5015"
"","7.6600","6.2550","4.6471","3.5116"
"","7.6800","6.2809","4.6604","3.5261"
"","7.7000","6.3023","4.6744","3.5382"
"","7.7200","6.3207","4.6879","3.5485"
"","7.7400","6.3384","4.7007","3.5584"
"","7.7600","6.3552","4.7142","3.5678"
"","7.7800","6.3787","4.7280","3.5810"
"","7.8000","6.4052","4.7409","3.5959"
"","7.8200","6.4256","4.7538","3.6074"
"","7.8400","6.4420","4.7676","3.6166"
"","7.8600","6.4681","4.7818","3.6312"
"","7.8800","6.4781","4.7950","3.6368"
"","7.9000","6.5011","4.8076","3.6497"
"","7.9200","6.5303","4.8205","3.6661"
"","7.9400","6.5496","4.8340","3.6770"
"","7.9600","6.5803","4.8473","3.6942"
"","7.9800","6.5928","4.8605","3.7012"
"","8.0000","6.6114","4.8747","3.7117"
"","8.0200","6.6417","4.8892","3.7287"
"","8.0400","6.6574","4.9024","3.7375"
"","8.0600","6.6739","4.9150","3.7468"
"","8.0800","6.6991","4.9281","3.7609"
"","8.1000","6.7103","4.9415","3.7672"
"","8.1200","6.7294","4.9541","3.7779"
"","8.1400","6.7556","4.9669","3.7926"
"","8.1600","6.7810","4.9807","3.8069"
"","8.1800","6.8074","4.9947","3.8217"
"","8.2000","6.8297","5.0079","3.8342"
"","8.2200","6.8459","5.0212","3.8433"
"","8.2400","6.8711","5.0349","3.8574"
"","8.2600","6.8910","5.0483","3.8686"
"","8.2800","6.9143","5.0606","3.8817"
"","8.3000","6.9354","5.0732","3.8935"
"","8.3200","6.9564","5.0871","3.9053"
"","8.3400","6.9757","5.1012","3.9162"
"","8.3600","7.0030","5.1144","3.9315"
"","8.3800","7.0225","5.1274","3.9424"
"","8.4000","7.0466","5.1406","3.9560"
"","8.4200","7.0651","5.1537","3.9664"
"","8.4400","7.0844","5.1668","3.9772"
"","8.4600","7.1043","5.1808","3.9884"
"","8.4800","7.1394","5.1954","4.0081"
"","8.5000","7.1660","5.2093","4.0230"
"","8.5200","7.1746","5.2218","4.0278"
"","8.5400","7.1917","5.2343","4.0375"
"","8.5600","7.2110","5.2473","4.0483"
"","8.5800","7.2392","5.2603","4.0641"
"","8.6000","7.2555","5.2730","4.0733"
"","8.6200","7.2779","5.2867","4.0859"
"","8.6400","7.3034","5.3014","4.1002"
"","8.6600","7.3266","5.3153","4.1132"
"","8.6800","7.3557","5.3283","4.1295"
"","8.7000","7.3678","5.3415","4.1363"
"","8.7200","7.3868","5.3547","4.1470"
"","8.7400","7.4030","5.3674","4.1561"
"","8.7600","7.4236","5.3801","4.1676"
"","8.7800","7.4564","5.3937","4.1860"
"","8.8000","7.4786","5.4077","4.1985"
"","8.8200","7.5026","5.4210","4.2120"
"","8.8400","7.5223","5.4336","4.2230"
"","8.8600","7.5399","5.4467","4.2329"
"","8.8800","7.5634","5.4603","4.2461"
"","8.9000","7.5876","5.4736","4.2597"
"","8.9200","7.6042","5.4872","4.2690"
"","8.9400","7.6260","5.5016","4.2812"
"","8.9600","7.6529","5.5158","4.2964"
"","8.9800","7.6622","5.5286","4.3016"
"","9.0000","7.6913","5.5412","4.3180"
"","9.0200","7.7086","5.5543","4.3277"
"","9.0400","7.7321","5.5673","4.3408"
"","9.0600","7.7465","5.5799","4.3489"
"","9.0800","7.7702","5.5933","4.3622"
"","9.1000","7.7937","5.6078","4.3754"
"","9.1200","7.8174","5.6220","4.3887"
"","9.1400","7.8359","5.6348","4.3991"
"","9.1600","7.8543","5.6475","4.4094"
"","9.1800","7.8816","5.6609","4.4247"
"","9.2000","7.8975","5.6744","4.4337"
"","9.2200","7.9190","5.6872","4.4457"
"","9.2400","7.9377","5.7007","4.4562"
"","9.2600","7.9505","5.7148","4.4635"
"","9.2800","7.9743","5.7281","4.4768"
"","9.3000","7.9937","5.7403","4.4877"
"","9.3200","8.0117","5.7530","4.4978"
"","9.3400","8.0390","5.7669","4.5131"
"","9.3600","8.0626","5.7807","4.5264"
"","9.3800","8.0843","5.7943","4.5386"
"","9.4000","8.1061","5.8084","4.5508"
"","9.4200","8.1248","5.8227","4.5613"
"","9.4400","8.1334","5.8358","4.5661"
"","9.4600","8.1600","5.8481","4.5810"
"","9.4800","8.1802","5.8609","4.5924"
"","9.5000","8.2010","5.8746","4.6041"
"","9.5200","8.2170","5.8879","4.6131"
"","9.5400","8.2363","5.9006","4.6239"
"","9.5600","8.2547","5.9141","4.6342"
"","9.5800","8.2849","5.9283","4.6512"
"","9.6000","8.3041","5.9414","4.6619"
"","9.6200","8.3201","5.9538","4.6709"
"","9.6400","8.3453","5.9670","4.6851"
"","9.6600","8.3639","5.9808","4.6955"
"","9.6800","8.3872","5.9943","4.7086"
"","9.7000","8.4034","6.0079","4.7177"
"","9.7200","8.4278","6.0216","4.7314"
"","9.7400","8.4449","6.0349","4.7410"
"","9.7600","8.4577","6.0475","4.7482"
"","9.7800","8.4770","6.0602","4.7590"
"","9.8000","8.4957","6.0737","4.7695"
"","9.8200","8.5287","6.0876","4.7881"
"","9.8400","8.5459","6.1009","4.7977"
"","9.8600","8.5659","6.1145","4.8089"
"","9.8800","8.5894","6.1291","4.8221"
"","9.9000","8.6164","6.1432","4.8373"
"","9.9200","8.6291","6.1556","4.8444"
"","9.9400","8.6478","6.1679","4.8549"
"","9.9600","8.6711","6.1810","4.8680"
"","9.9800","8.6838","6.1943","4.8751"
"","10.0000","8.7084","6.2072","4.8890"
"","10.0200","8.7323","6.2205","4.9023"
"","10.0400","8.7507","6.2343","4.9127"
"","10.0600","8.7712","6.2479","4.9242"
"","10.0800","8.7870","6.2607","4.9330"
"","10.1000","8.8076","6.2739","4.9446"
"","10.1200","8.8348","6.2878","4.9599"
"","10.1400","8.8551","6.3014","4.9713"
"","10.1600","8.8663","6.3144","4.9776"
"","10.1800","8.8928","6.3278","4.9925"
"","10.2000","8.9165","6.3414","5.0058"
"","10.2200","8.9320","6.3544","5.0145"
"","10.2400","8.9535","6.3667","5.0265"
"","10.2600","8.9692","6.3800","5.0353"
"","10.2800","8.9896","6.3941","5.0468"
"","10.3000","9.0112","6.4077","5.0589"
"","10.3200","9.0348","6.4210","5.0722"
"","10.3400","9.0517","6.4350","5.0817"
"","10.3600","9.0776","6.4492","5.0962"
"","10.3800","9.0953","6.4623","5.1061"
"","10.4000","9.1157","6.4747","5.1176"
"","10.4200","9.1383","6.4877","5.1303"
"","10.4400","9.1558","6.5013","5.1401"
"","10.4600","9.1755","6.5142","5.1511"
"","10.4800","9.1859","6.5269","5.1570"
"","10.5000","9.2067","6.5404","5.1687"
"","10.5200","9.2271","6.5543","5.1801"
"","10.5400","9.2494","6.5676","5.1926"
"","10.5600","9.2740","6.5805","5.2065"
"","10.5800","9.2974","6.5939","5.2196"
"","10.6000","9.3103","6.6079","5.2268"
"","10.6200","9.3419","6.6214","5.2446"
"","10.6400","9.3589","6.6344","5.2541"
"","10.6600","9.3747","6.6473","5.2630"
"","10.6800","9.3923","6.6603","5.2729"
"","10.7000","9.4075","6.6733","5.2814"
"","10.7200","9.4352","6.6866","5.2970"
"","10.7400","9.4491","6.7006","5.3048"
"","10.7600","9.4593","6.7145","5.3105"
"","10.7800","9.4684","6.7275","5.3156"
"","10.7890","9.4770","6.7333","5.3204"

